label,mfcc_mean_0,mfcc_std_0,mfcc_mean_1,mfcc_std_1,mfcc_mean_2,mfcc_std_2,mfcc_mean_3,mfcc_std_3,mfcc_mean_4,mfcc_std_4,mfcc_mean_5,mfcc_std_5,mfcc_mean_6,mfcc_std_6,mfcc_mean_7,mfcc_std_7,mfcc_mean_8,mfcc_std_8,mfcc_mean_9,mfcc_std_9,mfcc_mean_10,mfcc_std_10,mfcc_mean_11,mfcc_std_11,mfcc_mean_12,mfcc_std_12,mfcc_mean_13,mfcc_std_13,mfcc_mean_14,mfcc_std_14,mfcc_mean_15,mfcc_std_15,mfcc_mean_16,mfcc_std_16,mfcc_mean_17,mfcc_std_17,mfcc_mean_18,mfcc_std_18,mfcc_mean_19,mfcc_std_19
Pathology,-673.1008847151536,38.838044001023,200.00965205685446,18.85288132680224,-76.10267713293506,22.15703158079128,-17.241365657013464,14.000467236761475,-37.04007605066616,8.738672411421792,21.675467959930817,9.7528736352373,-30.57528582845131,10.151703120923196,-17.550433483133155,10.398322563254736,-24.12960952084844,6.961263234933824,-13.642563054218732,3.521694419524337,-3.2775047581914247,6.080962736354538,-10.018232847275563,6.761987018015241,-10.154253041480114,3.2361875127501647,-21.442551607428513,5.757509658852919,-5.354793645414564,3.7476219611675945,-10.184984626755055,3.0368274067045933,-10.050401298940402,2.8548840274223144,-15.869596427806549,2.4414532683955468,-10.499755519312501,3.6717275710714063,-10.585346722007323,2.8260113620133795
Pathology,-515.3213339779942,31.321202683783728,220.36597064920474,22.052500757628316,-28.819150377905533,20.665110532724476,-75.95630563803404,14.59030177081284,-22.89253919594639,9.106366246782168,-22.53058210533228,10.444451947176512,-37.05510568263736,9.330056423129298,-24.599977307930796,8.689084370567427,-18.677479425448578,7.689344881526659,-16.44489526423637,7.557212881066825,-5.123066628414622,6.434772587426092,-2.016004531936262,7.503497108024286,-5.813811157568327,6.2582395225876635,-5.19588900953943,3.9767303416719293,-3.974418499839718,2.615581147171191,-4.510262660081636,3.2803671040809417,-4.412221190916615,4.384866792060182,-6.40685501088736,5.046923398191202,-7.537462380620521,4.909506140782887,-4.766845745860333,5.036232276124444
Pathology,-688.433427545053,42.21732638172177,194.53154083729578,23.813461170352245,-47.49491629261355,20.281106228829792,-12.53824881479416,20.1212880804947,-25.43568071564122,12.799873269965847,23.576022409076728,6.4539696174367505,-22.351623648443415,7.074702816553822,-12.19256465475527,4.687766531901902,-11.471634655676244,4.814787901237712,-10.24547383853737,4.763632233642773,-2.8373272342757896,2.57893305719833,-17.68945378193721,3.8593519726060745,-11.988158400657953,4.706965845077653,-19.514297297522088,3.9857572864976,-12.464523991380569,3.3852786678159497,-19.478336357378918,5.010311237794103,-17.474196258735,5.1548453668363186,-17.87886980650381,4.395337877630134,-16.56099776448657,3.9923991398966634,-14.317768703733524,3.39874524523055
Pathology,-595.1410059400644,40.99454274263145,210.25639077204943,23.383569864086617,-44.10076124782082,18.855482941936728,-65.76273029289327,15.024049897029554,-31.523395715975195,8.8096458720864,-15.23044353677696,9.631561016995954,-23.899247514327012,10.373173978313538,-19.444899771953214,8.361083686210103,-11.591952309397666,5.614950473488624,-16.346054816333606,4.499364760498941,-5.987687408670488,7.316718036513929,-3.9263857311763073,7.112745828003895,-8.523755344134758,6.764112252030394,-11.272423363678264,4.181866771018128,-8.444916232160228,3.156943658979825,-7.493314521561944,3.4537791632091235,-14.04172309529866,3.880212179645616,-11.436074026156431,4.870212338709266,-10.161808449049254,4.804368145383299,-9.644709204072567,3.1997059381321327
Pathology,-570.7867607541236,57.20378734329505,237.71682749886062,31.920998977151214,-40.767765784389184,25.40405788854203,-27.83155593843444,15.884913429201177,9.33377966776564,10.948959059656826,3.7305963145978134,11.921225885751358,-15.462093493669155,9.575879616242966,-10.063901156383627,4.435238188136096,-9.222884065241185,5.2242140197417495,-14.268354924751044,5.980024641024261,-6.153897767189844,7.19832241564622,-16.770074294366886,8.341092257110523,-18.133722473020388,6.365348916572726,-15.517346941840245,4.82341851056157,-16.10121239499145,7.389504613049266,-15.12163625816911,4.993608649232181,-16.889510563980316,4.348497791399485,-13.201755360790484,3.6977003703112716,-13.391432469121565,2.6850387375648266,-11.9586677774109,2.767642399557611
Pathology,-645.1746434151545,50.58278798372432,201.47006533042645,25.230291069976044,-38.385745433153325,29.007400109949085,-36.08068817487303,20.78791188058327,-14.383926838359711,8.138347466040608,12.662056594717766,11.317509536025904,-15.634858014431725,14.055395978102137,-14.71896847001428,6.786745738662052,-5.998206028544029,4.874300306105251,-11.483835787052199,5.37912739233648,3.4244667636059702,6.008545407187807,-2.9934874878822395,7.298871853306167,-5.625698561635047,7.676328219968935,-8.65251805788918,5.134707982191609,-4.492007742172442,3.6903554139881587,-6.563096475526842,3.4785120207574227,-14.937910786196442,4.141676460206554,-12.94756638513354,5.11955675841298,-13.342259739562452,5.675053282023867,-9.74038061574218,4.603934067269965
Pathology,-590.5744755103196,57.16448414198519,235.64909567455,35.20929826679785,-30.294888733546404,24.39580977311919,-32.68783224650778,21.091957152769336,5.6189333566940975,7.932145782990688,10.68226868841301,9.030113591781376,-11.836792716775161,10.163887493375016,-3.1777899626864117,2.9527861210165676,2.969674552107188,4.341928467822625,-10.623437868513653,5.593046306194223,-6.428689644247588,4.382556618270275,-13.15336385338219,4.2861583185901395,-15.809067919532826,4.804562080096103,-16.19706977866791,3.1505311093262702,-16.86223537171,4.172838560790765,-16.87613784398258,4.104742996635584,-19.829307075252174,2.927566045076454,-15.24964259917755,4.023798491281121,-13.703689434944883,2.5975398591254004,-11.363072216032469,2.4619426644768896
Pathology,-640.6398573425436,49.17619273168187,224.6996041084843,23.170697430257597,-57.69618845876429,27.683689508087046,-19.83135378651513,15.028665250109466,-17.795269672835804,9.853291259017295,22.793330564356104,10.666175674539149,-17.49775079280065,6.475217661836827,-5.668053419085884,8.328965101075863,-11.000242585838503,4.209392439036157,-15.829586406643115,7.095331370663958,-0.6778390258803092,4.216471200410996,-10.270272651054578,4.1014803933220065,-7.313362530044694,3.8432930254408193,-16.409972793551656,4.216407890458229,-7.049099793685579,6.278564281436528,-12.501918685336124,3.5252386357558825,-13.012374036278148,3.5610937433824277,-11.252467669693536,2.8576700195314015,-9.267932691621635,2.382874028157575,-6.438401387876759,3.896109676381897
Pathology,-650.3641937731645,41.85560459844826,200.09863628126934,22.634580907093124,-35.898740251557534,28.827353185483386,-2.019487443078795,12.680973342489962,5.629001807853118,12.495521624274541,8.244275591754135,10.667866823542386,-22.45248420702386,12.213507544608117,-11.9354528757367,9.11683995443682,-11.361133235350863,7.355108186060317,-21.0093639255737,6.5503727818532695,-7.671750722655206,3.772368227789488,-19.594184573234273,5.509957079553407,-17.477083143683007,3.8074061024218846,-18.23186907304118,3.3393595325070153,-15.847036987231311,3.211905283292351,-17.236609703748027,3.887978298655299,-17.929363861172643,2.854357131414115,-15.863107496669645,3.5643221511702894,-19.56861126052262,4.278217471744984,-14.646042578799259,3.3723765222608626
Pathology,-589.6188537771832,23.015157616732047,233.3533923840557,15.92978531114151,-107.93488984689246,14.820284811419231,-29.003915207903248,8.35856683497006,-29.420225144696587,5.5120036753934025,-4.215460443530557,10.573585693271005,-24.87315656894152,9.305426040523813,5.981139671422558,7.102268806711841,-19.69163605632412,5.732346070111523,-18.623771168170478,2.8619407297943247,2.7121638099616128,2.9897230687372134,-10.453526263776899,3.4215592262869765,-6.444584919511245,3.015962787367665,-18.3668496258943,3.632102857678606,-15.391073819133902,3.0813250281779494,-16.894536206161984,3.090890208917653,-9.069664237163096,3.1716720870133335,-11.956432736728969,2.710282300150343,-7.918701746052746,3.047106399203583,-5.919943649077445,2.8897863510462884
Pathology,-585.8112291904822,23.78545022271863,229.1438719799895,10.597565348187887,-73.00372394729749,17.50814046814702,-2.708646083293543,9.592147432123847,18.29652236948467,7.552495507205171,2.1844674360169334,5.876209202485014,-20.046206866453215,4.320513402507734,-2.6675158438831943,6.070949634311786,-7.366618234280507,4.062410891135613,-11.047813673825631,5.727343549909054,-0.4364032932205886,4.205406949323183,-18.185396795718862,5.048804851262622,-9.542375455508752,3.487331981021368,-12.291760460232505,3.3505724432475588,-14.0238449603135,3.069905879813992,-8.946865312747043,3.3206201807101348,-11.156401450902056,3.0402396456680014,-16.89878571787036,2.7014481122502065,-15.230825769211371,2.434579594711241,-8.024882434562775,2.2682568108089676
Pathology,-580.932550972236,42.20651675553172,219.99874606343678,23.481409475401158,-82.8028725983482,14.570818557772903,-36.24249179482997,17.26559427521453,-6.525296897127471,13.76919160731498,-1.975549886338998,8.89152190710931,-14.902731159321227,5.6680575041898615,-2.7634143802081437,5.260234069740411,-14.53744611569584,5.975612681438077,-19.153977078518857,5.996882731072429,0.4221590011770892,5.582259980203147,-14.917816269486494,4.519010877007693,-12.447699826281701,2.879466167814303,-11.073593088326293,4.139099640736352,-12.157594122870947,4.656736010500246,-11.264160381268587,3.160367000091461,-11.916217526706442,2.9902568766109363,-10.502287656806356,2.7338081595042407,-9.847031520868036,2.6215776618048503,-5.529061831806283,2.8569400771377866
Pathology,-618.9978445396174,61.244394595637374,188.0730028557114,30.424723510219412,-39.679572921565466,36.12784439652712,-60.99834091700219,23.772844367124925,-19.975049415376457,11.037468090845843,-7.0938512549751955,15.548640343013092,-17.307418376656535,15.292699467877322,-15.076409274043279,7.285668374503365,-10.527271926103028,6.58890145738567,-11.944093722109672,5.8326194717734,1.1981297179643653,6.776554975645277,3.1987429078169143,7.927216946794518,-1.6092564387708355,8.433692484956552,-3.572457946941575,6.072406124791755,-6.715303627950465,3.977955680312949,-7.783252663303173,3.9865277632091685,-12.38059917096336,4.642871803516287,-13.89630521188373,5.852574427961125,-13.077660277680518,6.149952325184912,-11.16110292630489,5.315426080517972
Pathology,-572.8553311299416,69.63337536842421,200.26503984055546,43.92766964169215,-3.8449927604943004,33.230293852080486,-55.226386921386315,31.913603172692536,-12.46994122103568,9.976593631382254,-4.224223524945949,13.716896477002706,-19.069873935859412,17.635712384663115,-13.781195394158958,8.649256987295662,-6.663508450793957,5.540146183956436,-6.7239160036361145,6.475704618258947,-1.9923647368153818,6.221682098393393,0.5412764663147034,9.4474678635855,-3.9861778526692313,8.734998691298463,-7.7175998179936,6.875430714429223,-9.279777720568957,4.830268811130621,-12.478753541597147,4.221759233942802,-15.123364996497935,4.648928371723097,-15.853888495989196,5.508175937798073,-15.77399626071886,5.810246046835077,-13.490296850986253,4.897763561813506
Pathology,-601.8269230351513,51.37091959074613,239.7161649845579,31.94884938651929,-30.61439555098897,16.563758953035638,-31.380639447565983,9.723995327050485,-16.222613886018387,8.65846663141889,3.476183236233698,12.312020107930328,-19.854513673771365,12.21563377551761,-19.325617962186822,4.984347185245778,-21.015213906110912,4.901239337252188,-23.974945997234876,5.94055635312231,-7.302572262593296,4.466185338934608,-19.499848297664418,5.180479384588588,-17.15057303586894,2.7171993102497582,-13.369414898624342,2.284625308730084,-11.89230805219622,3.2179928874674304,-13.095335107953161,4.225460061917145,-12.07065977282223,3.248865421341318,-9.39351066566085,2.3056929831013724,-15.15645497501025,4.136294921384276,-10.290326364947484,2.554517552097192
Pathology,-654.8073651611741,54.70331167743479,204.8904978549743,31.754730242650517,-67.44526854228153,25.256843394136215,-33.99949403627096,21.077086240677403,-31.673601898335242,13.551188580201524,9.128042236959692,12.838460208675695,-35.856496467676536,11.102791552571432,-22.950429568652996,5.773404868790575,-19.423610981721726,2.87586401220984,-19.622660974436798,6.708157088883678,-3.223314923080312,3.5550515590107463,-13.19301066014266,3.630555890057931,-12.065842707483606,3.563789529834317,-21.055819857204998,4.019698745496851,-11.99270740380136,6.402352379492834,-17.777620177583447,5.10525575299134,-17.21656800674265,3.7250419321413553,-14.474760921153365,2.7275681367308486,-13.118537550478642,2.912565094062799,-9.546072430194508,3.499146021888306
Pathology,-564.252943037301,23.066093929125067,244.8832662612646,14.798038899207356,-90.41533225431851,11.243873209645056,-41.95500991432133,5.3354433816079005,-27.89937206222502,4.786864036839134,-20.382332531315214,12.555637146187747,-38.50883000113844,12.836935183979042,-16.735342709473795,9.910350846386953,-20.126013351027712,8.095538694180384,-25.007846263934965,3.7630529608926904,-8.407081873599079,3.4892180986405505,-19.711975639809296,3.9627269404446515,-14.546491302376895,2.4499290467607806,-19.40020911203884,3.697032968970186,-13.4690826576548,2.707884524656606,-14.14002756765108,3.836050482500565,-13.478978961910887,3.9089855104128537,-8.872131415890712,2.636112733335482,-11.002890052031502,3.464384066345396,-8.282119663480755,2.584599877245778
Normal,-632.4783693704435,24.701700790002292,220.5708608519973,19.94924079039656,-10.948435941037465,9.981255554974904,-0.6924246587601613,8.92263591188036,4.039848029952667,10.580744807269783,-0.06898285453097945,12.99098651446887,-33.86742028182691,11.231508473726842,-28.454260836210548,9.864729866636184,-18.542948465109514,8.535010095561132,-22.119982532912697,6.509687667581568,-8.177079708721832,3.5808080796964714,-14.743646201492284,3.890183034933541,-9.880982078052927,2.544495106874524,-6.745525517883346,3.8186971006112533,-5.80011069031842,3.083927266287148,-5.211596042518793,3.772184478845555,-5.263695636900659,4.651881732279252,-2.179487577498935,3.4314485513122923,-7.285607717489745,2.518586401384003,-4.862585529332662,3.843287559001254
Pathology,-279.6033858454701,32.859526827489105,231.25249529816801,18.671524701388805,-52.26143974520449,26.545494481140942,-35.836505222713974,19.113159412801455,-19.051741243653957,7.625445980685861,13.617442363562336,9.967927579964611,-26.23126485157108,10.334406488467959,-14.143128207689928,7.550364279390125,-9.772670989298792,7.293574862040638,-20.46109591928594,6.724167900909891,-4.562059332704482,4.307771827484105,-9.627258100374647,5.097545017752222,-11.820596118997786,3.992085242087394,-20.80546829578627,3.907807671480121,-10.205572841585424,4.142117685663432,-13.382628211657698,3.7744288903512593,-16.761318862730135,3.367164623226776,-11.638789561496099,3.2058499761998336,-10.054946715763384,3.679283819756356,-8.405293762669876,2.692549739527483
Pathology,-610.7397897439103,44.96954960734678,236.33447283316346,23.13988301914285,-34.59533974554411,23.031121866885282,-27.843983840971518,17.09960886684004,-9.901309759338693,6.723727877976793,12.860939751893643,7.204890517176088,-23.246583265589052,5.724715405610868,-18.788339294712646,5.058769141938151,-9.293584630257946,5.627506269385536,-12.910941251418052,6.537344316154933,0.5792737424349791,3.252997160047962,-11.454788728276604,4.213810761193719,-15.32180905683402,3.128510958510754,-21.286562525890997,2.777625559221871,-15.808346081901442,6.3869242703884295,-15.53921605218463,4.215854922711158,-18.436490863824954,2.9513843202505226,-14.580148062658695,2.22014255642452,-14.807858763299329,2.618973971985266,-8.32973840181393,3.0570940132781512
Pathology,-639.5952136214111,42.981449666889425,210.6606941802139,27.39079895986213,-23.667862104818735,13.068887805194109,-20.854810923270083,10.469303773490434,6.3067497293408294,7.196310221917605,24.519534919360094,10.715118392668046,-14.105300405284392,11.910119608778524,-25.542186594480803,5.872987291419,-17.193822218764762,3.892913432358311,-18.183430587458858,4.943775334192294,-7.5097614952640654,3.502533585196973,-14.932570210525235,3.3940157405285287,-13.374353222726068,2.9461329371736684,-15.430867180358009,2.6118906332007388,-15.107033660566994,2.9983408403956626,-12.602241974551363,3.2032353032445187,-13.821113981053085,3.146828461422239,-12.073187166206704,2.9231611669877955,-15.431874742085823,3.0114691439660604,-11.030485351335644,2.749220007297852
Pathology,-283.3923544591435,35.39565796001147,228.3060126174986,25.943103165647884,-72.82982892339426,13.407680489083342,-33.263959936360976,16.238425414321163,-14.141279533156533,14.157068205385567,16.336642512851785,11.014194373959652,-16.440171719731293,6.591194856022339,-2.485370535650684,5.188814911356537,-5.629570532743119,4.868100321671012,-12.762411710382603,4.820661936232224,0.3894431578016625,3.931503809228769,-11.4744080608749,3.5040723958114772,-10.220893104619472,3.2237935981550536,-18.986176616146228,4.377180880326637,-14.36719848557384,6.295310323563965,-17.455797291202195,4.382559143648566,-15.921735561625288,3.3341761391272886,-11.97481004535762,3.3938355533083926,-10.947250325392135,3.319139177585566,-7.934385713818078,3.9985080609214054
Pathology,-609.9873722700444,22.16564124055609,211.17371500546574,17.32621491189051,-21.259887809524823,6.90598839964666,-27.23946802962926,8.700818129606711,18.65221571559517,7.169487211636502,13.627225614747644,5.539473793998893,-15.15501800316716,5.796848541250913,-13.201622874283172,4.114361861817219,-7.44099542638707,4.297575616892624,-15.099961342874417,5.72730571871564,-8.602663589047527,4.61496200916463,-12.014905253315666,3.1401991248028476,-16.502219620994552,3.06678348864971,-12.346195807878674,3.9322180220254617,-12.762540671951221,3.922615831833654,-14.81690775701774,2.594921428041652,-15.921203045369417,2.8022239206606403,-13.078617332268996,2.6284229478330525,-11.377940752802758,2.1117857821795893,-9.547631313007953,2.8556586048717807
Pathology,-237.22680784068112,45.30695298477652,226.48766209376447,24.138114972578126,-35.493482794282336,28.9040815526341,-29.005843093566607,20.645564489390775,3.941929975628112,10.567091123116311,-19.611159486560933,8.594940036423521,-19.085217989053145,9.822430657444277,-5.504287620750767,6.6354645645541295,-13.18481232812645,6.244976278781264,-14.962866537381615,5.793108887232519,-5.6807965315688875,5.737357020176143,-6.265161803583244,7.142809201050691,-5.114348462192356,7.882165811273127,-7.041419156497581,5.950529833186891,-13.33979830255387,4.18428091971332,-10.54579619592535,3.313451411235696,-12.721230880263157,3.7888211331195354,-16.472373806756668,5.003077086546957,-12.505341736884844,5.103168070217156,-11.957698411500473,4.325955008979604
Normal,-685.4230402865188,49.52365952766658,208.65719052460628,38.119070294925436,-19.351420334345317,10.362754818463587,-4.620046698256244,15.46183591818977,-28.24498080404752,9.872725625268947,19.592539870340005,7.68633487005813,-19.472579241564336,7.244186021699596,-12.772302351426374,3.9980843145400287,-8.868234451344868,4.560797720914771,-8.163518100618985,3.3923043471864065,-5.608607863114034,3.0153703615999747,-21.640524570313087,3.090945081012479,-14.343020608631296,3.162695024949594,-20.141734135897046,3.83561184559531,-14.061075150014752,3.8298796390909855,-17.773126026926153,2.532672376750435,-15.04327702936919,1.9102842535552558,-13.449502752332549,2.3326043466636115,-9.99443920856334,3.050067987803152,-7.2051511971329925,3.15431387943998
Pathology,-586.8371505520886,43.36193020306159,248.88158395317208,27.36186965095372,-31.864549571456294,15.541598654632887,-29.23096670701324,10.524694901870578,-0.6989666837152796,8.949304796182194,14.647784018864614,10.327402365673654,-14.395144277773928,10.029007593297148,-18.5949333346823,5.577583500477528,-14.147391829233536,5.6895983381473965,-17.09434130820682,5.451515112022763,-9.022610542275237,5.0853182209312955,-18.916376370852404,5.6470728332570514,-14.146485881202809,3.7334654696401715,-11.091914232131897,2.936435712237424,-9.70438102748799,3.0121234448178202,-8.785084168660093,3.0728631834197935,-9.432036543437373,3.9595473387248257,-7.180909629421193,3.5225655139884124,-10.894562448955915,3.1034917508273208,-7.646790229858389,2.8513492876434983
Pathology,-618.4644562283185,28.567618624881028,228.66722751024383,21.59143267257336,-52.04610625740397,15.352632123072956,-9.759443574242134,11.834414709885106,0.7184674511869823,9.860744690002011,12.568382744414409,14.2567060824336,-31.771960558255632,10.740532581883405,-16.448021957264935,9.964345225868929,-7.230133057334676,8.93399034256693,-12.882571256010186,6.0881138007271725,-8.4695386694144,5.212340261147448,-23.694539282069755,5.073403332286088,-13.544592935438631,4.38241177988147,-10.774886212797155,3.2411635646331614,-3.466665234759434,3.0252425157078795,-8.804448718078993,4.495541581365978,-8.138764210258067,4.463205628391188,-4.166999568896034,3.5827717249685445,-6.3325561740202705,4.8264134431596375,-3.6718970723612183,4.677977783712218
Pathology,-652.6063139500015,77.01252443043914,205.43391189563647,46.658829171390266,3.0327978887716127,29.87474337093022,-13.105770795680117,28.609126579959383,-5.539007356246438,13.25401078765071,10.211015103375253,16.538210266616343,-12.020848248790625,19.45485642737474,-15.212671300400476,9.45218383590836,-5.275146878186255,3.95339570870079,-9.200577665541001,7.547759976950662,-2.6888749500555287,4.095334630697563,-11.704956357473291,4.885597503458097,-13.658837994058686,2.5437256126588643,-13.477030870023421,3.205651550577484,-13.075193543768606,7.020218195705877,-12.793448923379557,4.849496308425103,-15.69182944483973,2.5873061936051194,-9.4318866303804,3.414856627630615,-7.524467198477679,3.43189850837354,-5.091182314657885,4.593313643553075
Pathology,-278.5882594265509,46.737887928168455,215.927308094415,33.17052488502003,-7.2964842436687185,15.31296350703598,-22.252363406737942,16.54276677702806,-14.688165318075233,11.295696045253631,1.653279046486996,9.558747331509975,-20.40851326794808,12.99078218940398,-19.631665233029437,7.194781243731977,-10.668600560587901,6.016590298973988,-17.266203319132146,5.644101214908147,-6.974376385954638,6.397914320317877,-10.453946328371158,7.958265969136746,-10.368009599197118,7.402345850193608,-15.165076684458834,7.32272763046612,-15.986686439807583,6.509028579306062,-15.289238479144629,4.398304253244636,-19.840826072775368,4.139909461773117,-16.779535899032012,5.475131428379797,-17.192291873486504,5.80754049218941,-13.09740481648795,4.624651657869563
Pathology,-551.2195275293753,82.05873163625526,235.17046040310964,41.56069606996394,-65.86850624202441,45.08562592368113,-66.59472192993185,28.778319961114896,0.4024534115338736,8.638103770241768,15.522193300273184,9.994281732953715,-4.628584136169021,7.961558083369815,-5.86209354689047,6.7718686801556585,-9.88133932844924,3.68250047426843,-18.680205286442334,5.261601004993361,-5.243191173417133,5.560565869165662,-10.250479257355083,4.58768538602487,-19.84758148025962,5.668984007017345,-21.74714026580298,5.480344023269266,-17.397804466861654,5.960519150374122,-14.038879945692727,4.4648969103095455,-18.702703903780318,4.238781359840749,-15.798526941282645,3.5780685735079123,-13.612926003701004,2.9311718228299384,-11.686287029390472,2.986026033796165
Pathology,-726.9736971045702,15.413617331156635,185.49324726614785,16.626349865632488,-32.516535379864365,8.388952624984194,10.457496307201994,4.239874451118426,-29.630905030861634,6.776163149310555,22.84802351499413,9.168410284016547,-29.307573539710127,9.504601245637936,-17.572101543600517,6.770721352286584,-23.658427583889406,6.332308622767738,-13.211899255180297,4.444990740852998,-3.604872452349316,3.180466704596082,-15.678080061645145,3.639852569763263,-10.518758769312317,3.0398321783643993,-14.07768279827391,3.2384101632633113,-2.1341199036751264,3.573920845595196,-12.334816401877998,3.6002848989845844,-9.827087291843675,3.8393649690940648,-10.753476947593995,3.168362563844075,-5.4584184764894506,2.7110394744260153,-7.070047238145019,2.4672769698146664
Normal,-612.437719596831,94.24362931553132,198.4783718327561,46.488739610930345,-72.09846565524681,54.51551382858929,-68.9308769134967,39.35422168174429,-24.02555388944478,8.014954259306185,9.293143739612079,11.986716937748907,-4.230730547520061,9.857408061953764,-7.608936570214497,5.581854926221012,-12.449207446629725,4.246655358414863,-16.001071420615375,4.994420581911216,2.4277347696008147,3.669087056963376,-5.982915115214637,3.96903081422757,-12.000085092856134,2.784578335880286,-13.94632946435647,3.7110202695260726,-8.110791559759802,3.056160154283179,-6.457624764197656,2.0560491824084655,-13.99003342626665,2.808680428319785,-11.078474923428901,2.3631619053066975,-8.653582727555523,2.3772693706035297,-5.598287542943559,2.714562423070473
Pathology,-600.7038166314142,25.35891946253312,232.02444328306882,14.430285986333027,-33.262700304675,15.599334266873491,-20.737244210830468,13.284017525428519,4.341467657364945,8.694713367758226,4.734146899585003,11.361187052821837,-32.83863322937039,5.93624088054907,-30.400402276054994,8.009811752276155,-20.65122937106714,6.668025129811621,-24.089861151875205,4.933699502549289,-11.92095937712596,2.378404494313003,-21.48431884582809,3.095692919932024,-17.23728438593563,3.216365290190407,-11.359237922352463,2.785412504454249,-10.764783322041938,3.06286313809578,-11.991154785476956,2.470569354027057,-10.755008832008839,2.9129602259055893,-5.8300569369490445,2.8121399412123247,-10.581789466931905,2.722989380917692,-7.978955014737323,3.597652675167766
Pathology,-619.9278868945875,54.97977313625762,219.88520641530818,30.277689745690022,-25.97976492201693,26.86357683956958,-17.59585538542871,20.398371244199407,-0.5023774540785322,8.446229324860566,7.628303337210871,11.889937714656847,-12.03263001469424,9.164578038526484,-5.872932633671642,3.9059385220447123,-4.906905849045275,5.225292735077932,-14.7118069007748,4.757258433044727,-6.3770546793079,5.314331245278021,-15.889317387918641,6.2556560870844,-12.957479106905641,3.4847065724665622,-13.053471640893834,3.1224054382304876,-16.475320905335103,5.778138841335307,-17.62325889964433,3.9117893543744957,-18.584590318244654,3.098915930174575,-13.686634612343978,3.369090394163941,-13.699718376413186,3.007298143613291,-11.787762977836438,2.4725538972210783
Pathology,-566.8622975943616,47.0155432026439,229.3522181799233,27.3805476295073,-32.045277356555154,19.501856553757253,-39.77388155339464,15.060639914611206,18.011586887197804,16.009674714326177,6.028221157503189,12.799682598188838,-22.773112301230125,12.444442516184175,-18.346387396459654,7.6582949924324994,-11.190198101895664,7.01162162772263,-13.313217398777985,5.359648489380749,-3.159776353366692,6.1192622298745025,-2.549150924675328,8.348167049747772,-9.202961540806024,7.411043675339994,-11.740205471095065,4.934287966295289,-15.041420452472297,5.721280683631027,-15.294406537917773,5.722038649267535,-17.110880930830366,5.771750289653499,-19.532682265068384,6.307571939895863,-18.586388274212,5.648008947661446,-14.93501611028687,4.109568564716829
Pathology,-600.6625044894554,24.506273016875333,237.76773059832985,21.40304541703337,-63.45348748604025,11.750027816615088,-29.54749424194889,8.671787382882185,-25.935082002808592,6.088300063935213,-9.99930827636578,11.887429862018763,-32.637937117758185,12.420834304185394,-13.55234892702494,9.116259784900029,-21.879638333273277,7.311146916526337,-23.054310290278806,4.61818316720036,2.215500889661794,3.95864637104946,-12.95202105032504,4.510860012336114,-14.619025088091966,2.720779552692763,-14.547106201145644,3.6213491715022874,-5.280563073881362,3.6175206024093405,-9.151716648512954,3.502464650553076,-9.331176412406354,3.9236571388314423,-6.4574097449316215,2.9701201186581185,-7.064250137388226,3.724204728026127,-5.744766807682411,3.5870294285446906
Pathology,-635.9663576501381,58.04478345537678,209.24400972051455,28.030068289384065,-79.6996974382653,33.22361159515116,-40.023530256104564,25.43370609859398,-19.67424510116671,11.676831170711472,20.332549335329976,8.93695081232985,-19.361109820184232,7.564681774439692,-9.476377790087644,9.369381139255763,-12.29075063656448,4.16123778647703,-17.650281438414424,3.3885394581414574,0.7675242234432064,3.6265015044223565,-7.883591602665034,3.101718148400559,-8.861559162836684,3.9618482169963833,-18.976015117288725,3.3684582934069107,-7.911442370734559,3.9763477024733827,-11.043666896751555,3.4664140117019797,-15.640972563254424,3.8442315269717624,-14.051932913242878,2.262868019647084,-12.146272587724338,3.191558289185544,-10.434234103756378,2.6689574847646607
Pathology,-548.491153347953,60.47693149558786,248.1147528952282,30.98336918619016,-87.24694874790325,33.946422413307474,-45.56975730056372,20.257956946793982,-10.608230181440778,11.094826408550885,-7.841992730082578,12.667248557536714,-26.730351871067572,10.989703250321222,-3.93610305852615,8.681987136127924,-6.4973676546351395,10.496278920383737,-21.826755101807972,6.535999668554239,-8.438215013657445,6.724394419145928,-14.979336736921075,5.234706303351627,-11.600901685665603,3.9252049061904914,-16.863638547134435,4.789968145127861,-13.287855164715669,3.974274894447697,-10.465276921461951,3.62946774859838,-13.241825623730582,3.8567580434010873,-9.987253177536871,3.2855488496956755,-10.175798640462334,2.8871874039902305,-7.808689756902313,3.583230798605225
Pathology,-656.0007330366719,27.77536408073748,212.76562398528907,20.54647288403831,-38.37502102713712,7.84559676237835,-1.899867676985223,6.320960537980049,-16.833231402794468,8.664189832625366,-0.9488855449460362,12.303146671087019,-34.096315700617964,10.543555958595658,-14.338190443431982,7.281951335318074,-15.143208370181878,7.9856881595275455,-18.254689597811463,5.69314156963705,-2.026491947070833,5.0397540208463,-16.36095680074382,3.500356075510185,-11.809781766301036,2.3861617107833935,-10.995296762983825,3.1788851022137834,-3.5313514210914683,2.5240677199569532,-9.432045156496315,3.1871839875793944,-7.025308760747826,4.369550200945642,-5.694021000727198,3.246968242627408,-8.742219780670775,2.834495984063452,-4.907731772774822,3.6745455399854783
Pathology,-651.9060429972035,44.958942723280806,208.07158071448202,25.276318111704224,-70.37338379712834,22.525996225674064,-34.796408432489095,21.209313653843793,-32.54233969133376,14.75167373055532,21.896740991147368,11.029540976149809,-23.48672813734769,8.09924762061383,-17.28845755644626,9.520228661696356,-22.509998269737842,5.719811794875492,-19.89163519567836,5.941065299277438,-1.2152371444803558,2.9072584125409,-9.467883900214199,4.203520180568771,-8.294816989365298,3.802258999601978,-17.754970804417734,4.184283142970281,-6.868165724796422,3.3009891036998438,-13.083894292676716,3.9230865273926714,-13.032968488730623,4.738749435825648,-13.195829720183696,3.475063225513568,-11.029199091927712,3.155526860721518,-8.697111920773992,4.369306500009311
Pathology,-579.578427057777,52.63175213283477,207.99586168450827,28.441160412248443,-47.79510501186044,31.089132659151165,-78.09652647803254,22.858125542375607,-18.40523580163387,8.465096524697687,-7.34883127443012,10.872998178815294,-25.35354194740743,11.205587397098899,-25.485501391370846,7.707225518378231,-17.465830951822035,6.090513199161827,-12.4228219304651,5.6927078327529115,-0.18783912556206261,5.99535066757345,0.19537587138426996,7.372300070961848,-7.424169282968057,7.3695467133183055,-7.560748761668777,4.735723095954318,-6.759010966852533,3.459133325283977,-8.388419507917419,3.8634759993666163,-11.751950472785362,5.082685170842798,-12.646720853010242,5.8720055431798475,-11.823297935280031,6.177185185064217,-9.679379589193971,5.117819114310659
Pathology,-552.3096325515162,50.47817394429277,215.24391144992856,27.399455743424152,-42.814056303315176,24.575063050733007,-39.29876138629525,20.57226038409206,3.78639693323727,14.204602255752237,-22.724062444331093,15.460391145187648,-27.551456727234207,12.943053160736767,-13.811236560850698,8.183317344552414,-17.235525468834435,8.981409731683344,-14.217824012305833,5.093706417546697,-4.929868369713843,5.349632506614117,-6.847889004957206,8.425290962763995,-6.570241579107008,7.202844122126505,-6.592355045998746,5.253792530702613,-10.725822365705103,3.8890881987057466,-10.24103882351217,4.024259516100091,-13.055377942777154,5.130501666483025,-16.034914138036303,4.716383223659434,-11.803201464236416,5.533215743427756,-10.234363140538456,4.770545243068973
Pathology,-689.2382723943606,66.19128992544104,206.63033420724045,34.85741242041153,-33.339332101384336,37.48415878325013,-1.1246658362156725,29.556459471519524,-23.219637594193124,9.959248962473742,28.848946128994275,10.385040316746892,-11.477878632627412,9.59148111324157,-1.2398748028527318,4.5063320138062695,-9.351721866601101,3.7567987736263033,-11.097692875847983,4.094292463781294,-1.402911099760079,4.47365556598957,-11.98419164446152,4.478862280688309,-7.14311828296464,2.7727831567982095,-15.450711047155092,2.4562121505076298,-6.214367819223716,2.9917546767017074,-12.860230888515579,2.4775085565936514,-10.845233515531909,3.2673517946069843,-10.536428833288602,2.9234343418477864,-7.689492012938966,2.8007156997482916,-7.407140462050086,3.0262189288618546
Normal,-553.2158424526095,65.73883601935172,250.7466409141783,39.81686127646582,-48.82930518961832,26.628413859931722,-44.159094531661175,18.034024177474482,-11.484025670583378,4.201818846461624,-5.921081576716847,11.155167777197475,-17.93053334733975,8.859848007224526,-15.373755846456,3.586033938072142,-17.70022566608407,5.025418415209109,-25.615711333138943,4.801225350059673,-15.30647643206905,4.118870949431768,-20.98415308908989,5.557807933876144,-18.95525593899582,3.465140639085877,-18.501751660472625,3.0195061125700624,-20.259055164961275,4.416774896903582,-16.651975427484537,5.213747141847543,-18.46449624930641,5.580665489689569,-17.851937790260106,3.5979696139791986,-17.282267473078168,3.4940971248342914,-12.17944489212091,2.513300423460182
Normal,-667.9434116976657,67.92633694634542,187.81803710508845,33.53252366175299,-73.78224904933596,37.25499894308361,-56.805221318228334,35.53779920320916,-46.89510481232912,8.092495190644835,18.570952294748285,6.402547440668663,-15.501284921432331,9.150210855991677,-14.362884096551547,4.4607858259541375,-19.458466724509567,4.411728301656088,-18.876452920928447,3.307172159630688,-1.657433506118931,3.772352756577697,-11.395309625856248,4.606728436452272,-11.162398354238148,2.817426590859078,-20.521805826724602,2.718753780809811,-9.67793064509422,3.6153075847010285,-12.146812897087141,2.6472604039796366,-13.330910910459506,2.9484134946259672,-13.816339167369172,3.326347878128759,-12.564117858216,2.2426075963505343,-8.97735478696897,2.5896360934537648
Normal,-253.2499480080873,31.63065412898981,203.95562303719052,20.033403422237022,-50.87794116232046,18.076017118739717,-13.487192378040358,13.57009723685905,-37.616689952287196,9.165919602039159,23.46682963419154,7.513272835369952,-21.081925204776162,7.238812443790866,-2.7422857165304833,8.043379438529632,-13.318341000942898,5.170898985684864,-13.215500066022738,7.117431022989495,-1.2031040205422956,3.526098901500876,-8.160362521418273,8.36120576178569,-11.463988299983813,3.8206755336829636,-25.66585449926652,3.9745432544765573,-13.587699642333762,3.796965282833644,-17.785589047228026,3.452988584727782,-12.975547284806531,3.749851358874499,-12.773772564922131,3.684515551745576,-6.5183034024908135,3.7118044599160602,-7.566436519484888,2.912151383452162
Normal,-587.2259380033285,83.0208521400095,217.91715321539473,47.72866161952895,-42.90389244821272,48.81017515357085,-41.783725939446896,25.064996468390422,1.8507689177856548,12.332908440284406,4.3266680400531285,12.567247834173237,-8.11800587682001,8.935432974496534,-4.495038346186618,7.575781847594371,-10.002428179693705,5.096932438533689,-18.854916952042593,6.6345190218565815,-2.6830890269461913,6.487480993347936,-4.8785706434999945,6.49351988524752,-13.453196490028684,4.309062540464003,-13.056567898739152,3.512587000448376,-9.448051094586189,3.790008355203719,-9.267520666415344,3.269021816295395,-15.955975449463534,4.025777324271507,-12.425510536650163,3.2461519423015175,-9.270720851111127,2.738968557797921,-8.803058053273459,3.0240510253620156
Pathology,-638.8912973679844,55.15534188124478,216.692960333986,33.056371982291175,-37.97337166098239,17.60729003667419,-5.6359859418088485,9.458772043722032,1.7423440943651993,8.527148327390524,9.157527248135791,13.958819931097139,-19.45156627048304,11.843731927129227,-4.100774941377173,4.103430491105788,-7.848492457740259,2.895045992571977,-21.97010439309135,7.393770399482848,-4.978647697554573,4.664534119832488,-15.103531576841947,3.5743231136925346,-15.845134951423207,5.4382065402561715,-16.811788555906933,3.6624883829914276,-12.63511545973501,5.216258325685884,-17.147178456725246,5.056558160327201,-16.501522816694724,2.8739881580417608,-9.946892735278952,2.330285522262705,-12.387163187175922,2.2227943498184843,-10.045912817388915,2.583362089275189
Normal,-687.0588945736266,33.23449802782683,191.57125890372677,23.83893519798786,-9.146425520236493,12.227983259382631,0.4906804352358781,10.846248750999887,-6.657519040733252,5.206936308898555,20.334279923792444,7.911799029767723,-12.042159221455952,9.665627269475559,-12.136830310705385,4.114811263415109,-4.458928738741611,3.529253498238798,-7.811945826795977,3.1745130979291494,-1.2211387370602296,2.4756500167009543,-15.515143146004577,3.1468524193505165,-12.945552374023016,3.546262902846444,-17.355328879963725,3.4527288006510553,-13.039262855421672,3.105016546154273,-12.010956248521845,2.9778893706095766,-12.281899351502199,3.4193412340704676,-8.22929499785919,3.6853899682707607,-9.092433272194931,2.9541291619659003,-5.468295659491595,3.37526178833879
Pathology,-638.5930427142935,58.818980240769555,215.17827936732647,30.528209213539334,-55.96313675517867,29.132610041532054,-42.88787402735804,20.635768647276684,-33.85391550520193,6.795006451106339,7.7256094450771355,9.500491788869352,-25.4581952687348,10.546598258861927,-18.64915766033293,6.791607872070895,-12.399498596443573,6.448239756231304,-12.970331750279431,6.995535300174702,2.351819304806923,3.3292352603194404,-9.767122207629255,4.3782250855008575,-9.93424479498681,3.0054067549063617,-17.870026102601518,3.8928941232822774,-12.046883255758631,6.500579496425304,-14.26602501068674,4.213683755972112,-14.717947361427608,2.9780707949726493,-12.450252430686872,2.864764691334344,-11.842428718819228,2.549294894716219,-6.38652775728378,3.6114834963967533
Pathology,-591.1779172253141,42.07229427975832,236.93080158931227,28.362721089817953,-59.974637388268796,23.71615306078823,-42.52471845853293,23.949355698767278,-13.86016372125613,16.405406753097502,9.86905659067882,11.247382571034764,-25.29956823902298,10.245193325472565,-20.814899430172197,11.136864673814626,-11.472525127222879,7.906486614984072,-14.870361987456558,5.2042464136953015,-0.6162043620678558,5.306447235727248,-8.95806432135041,6.491380784423189,-10.697798012505853,3.402222969660374,-15.321734553576814,4.962399375808876,-6.292197591304359,3.3567543967819167,-7.709178518722716,4.348628730355401,-12.287696377158927,4.078823040660245,-5.361370763239155,3.2981705589359605,-6.505613592673212,3.7859287985201324,-7.254742229296562,3.896430277000327
Pathology,-669.2220327828301,37.57768205564462,194.79383573337506,21.591137796940927,-69.44812798466286,20.704411594169976,-13.349366210651194,15.705276269698603,-26.180545588141737,7.620413969084214,14.580339913645494,11.669409577824196,-29.33869663481111,10.663120207144152,-13.994360829430503,6.581331253481016,-24.04017696781866,4.912513980304883,-19.9953399378439,3.719856301824982,-2.3567350770003066,3.4559444134446435,-15.317164797763663,3.8516853105001307,-14.183798452088588,3.2635835499336396,-18.807319167824033,3.418666360703733,-7.525724598445263,2.4492293288192744,-14.825432887134099,2.6832082417536003,-12.498983726162972,3.649026853847412,-13.511790709540017,2.843014905777466,-9.413929099694744,3.67152136461722,-7.560164350035237,3.733359797408277
Pathology,-594.2599550892791,75.66046548691888,235.69405412942575,44.24783229680571,-24.921724630691717,28.197570350174118,-17.874328060361375,21.769466179893815,-13.424946413951849,13.407621227000623,-10.968713010510804,15.59760280333272,-17.95764350181973,11.987365609380415,-10.641106757250759,5.933850327715039,-12.449319789109092,8.86231265482771,-20.8471835613024,7.16195032631549,-12.257358676517127,7.2274666496411,-18.802343681696474,7.489943483917631,-11.940935279607643,3.573991745955367,-13.816952910869178,2.789149755167739,-18.382380589647802,3.950804612440804,-15.116954671853819,3.1053666752402935,-13.931892259122387,2.7546637196782338,-12.233729988747319,2.913828957729064,-16.56629831284395,3.238998769057197,-13.036828348890918,2.8049169956714763
Pathology,-516.3625379978612,45.70231879444506,237.7218559646203,26.338059791661937,-43.26160242796625,23.539772264181128,-26.953546703514505,18.66984684142385,18.956605098476125,10.182233925557693,-20.203669535000973,11.577636385210418,-23.108437747098893,10.100483545348933,-8.563466766176392,6.995513356870039,-20.50588436875425,7.356203073968444,-18.47031864901798,4.962313549505866,-9.278886546091586,7.36805578173018,-13.52970457265772,9.690171879026256,-9.965689869717494,6.889715066006596,-8.118568733024055,4.8244407767391655,-15.002695436510932,4.275870052685613,-15.05057469284681,3.441242933789652,-16.48491459665146,3.9220049455577306,-20.2749072916447,5.012416504636053,-17.43976419369391,5.225493585977875,-14.389089250475735,4.24208794649106
Pathology,-563.9092584036034,23.845525924860794,226.889175014832,20.427368901763142,-41.16783357520606,9.116272138265893,-55.62964485535411,8.166886037386647,4.469943386139753,8.793528621688953,-2.429941561803603,7.472481821483221,-28.441419154822217,7.206458925663442,-19.610002865530763,5.909357249244344,-9.012316651809515,5.165206477267012,-16.105791505260708,6.2577892494366,-11.602914336364012,8.144168892467121,-9.41529037247194,8.10882851445864,-13.36990524910698,7.535875636473987,-12.741960660365791,6.699384000164187,-12.283364515332716,5.3895144317598,-12.229420897643132,4.01265092880372,-13.530325411274735,4.4465214686290375,-12.364183684111008,5.031353058605017,-10.645297580026787,4.029032562737109,-10.714932541616285,3.3494969281653026
Pathology,-570.0914137050818,46.45641647261802,237.66307418805167,24.653446699719535,-77.32686488479052,26.64706963397858,-9.381967560447706,22.53947313489448,-1.4792089446808228,11.156848230930494,-14.119592137239346,12.129929178142852,-27.561574519719105,8.911570813565433,-9.260964740261537,7.991387811671845,-23.356546153724256,8.274330464243338,-22.731087373285884,5.772481438192635,-2.597261694091405,4.345596532120343,-19.03920855492142,5.218952296222262,-9.541196175097413,2.7464298546810046,-8.678583364262483,4.243707778958042,-8.59138729654838,3.0398496838751643,-9.303713061170642,3.613738348054264,-10.01850737094059,5.19645867369139,-10.167422450171514,3.465820752188033,-9.608174781805841,3.2794077715156185,-4.831050963471168,4.550079238059651
Normal,-592.2001318768764,81.49087368484004,224.97237805936862,38.598106395767736,-73.06689259682379,51.865830550234264,-46.610793422029204,33.89542160565331,-2.3672985018031145,6.727289325687541,18.94627789564348,12.978213209932148,-6.476391794818888,10.335291815893521,3.3225091630269272,6.523380555885886,-0.8310250586758092,5.591628295836042,-13.785128935281929,6.615827873251754,8.336507904690704,4.596150589539104,1.5499285636514402,5.553880751734777,-7.183111058380049,4.086966003974795,-11.357544631318834,3.3698978751135993,-4.565035343612195,4.444318031437532,-8.319368494441234,2.1864808569009413,-15.745002003035282,2.7603719843715795,-11.168581049136142,2.5978633781312426,-11.243142306251368,2.4471035525559457,-9.231601712380618,2.9886735243427345
Pathology,-554.6631029817927,69.27201763437364,237.2263855310218,39.95719932849757,-51.72616699475396,29.87916297767696,-34.780423284588345,17.259496033160282,2.9854719232270415,7.42276951383686,-7.683887951333814,18.08220555946118,-24.613358681084364,15.02861250308054,-19.117207152694085,8.682634641494866,-17.516606243055563,8.825821932874947,-19.420275283707173,4.939156315769309,-7.9752108276148626,4.350392774537191,-13.87137316868905,6.190897491289357,-15.83669435197319,3.0318700885406558,-14.908763923306529,3.4502955665791797,-13.470279928193765,3.6173875431410667,-10.397436696769997,4.512375845911272,-12.849096179514984,5.563348175851655,-9.285703130036444,3.9853372782038097,-8.054496833576657,3.31117617631777,-8.044302852003595,3.235890893594303
Pathology,-720.2702166406001,69.53745588993411,177.2909169336465,35.28118516845832,-42.20270016088373,36.16864105227735,-6.414778899131196,32.070288126770315,-37.407400135421604,13.61805131967167,21.93356018811895,11.522887026768045,-15.220491270900707,6.238571969057191,-8.137313392435377,7.923708528907848,-20.171630185353035,4.084732593468478,-16.384762170760066,3.2200122827042894,-4.044961736800688,6.989960979357604,-15.351147139582617,5.116469987524223,-10.515814656813765,3.1948110841085473,-17.404199911499898,3.3701977090425386,-9.068839403373904,2.746304491566402,-18.28645286118435,2.830221024144099,-14.801024265440201,3.2922295877246186,-13.510183769958857,3.123739474353336,-8.498634472997466,2.3157553195069234,-7.419189350015048,2.5086892499280617
Pathology,-583.5125364424941,70.46477420679099,196.75482619271716,42.08557895136155,-6.463844045545323,35.42888663808894,-48.21472456298496,31.342503570548917,-5.999291809782688,9.885629354463257,-6.171338199542576,16.29333198472075,-20.380666602854618,19.52233936899549,-13.143055035002586,9.400838130067601,-9.35887389298414,6.721610947922934,-10.676785465101498,7.4223281834832955,-2.630322159546767,6.235828078408824,2.920281832497193,9.298969965828745,-1.488668307781118,9.130692798090406,-6.282789761359579,6.753480550103918,-8.81478202039241,4.452442513119463,-12.48318947455572,4.104102599347742,-16.00118058000525,4.612935222234043,-16.42632920874904,5.4752439252906875,-14.59680120860855,5.895593371394225,-12.52312541496286,4.770560446850078
Pathology,-633.5362211607222,47.92771695257574,232.2444597788718,30.677642176390787,-21.970032428110873,22.22464245662178,-7.756040979293358,15.241785841435295,-9.354406725255817,7.171557839087772,10.618944207438124,12.054119704959597,-21.799456022315997,11.902732769448729,-12.096212461737903,9.996214256502322,-9.637706122853432,5.102288637391158,-17.977768880058157,7.445479616740484,-6.387447294147697,6.344521415614443,-16.34990862685553,5.898171051077721,-10.49676181117641,3.267630917114543,-14.058243059888179,3.5375153675211046,-11.166275038448992,5.021525217001927,-13.650380496541702,4.82996080120456,-12.968646828327719,4.208555178502719,-10.560003138274656,2.3314872764013463,-12.901199872891072,3.901587444924181,-7.297759166930045,3.8991266468511157
Pathology,-678.4656778825492,59.67648253880794,204.0614303958653,34.440517538433284,-10.326503974351612,24.340477358065055,0.30997595091159463,17.980633479366038,-10.452611280283836,9.689610718518331,20.721129182222203,11.469809193133976,-18.03189335873129,16.51542870606796,-16.51683644418086,10.829099698244137,-6.04950097649686,6.292281436707345,-8.693704420545348,6.272805184981708,-3.209138265674731,3.8142707362261445,-15.963458377106386,4.369909268125263,-8.923647560456295,2.8497098190409615,-13.086173506672715,2.6172690089739854,-10.690901375232297,5.8368334733416605,-15.075357153829524,4.723166389921377,-15.444253026321372,2.8597253290498874,-9.607578041917145,2.5384232214894933,-9.903578777575866,3.4321546641416303,-5.820667450371614,4.832072890522544
Pathology,-571.6123061352663,34.15467212100004,246.37975655157814,16.974744968250125,-82.559567523708,20.635371245830278,-49.83296836913199,18.19301251760575,-22.007386083190593,10.823871672105344,-1.2020489899890614,9.87298178490142,-31.23157200438013,10.52363655889127,-9.064128394981338,10.67867857623403,-12.35063086993162,7.622496875426909,-22.99473839046446,5.854042367024129,-4.023672664447399,4.860896401683292,-12.936726637186455,4.031364133166544,-9.535915812627415,3.0726177294569026,-12.062104952848252,3.243789048899773,-5.058600523264272,3.7901399510730127,-8.06920234673691,3.5243616731975265,-8.904037992274674,4.502266404037204,-6.3121865572681335,3.6250883896945334,-6.41631204894105,3.8739383085856463,-3.4750525447464318,3.86560160167665
Pathology,-578.71628738144,27.332803753491458,242.2670963363547,20.28166296822621,-74.16764248089505,19.265945542834274,-49.50613477684151,13.213552049687003,-23.796460144797,10.388770377644722,-2.9177798100968815,10.713749891499408,-38.04715097476418,10.55971991236467,-24.12078457957052,8.524092973531745,-18.081660577840044,6.167578264165145,-21.153136565685326,5.2076161792813735,-4.054626456296181,4.271400462057105,-14.775523507265012,3.9704584937791254,-12.41345347081405,3.140757681480815,-15.065664311442804,3.384743744581186,-7.317837343569582,3.127374918203222,-8.38439409931404,3.0556336024560515,-9.696033699161397,3.33139001111182,-7.530641189377206,2.769678274922284,-10.549881586154115,2.98597304869429,-7.085435787415052,3.0749624156678683
Pathology,-402.97499017984654,39.37588822941987,207.13676955351048,20.952915297016165,-15.84752412660535,32.432056037050394,-35.3986493953219,25.12699945115734,3.8985639594742243,9.955418007610144,1.4320495179630255,14.13660397359423,-4.74569746685498,8.481120955534376,-3.8175518724612405,6.494897701421861,-13.922545887799181,5.878796235119065,-17.139080728264535,5.933045974694266,-7.116378302223705,5.925237618561913,-11.45664438063328,5.3280283540614395,-19.386596918457194,4.64758759644331,-16.019628586323623,3.6574672435494504,-13.870267225935535,3.7641089676071124,-15.448754646123918,3.2816676248009893,-17.177550600743633,3.170363312305068,-14.860606233263907,2.688380972132697,-8.880346173001971,2.8023876107126493,-6.787821639165452,3.2897032272235833
Pathology,-549.9621366186028,27.433889495751664,237.95830369081145,17.910388100114044,-29.67900177313025,14.817328611162772,-49.080341906161415,13.74767096869435,6.056894436423446,10.600587928263495,-9.009246279441351,10.605953714328963,-31.817179722114524,10.081904194923293,-20.42991996154786,8.213551357752284,-15.38622945996236,7.077834405051835,-19.21680050613616,5.661324119786176,-9.203805758779545,4.978428427903564,-7.484032424906808,5.551627825760546,-11.827737317577318,5.064583228099483,-9.235272334301335,3.6162005182056403,-8.700391590116565,4.01204422374576,-9.983511935431661,4.498068327309945,-11.850030868722657,4.807994160013877,-12.227339739522225,5.709471529729096,-10.595394598467898,5.915660907417824,-8.97039132032768,4.97922706339571
Pathology,-587.7754151209049,38.87356232112523,231.59825499736084,20.803602715299668,-84.65901347514304,22.642351469728457,-61.68091038756576,16.490174330636805,-32.16424717861678,6.227323753407259,-2.3446033658489474,6.415550520053401,-30.899580517534257,6.3473623598925855,-16.485799994004967,4.9107744581199615,-15.48646255930846,4.785732001577401,-21.962890687919803,3.5166624466212215,-0.8306206602336875,2.469080040953,-8.019863618807918,2.2756032132013075,-11.52925431783424,2.393415811487,-18.30736777829314,2.6206900164469973,-8.23059846492507,2.4836599273877495,-9.903337280462695,2.171101311682833,-12.898330133540577,2.654063834180401,-8.449198053493284,3.074318623271001,-9.979602693311259,2.7333153407898694,-7.684932729823602,2.749952379161064
Pathology,-582.2781697129309,69.77627662246974,209.15611672091833,44.34704376344877,-6.3944691289629265,22.970845721710365,-23.428745068482343,13.343852003999782,20.54806668550721,6.343290969550169,2.3859158258275235,13.107789776061919,-14.40374600612953,11.572536735214554,-7.9758707360428085,2.526198884145709,-13.36871553495637,2.7465834122454114,-20.098904123486495,6.147738561420689,-18.094957816739516,5.874192612797717,-21.804619860268023,5.279929942018519,-24.50771577409438,4.355614372140913,-22.4229797673522,3.0651001761545302,-24.163177549532374,5.118370681753422,-23.15382233190344,4.082491133584597,-17.073108472563806,3.1723365595023627,-14.461984603008046,2.602313272997084,-14.878261940491626,2.3636762740617794,-14.52225705337946,2.8243865902368657
Pathology,-542.0144145591372,78.42516390501417,219.30320429209627,39.77111730006203,-51.864299951879566,35.22112337110151,-28.589579478329156,13.121980478541314,12.141819591340058,9.182644787283339,-12.986918458397556,17.504808578816707,-7.750474523882174,6.8298573588077796,-5.8069366931075095,3.385168518556481,-25.436723899830483,6.646122697973259,-22.727444211658046,5.594287933970599,-12.15054521208629,7.891004114609822,-15.739422296046259,7.1661677312638075,-16.34243661519171,3.6958621603600332,-16.697209787617364,2.7574898953119904,-20.515483185924232,4.351901726650012,-17.645585033456985,2.987669507433933,-13.24602848697452,4.179955993958189,-11.545415564029,3.4916571430993675,-11.95233144235638,2.6699815722776385,-12.013268821521029,2.5532083315643046
Pathology,-618.4420948937401,53.64786077023629,226.93900562357442,33.3779859222251,-36.81651231043869,19.462814215577772,-25.81122521683519,14.432637126031365,-8.259092564141639,6.111208798051361,10.898283422801525,8.895880022874522,-9.176922794318866,6.433101861556199,-9.994329407078206,3.1568883531855962,-15.597053704737352,5.0470856428044355,-19.5354822450383,5.575885737398066,-3.157460780828944,3.6912464187895933,-16.79214184241525,5.315734280384421,-15.0060000839566,4.137513226121343,-13.980397082046693,2.939798369259836,-14.362608007840313,4.922717967012021,-15.386679806563523,4.992398401208015,-17.589088690863484,5.288807702788229,-15.903009247151726,3.7271153025090418,-17.450646597215833,4.290472525852941,-11.493879028575433,2.776295955040548
Pathology,-595.4750702198593,26.91460943670707,246.40004005585797,18.40598506041617,-65.9573131818494,11.510763860437201,-36.405517183807575,11.53055544727358,-22.26601299730623,6.751581980825551,5.217039259476881,5.518219550120638,-33.96017641467202,5.626362838730816,-15.127162632343255,4.0270249885222675,-11.650958343927309,5.492806548170974,-18.20077426142333,5.974253466483935,-5.713329007924383,4.84344629523688,-17.59366288607305,3.9665013594867493,-13.585274232988105,2.8904427183379116,-17.529642465845548,3.831711930306113,-9.842088954294127,3.864231954250635,-15.685818160376826,3.039290716848072,-16.08537399005423,2.6632754426097383,-13.281347604493677,2.6751054635185736,-13.82192826258823,2.434333917487138,-10.451740170800075,2.868297511865178
Pathology,-543.2313752105381,53.58071969282345,248.91575422116267,25.371953896392068,-86.42525507285661,26.552482741716343,-15.137667391930314,10.92869685995516,4.04379471905954,7.355497548046516,-11.450084357263624,16.1149425116725,-27.044946800536398,13.583999280773654,-11.246492961849995,9.036138307121972,-15.823084634528104,8.333740842443454,-17.433460156507216,3.570348871199561,-5.059623302599949,3.5064851157145602,-18.016144691735917,3.7559555059408267,-12.6265341065821,2.441486961229595,-19.320996505181686,4.195724836095941,-16.218231774333717,3.401718047827509,-12.97082385259619,4.188557790345485,-14.418232751210576,4.51991970791284,-8.727302574258593,2.783624802709886,-10.434307351657475,3.8105962070235524,-7.229382870720453,3.3887211236449173
Pathology,-649.9263677662962,56.40912019773849,212.92074355161736,25.563840130965858,-56.32001545515713,42.19438235921236,-19.40043463280968,30.21347093546153,-10.425847992248494,8.799514991867618,29.079448618286783,15.798302139481647,-12.261384155789656,8.192177027119154,-5.149777296766666,5.34690463033629,-7.893046109765154,4.522812198486323,-12.554200791502382,5.835909304283993,4.003097273496011,3.7051344350334805,-8.73844259498008,3.355047165251829,-11.609875147438439,4.462307833827237,-21.12856965760785,3.514088407958469,-11.724162835726172,5.813872024435786,-14.816938138276171,4.645907214994213,-15.788557727907214,3.346749297264986,-14.746715456312243,3.6139351031679503,-13.319985406521166,3.8072697597544005,-8.779871160272457,2.2357612637953306
Pathology,-577.3911682946227,80.46012300811742,222.6522240867599,50.77789032441818,-9.326583910422322,26.777818975752957,-23.96970446339302,17.60659301058575,14.836842823321543,7.955155075657161,-3.392961128451195,15.546503715111765,-19.595952073826183,15.109442172057534,-16.63587132416543,6.78866133640739,-21.648963532522774,6.963887475929977,-25.481353967239414,8.020806087046791,-19.677544049024174,5.358164848456771,-20.005049215050047,5.5387954110845605,-20.239999016750602,4.082368156295187,-18.163495131283874,2.9686225080461304,-19.790309480442133,3.6121257510806126,-17.451939249895254,3.578307833224126,-13.786525466925339,2.455698016143162,-15.025033562645527,2.7838946388223293,-16.687824999723276,4.22953520559697,-14.683129375173376,4.007592622002038
Pathology,-247.17093039152462,60.955529235889216,206.38859939094567,31.484662580284954,-84.62726885873265,36.5979982281237,-34.69901270904646,21.780178927231315,-0.5925111341119425,10.383488132614255,20.660567643711172,11.055507987561072,-17.807455602984263,9.658096674761655,-5.968195536648948,9.51560606340504,-4.358269344126551,6.9032926914207575,-15.702838597618886,5.2418897849866894,-3.558422583979798,5.20680165826799,-11.485141172944777,5.888968374828319,-10.961746529701687,4.680766817435453,-18.568761523156464,3.981536206360366,-12.549242279991008,4.356472967168193,-13.466357217712222,5.470376874051689,-13.463047697675847,5.451812127179966,-13.439648074073713,3.7984186300710654,-14.727411602601974,3.4483557738647446,-9.309692979291357,3.3356399661635128
Pathology,-615.007671241171,63.7534791620187,233.27972777494594,35.74044756498302,-32.34390433162669,30.074462665417908,-22.456660218605244,24.621510830565384,-2.4015665080981607,10.86644756751163,17.43866245837003,10.036989201164129,-15.903170515683883,11.727739615020088,-12.035118159778245,7.310207752594829,-7.15745635376053,4.895357746643808,-16.23312563994617,6.0501408480471985,-3.7137062067540527,5.875448094462268,-11.689513551339694,4.0783039290208665,-13.976275346038026,4.627288809791482,-18.78822709312609,5.484270328766629,-12.492241242661581,6.454758486592922,-12.471993374988042,3.0333649579686215,-16.36371877508803,3.594829228881062,-10.63950581169525,2.39310700460907,-10.578796949767174,3.168694300159173,-9.035401517467012,2.3609761155003497
Pathology,-647.4835629981657,55.92056744212776,185.02085896289384,27.58983196708833,-54.11005416858103,31.54989472430886,-36.22074188784788,15.588409029823048,-5.861093004167329,8.237032845811402,16.334936058895025,9.947004769005272,-10.117442328169288,8.424512743359372,-19.60300697875378,5.098473195729125,-19.84828238371714,4.735096117484076,-21.45336762297546,4.461326571328583,-2.293171420373518,4.185370233542974,-7.546271384426919,4.400418822182004,-8.462730020247564,2.813298031091626,-8.933447427434968,3.5651004753919087,-7.850243338716576,3.2268304364900167,-8.48338915183446,3.056171189406121,-10.253563071057288,3.7500056424401236,-6.925150139205204,2.8978987661348254,-10.362914138492915,2.520892085202186,-7.610114011556654,4.170358837698725
Pathology,-536.0294487998357,72.70602477959203,249.08757250565088,37.90334321920035,-84.16342444919512,35.700825141493524,-38.5234711590276,21.274195040300345,-12.620674106672478,10.63410987288843,-11.873695992763977,16.980902712604845,-18.645919178478533,13.071043209498159,-6.531965381859114,8.597434172274424,-14.103902424875908,10.497132157337644,-19.472249399816278,6.407024763316631,-5.140728624210661,4.755913641121649,-14.207281997701138,5.69981388442981,-10.83495083429036,3.598144834957138,-14.606235325918487,3.9596883686125066,-12.866471038847044,3.0796636921012395,-10.15480654370159,3.6290762482998886,-12.373008186388809,4.65510481843765,-8.626161682062296,4.026531638585979,-10.06660325422078,4.711318404876707,-9.025652299186726,4.39622034858435
Pathology,-599.6915097914765,36.13541214956403,232.29549164550312,23.831699132450396,-43.535525944518085,15.005006900872184,-30.434939055327906,15.121732222372149,-5.083997078469857,15.50859109048981,6.793643880227642,14.219662879002632,-25.462504026830583,9.460651598165501,-20.866828251689093,8.163342724728537,-13.085601880725989,8.63965181425471,-16.690724114531328,6.869297450945143,-6.703830751307227,3.97114268090902,-18.446827703776908,4.241246511571665,-14.092853572727114,3.2086452763497872,-12.247689470558742,3.2156135119819,-10.810746078425685,3.0899037823301088,-10.531024295090292,3.8607688161082416,-10.34167823076382,4.440723604031171,-6.93777684572107,3.67101596589691,-10.594557391813147,3.898365973289233,-7.3441677343580825,4.5823248961769565
Normal,-635.1087494855979,67.0562868662299,229.18019135516815,43.103943889340144,-19.207648535900745,23.25846731391713,-22.920660120547435,21.849879877741756,-17.427060171550007,8.306807707411288,10.598747352447308,9.076029649631474,-13.571396275860748,8.725598281898186,-13.149874854085667,3.3780660922402537,-7.582825423160643,4.17549488656162,-14.226840230949596,4.965482886047499,-9.163917671926658,3.7232339043738225,-22.476208355279837,4.661714606228461,-19.28990996588112,3.62770283204147,-22.43713538047174,4.490254668136471,-19.293034722492777,3.8936714711562006,-15.713744516210081,3.2096219019129952,-16.83524704565042,2.8753433883878943,-13.700292605946151,2.9954189895489796,-13.447081357969894,2.7616009285628818,-9.918861870862814,3.0487142155863713
Pathology,-287.72777398135963,39.599782452408405,223.11774657856353,22.79862159519129,-49.40832900333078,17.738843990271175,-15.04738011823081,11.66414080706059,-27.517794076370617,8.29913221566324,-0.18839197482208975,15.667311565558224,-30.639077948474718,12.130694345178725,-8.516855244302974,7.728470204593357,-16.078153760795562,6.499134475523471,-19.47985274330082,6.212081958747048,5.803744926915792,4.0562653966244975,-5.292104559915812,4.925065176447156,-10.680621218366745,4.1025443470134455,-16.677669003767026,3.4543387112978516,-2.2518668490243883,4.230115228917763,-8.019263235409621,3.690917942069192,-10.03127174126534,4.40404821269337,-9.055476251564706,5.402973489884351,-9.124618160007012,4.940703558773012,-8.232433932470391,4.123218510916503
Pathology,-569.7027595277096,51.53300292027857,247.7154861095147,33.948528034092064,-44.69866903194318,15.094196147866548,-42.273732468661265,10.152287777183993,-6.263345393411251,8.018577160218838,-1.3824307299226342,12.848822770788534,-22.232782175745008,10.999067061894376,-22.7326737650277,6.364061733515924,-23.525782236268416,4.656284491474116,-29.04663233552762,5.2355082194071185,-14.973108930077034,5.3150870530530545,-17.195391108958354,5.5727613671389875,-14.214973092314427,2.955086508384698,-15.0834485521076,1.55823808064285,-18.037350196952733,3.9605926273203056,-14.081937501087197,4.150655285081677,-13.648968249209162,2.2858132902912396,-13.842372484996122,2.2666628966904403,-17.946742489332518,4.447663382258601,-13.599237135115466,3.228804360864278
Pathology,-331.9634503516281,51.355679380017904,237.91914137059536,22.547002771749618,-46.75113547808234,37.53823822355143,-42.992715147999455,16.109332892502255,-6.527454664377172,12.711547568755222,0.36024177523767087,6.8993793592234764,-15.621594351791705,3.568451659804728,-7.043810176775066,8.26712951676408,-8.480374220723036,4.571821440715078,-18.000248390523836,7.612145333006866,0.395805839122331,3.9815440101389905,-5.994841750303428,5.148281960510493,-14.928962969034437,3.220108442346154,-14.925069305043255,2.5271398001102683,-9.868521576650211,3.353852195210399,-10.361255589294075,2.4290113150037587,-16.373185644652434,3.5103965105643637,-10.512415729557429,2.953151840661128,-8.949826147657285,2.2231849312199157,-7.566604215106722,2.1770770157598367
Pathology,-689.1353100990297,55.57053820072348,194.5264315854405,28.637939499203178,-48.46412817854671,28.126810731476077,-15.129015283969647,15.51450041899482,-30.72254634893714,7.709767373488898,19.79357881955753,13.057669363340882,-28.171301798858185,15.198897234925727,-18.321140974242034,7.297322968012821,-16.058195939232093,5.884228978708172,-12.231115517425431,7.531692045685759,-1.9204637068602108,4.34421005193029,-14.22166519107875,4.934939635109949,-8.5109626754458,4.138622523069671,-14.411903606705472,3.102364751201348,-6.490220736632527,5.744912949478837,-15.969905168841796,4.41685622146954,-15.537959376010399,4.607717831996576,-14.422965576622515,2.5949382008424746,-10.733512221512164,3.18707142809653,-8.04491511058305,4.061235988062142
Pathology,-559.8437432852442,29.36370358604143,249.6194847947237,24.772790638404604,-73.36831775785143,18.657120865564806,-53.588988819174936,13.984946026606192,-24.328313743327428,7.863485815785478,-8.552954809577072,10.55295116161561,-32.25443073341095,10.164169907638426,-16.35814967741801,8.544149186506493,-13.770061258602372,7.41986668201655,-20.26619044757831,5.830942902134864,-0.6915205152027241,3.192960718754675,-9.829112958978586,3.440203199212325,-11.289767084575661,2.904647590667939,-11.38549480230627,3.4082507277494325,-5.034780710850196,3.5176009771561807,-5.838364334541638,3.6034483177203565,-9.208889599380123,3.6089522053759606,-6.853019036183024,3.2459831807244717,-8.341743827674254,2.7812217702961552,-5.381631956947365,3.2807185128317977
Pathology,-330.32755903571325,72.12155654055171,221.818943325001,37.2612474171852,-61.982322141168076,44.65926192822771,-54.15295014884806,33.32996366811332,-16.51276789808066,7.781560525845816,18.39392245796616,11.188639130797325,-4.651195413338579,10.365455673011457,-4.407451190300268,7.854833879156143,-7.429005662525095,4.183363240035321,-14.924553656760354,5.507008852711884,2.2146050938432613,4.901241476246418,-7.724870574999652,4.00785482359516,-12.963047277757877,3.1285242352866343,-17.777029054629836,2.8944971348439896,-11.146123072108661,3.946477572573979,-9.985780803895395,2.6584906754012128,-15.518144507393266,3.8677224886387243,-12.938889625122515,3.6799542611957947,-11.89788407129291,2.7280301419369555,-7.845225595792847,3.014512494578018
Pathology,-683.1897576719556,53.550034837150136,199.07535090614772,36.260497348633784,-10.229751314573754,20.27494765930164,-5.00967360865879,17.62239228619612,-22.38209740789427,8.330270613859238,12.85826612998649,14.440706850243595,-21.849169196349166,18.42817259547994,-21.945151009056254,10.914726322907692,-16.12542440237342,4.851477387044804,-16.78710755510939,6.663461365467713,-3.9403385145122036,4.424463836113965,-14.126732791529594,6.4419526898893755,-11.69336088806272,3.9343539503615164,-19.04234443850219,4.0812685651311105,-12.722635305832862,6.693390908145216,-16.365128772164294,6.052213283322311,-19.1560973019576,3.8694238505528022,-14.430839945237185,2.760816323175614,-12.339997936657355,3.732857908135901,-6.236564978929961,5.071734021228713
Pathology,-683.5083157157262,51.241660545584445,203.70066163471648,28.853010827464715,-57.413825792137125,25.02407992072639,-11.07483238902818,15.882830968312321,-34.524865622015916,5.390931372642402,20.095263220267213,6.621542191510098,-33.05836553414579,11.362798749498848,-13.683811398799648,6.385963856355462,-18.817567754638883,6.779440584826431,-11.623065019995845,5.88711829845098,-1.6832715800599363,3.728633905764791,-11.237262326948331,6.115252100169337,-10.509661916327834,2.9786878272723167,-21.341159428994718,3.763829332729828,-9.951456148254714,4.6730329801446855,-16.19478470794542,3.971951548689716,-14.203156912108698,4.103612695330114,-17.25652216471766,3.4876169378968527,-10.110844313062866,2.8776031624893608,-8.67567886530999,4.015338715884947
Pathology,-630.7533078059505,46.28262716555321,224.28873222551238,32.48578880557604,-25.458733135828307,13.557197119558657,-21.492069324162443,9.199802382507212,-11.045285501872643,8.325579906529361,13.689890752656739,12.013246918391895,-18.923089415742332,13.547255608234947,-25.04539415947442,5.574353356997641,-26.292201688313877,4.1458784604200005,-29.776435788206562,6.275672441975915,-11.692319437675435,4.419722549686903,-20.34064629475716,4.778517731558476,-19.74407429049587,3.6677695502572534,-20.65731785310924,2.7858818937375345,-16.2015586813436,3.7056997473564044,-14.800020651767682,4.454031761401326,-12.034681572033506,2.307523242910725,-9.243888014033285,2.064443479255092,-15.419057199718388,4.24556967991872,-10.583060573894885,3.603130736447672
Pathology,-322.3275069420058,34.62800240937346,197.17647501181628,25.290200513177794,-47.523496955338196,16.5412750996226,-15.821717667475962,13.414565998445555,-22.84761120033228,10.451311902798626,21.671342201952,9.37405261270186,-18.304831182280378,10.500230842351375,-13.16655484503637,8.02399602118051,-11.557970124857675,4.444527394559014,-10.71880448343543,4.269190993404161,1.2724162238693115,6.062002206273358,-9.481511521975014,6.890810188192679,-4.997586559763324,5.3017136848268835,-15.098502944125283,5.6036223836571795,-8.330960734453383,4.051080747174965,-12.061921719799358,4.882501444571609,-13.13490736902572,4.466622475547543,-14.063079319626793,5.091940284588525,-13.967995568396354,4.887720060910265,-10.341246632634222,4.582567589892707
Pathology,-667.8020846005821,84.22734368005905,187.11821064255506,42.4409964281453,-40.13996138864846,46.227140294168485,-39.675207398218674,37.204707972750285,-28.277476639786194,10.080444844462335,12.689614021190497,9.880008220518059,-6.817959796905301,8.50603270887639,-13.795578102349577,6.900727062797097,-13.986414454102576,3.573340238426859,-17.014187295172096,3.674805508051895,-0.7432751944869735,5.96860468271885,-9.333911002784768,5.42211730679903,-7.489085765981394,2.4652030719283737,-10.124272555119044,4.316171821338864,-8.056248216380364,3.593133291701758,-8.862753683658777,2.9157075987615064,-13.712376972281394,2.3774513547092146,-10.611903781117903,2.9215427010376134,-11.794370567494035,2.9072774531199017,-8.661972079037971,2.5743955840940136
Normal,-616.1542730937199,73.2166491404197,224.70858769791434,33.78231861996847,-54.77066128543242,47.64402342963158,-31.016060413969395,31.68986244970009,-14.27986787883228,8.384321100446375,16.13372901641281,13.064713372020568,-2.385802167117652,8.773723747347228,10.740940812407278,10.159186246146382,2.444179380050101,4.633867150194431,-12.112082371083234,4.528777371747615,2.802510318675218,6.05785297522977,-9.484903726976453,5.130104388326671,-10.757072083725623,4.419802207883136,-12.26550838606663,3.1928598557330115,-4.151486235837766,4.964452905071776,-9.947593032148111,3.3355305758217844,-16.68437959670097,2.902220999413624,-12.396849599449775,2.4692168824199516,-11.004503797183748,2.607786253898176,-8.523140714036083,2.227512856045761
Pathology,-718.7247743144195,60.11787761120512,175.84038041471797,30.53406786044094,-48.86730750863217,32.824631555545885,-20.343030282331,33.42319611892527,-46.59660486691673,9.575016051691408,24.228688696410977,4.762564793165977,-13.575571615751855,6.829321287021874,-10.67100172855468,5.785623271801874,-24.040129799269668,2.954030546340751,-19.213796264264424,3.2895971321319837,-2.9918167770638937,2.709549037836998,-10.95470847581281,4.64986988571576,-9.035820737029901,2.2392531288712374,-19.987335445002177,2.719137567476321,-10.734173989362311,2.9908152994979575,-14.308263111250339,2.526529626184579,-9.697001854318728,2.542827591118691,-12.235785279986107,2.8940844718330183,-10.55020418606097,2.501417631672338,-9.453113783372672,1.9745364623268258
Pathology,-356.611823565857,26.558653101255707,218.69608562535134,15.625368635817885,-39.889531665532914,15.145331104360606,-37.16235690152158,11.952423255863788,25.478574373522953,9.418149645845704,0.09125163100651963,5.564067174650704,-20.952700439039802,5.041795503885445,-8.172314435022297,4.406012585542752,-9.803691441349068,3.948812241225519,-14.052860265157774,3.9064096245726185,-8.450711267550712,6.043685840898823,-12.910972742743951,6.130344004873437,-19.357869943252446,3.0639733232475397,-17.442176913623953,3.689221137185546,-14.938808347583723,3.5766347731767993,-14.258702224680603,2.6306354482283383,-14.177532948837305,2.973717636360158,-12.825295678312422,2.4813526634400143,-10.140552088625105,2.2374364196185104,-9.981914589227525,2.752523233805402
Pathology,-573.6200618574525,31.675221785873394,244.2173834442217,20.85006682692131,-59.77243421788375,15.804541143811914,-36.24559259522558,6.191857511406982,-3.6317728812191903,5.1875016262576015,-0.8306072624100898,13.935914585029339,-32.16955745014069,10.007166990405151,-25.047005526296015,8.037495855543842,-21.814806472155954,9.142388728977988,-24.085305959455205,8.226037969202684,-5.100507306723981,4.480731433720401,-15.443083332015023,4.819067458961727,-15.055611552297556,3.118255013137376,-13.317484554062313,3.1326337153492476,-10.19256022652359,2.3735325715878792,-9.398772070885656,3.832107787666216,-9.81523374825015,4.921756677829396,-7.447728556463101,3.6219551892433834,-11.208211857051957,3.1381933817868775,-6.784247204491382,4.2176683747421935
Pathology,-618.3644155624304,56.57696009897295,240.73085999164783,33.43323830028441,-68.40714122747274,22.173431101541123,-27.224777978880287,15.56207274210245,-23.730039220429962,5.80028715990653,15.276934871418977,12.026781145181246,-26.74417751505457,11.232019240770015,-9.25557123579892,3.2779481389177465,-18.025936950821247,3.5413426787249316,-20.666099153139253,5.3178755027877695,-6.141292708263328,4.761568648704839,-19.019956757271583,4.94339488120076,-15.841936617608594,4.248597321646944,-20.065844894032605,2.6485442170355604,-12.061331643596917,4.512479344774158,-20.326879112652907,4.36855331963473,-14.21959216467394,2.214491863040472,-11.672056867573424,2.3254059365625075,-12.156958512821644,2.3790866235488592,-11.08610809162412,2.3576089608311843
Pathology,-612.0863067700964,61.367479353765425,230.3859617705978,36.93651642954515,-38.95118914017213,26.921184506301334,-16.866080526747183,16.458589710991788,-2.8315792656592627,6.778099792043517,8.358886082418376,10.14191318167976,-24.713688252670945,10.928584550978183,-14.944637923328449,4.389537039698574,-8.730366047308053,5.388768775097016,-17.75299471246828,5.733535179895538,-10.18473530897657,3.900713428619897,-21.74199571530011,6.17908241973652,-17.67469496091197,3.378544515791603,-21.999361624043267,3.8363080193123005,-19.288946081439587,5.165024422840486,-17.3541511445153,2.5551431040428327,-18.233040375315674,3.0912111176630344,-14.03280475991962,2.8768552166316588,-13.198007154141473,2.306721881931159,-9.741164724005055,2.7896573853586464
Normal,-649.3008264486384,51.87388426458117,204.7883157771043,32.73907126275136,-17.595606486935246,23.977226607992165,-19.12999419508509,17.97225118523707,3.350260484390259,5.891315517470646,20.48286407641688,5.8720003231245395,-9.74907334913427,9.303889137039969,-14.911973701665056,4.918250102119107,-6.593219232069759,4.239913316322545,-12.846274155514816,3.8872870085888547,-5.779172798320767,2.7508818986982453,-13.325299707001424,4.636739323364565,-13.46075941059402,3.1509042657177884,-16.394261135635336,2.958560710516679,-16.216232641298763,3.302880402509885,-12.684159607885208,2.949831500952173,-14.099335254186826,2.4613503118692175,-10.19549830928119,2.373961849857117,-9.736286263707626,2.573016661509143,-5.5032600923428605,3.224941729776227
Pathology,-521.855108679761,74.87759486737218,232.1135212212755,37.65212355299469,-51.7352353986393,35.6589026750647,-46.96409220892952,21.048421818766503,17.900554061619324,13.452054482374221,0.009956864786770605,14.999009132599681,-9.620616703560673,8.925443096322224,-2.5426666474473913,7.5288370375517,-16.72466077249023,6.903258948590512,-20.423888822940622,5.207468767983748,-7.315371696015983,4.550566175635279,-9.68772561687285,4.79257721733188,-16.333794709716436,4.0091337438043615,-14.852559193093503,3.1963409251662918,-15.81095331840449,4.73846472061298,-16.621780037942816,4.326037273026048,-16.21419059943614,4.573485134121841,-18.15452685286636,3.7223859217557496,-15.853415128676824,3.9034441250607514,-11.215680792880129,3.2227072428332453
Pathology,-586.1718544841599,23.318552575238687,220.85180725418562,17.301446467842705,-62.924748005922964,8.965859211822327,-39.45083301761577,7.071015999164804,0.568440496937282,6.098217049478568,0.9637849284024695,6.200803923938272,-19.60887688131578,5.987994323491535,-9.101549565599182,5.220813869627598,-7.841097285986119,4.950905682750019,-14.938959831873278,5.3479182982402325,-2.184432775184489,4.9996116966100494,-13.561551063873411,3.1409957148957983,-16.83615709851157,2.5464355188573173,-16.1127625450485,3.9123736807530927,-14.706778830243726,3.7624573364752725,-13.877163676586653,2.7703377627053545,-15.40786759444818,3.211123133515391,-11.036612882491223,2.5347108466540695,-11.974896456870825,2.404689627728302,-8.648975526645106,2.7807487739774834
Pathology,-720.1927397495996,40.176152245472835,186.5072412083154,22.594078674133804,-40.53320762009037,21.625364922083264,-4.322404617416349,25.65649647794627,-40.70360719564617,12.631803700646817,28.27335915314667,5.156613495076173,-19.127320541412928,6.884115501675109,-7.517673387158081,7.279550994265475,-15.58629295517033,4.166501795367339,-7.390906542024655,4.070332115503857,0.7635110585742791,3.9841558937167956,-9.043748114823915,4.376735376184496,-8.734565018062627,2.7725502640193413,-20.229585755517775,4.217726971943226,-8.053548736720384,3.817112941436846,-14.238509652133475,2.476228912559587,-13.603827606515209,4.145801589795583,-16.4333801039572,2.8093809537136076,-9.943639287802919,3.7551714980022566,-11.164632555887565,3.3406121213125632
Normal,-612.9894701990139,55.15009234397295,224.10807670827975,25.168863649943496,-73.11610452718111,31.917146017367813,-46.865422711880285,23.307759726172613,-19.904038541581095,12.720979086560792,24.444821565202755,8.612796188369312,-7.085273805663647,7.414571184626648,-0.2220881422027846,10.582128502506656,-6.24076426507871,3.9631035517115953,-16.917404776162243,4.431310622283605,-1.1221368689847477,3.338890931357038,-8.519284295003063,3.7913988135714747,-7.65577126057957,3.1179853893072553,-14.82659115624527,2.948112846919682,-7.2992681114070965,4.188111852149492,-12.244635072977243,2.164348607956962,-15.861559334885557,2.70796716646732,-12.326306544263721,2.2957961051695377,-11.102128254633667,2.685876039183035,-8.272009133866574,2.664929595922843
Normal,-633.6236697790646,69.26149077292698,216.9245178511321,40.813806509531894,-26.248131603197255,29.33278715378723,-18.24019830648779,18.975229038629113,-8.043882118889105,4.595345973516543,2.9606868838462512,13.253500624467828,-14.197814749482005,10.16383016463403,-7.000786736714546,3.8088767836291435,-2.4882143855352856,5.286374084375381,-9.971146674181925,4.709568013610284,-2.7441315397413932,2.26874517479421,-15.044013672846953,4.061714354717749,-14.99305322330245,2.4032932697345846,-19.4662226292632,3.2297647510697978,-20.01795285054619,3.505218685298337,-15.7334182189317,2.1116797606272546,-16.584800853557308,2.063394944115264,-13.845340595103805,2.6979052221173183,-13.595074568812318,1.9439296978529776,-9.588292749844829,2.653650026653185
Pathology,-585.6836717597894,26.198850046692748,230.73996088354866,16.720515705155236,-68.70675600959872,12.334472168410713,-34.45998816301586,7.517732664124742,-5.852968960579956,5.747944027303081,-1.2740477587072485,11.851168642903568,-27.59365449225987,11.347444685149709,-19.698603209059595,9.097641155657584,-16.49813860954268,6.697470337490289,-18.931091596590147,2.9455501896703495,-2.0669509095961,2.757203672059306,-12.877022438002772,3.2886663331656125,-13.782229137828995,3.0466659176582103,-15.87938800799991,3.7742310143037385,-10.660161043909904,2.9245156630253164,-8.568086526544377,3.404242831130198,-11.068318924810846,3.8697748449944736,-7.400229944963902,2.6832591276860227,-9.516242262185877,2.9596665677020404,-6.509131018827069,3.401258604450875
Pathology,-618.0306335077958,35.90139965070691,212.30010815435006,26.538857266105847,-43.74608894211329,20.656264389073872,-26.438082048100583,18.549555510192302,-5.1238651386237555,10.057126872800426,2.9479232126220274,9.039010497232917,-22.11399606937661,9.968561105150544,-20.814088646107788,8.302468523345015,-17.49551000382453,7.3314059470656465,-16.580633373599234,5.6786480500492535,3.0309397576894135,4.7348734129200185,-5.727606482044196,6.3533854130812335,-6.5917954596450485,6.278722943958753,-9.820702482527482,4.962340789496771,-9.6481286749977,3.889054216547016,-8.036966510287865,3.541088760631021,-13.716247221920804,4.409316561372624,-13.315892935300345,4.471378621306229,-13.627201067011812,5.154580224840119,-9.27371532950047,4.519017137505575
Pathology,-634.2891314727927,20.321276954415996,214.5082423920538,15.177082790889978,-68.52369218514653,8.569227958853727,-13.428407175966482,6.07527919560188,-2.5586946660029066,5.5991060869386775,14.912075727399282,4.707324116773361,-22.802374070412537,4.718665414330803,-7.034404476927185,3.75284910425356,-10.778233382620062,3.4240096022129896,-12.807103804157958,4.580217714561982,3.5127652264037406,4.2929558170734365,-15.167641958516315,2.7773849834092124,-14.331930376825019,2.786839135295524,-18.055158172239263,3.427107018910164,-12.715680683882262,3.7518304842673493,-16.917850991053054,2.2578448719477646,-14.176036089643949,3.130655292629728,-13.990854637471376,2.8407075994975255,-14.815470116033488,2.1800000085169997,-8.886460720757727,2.765465365068905
Pathology,-634.6306741623767,45.427639017521734,213.9470811469062,26.806776116525626,-16.839098079208814,19.94121319117387,-23.17837466660608,19.758261919840706,-9.851503555216954,10.671414214136835,6.734784466291123,8.78417015006102,-22.793810419816744,11.967207021832166,-21.647110179350623,6.003698678684389,-8.525979871542512,4.175391094091505,-15.15512249585212,4.192435070995663,-7.721386057537499,4.532912922736896,-10.321994484896818,7.685175683316166,-7.334906193761467,7.440591871536954,-15.095237375140101,5.4921318331794335,-19.5369276702907,4.982460965365543,-18.358271145760718,4.999136702940324,-22.23577376434533,4.3963735374173405,-20.750969961496107,4.978357582231644,-20.677402986902692,5.426609206519318,-15.58910207791275,4.63867311906284
Pathology,-723.2363083735826,18.38049845119657,179.77240488109413,10.562206174612935,-51.027595701087044,11.190184672537999,-5.918977397793057,5.651720877026756,-32.698282838172005,5.4936728711124605,32.4266842613709,3.6663279562267292,-24.54271951129572,4.012641625784003,-19.25955632710081,2.6394690063315527,-24.130764974622068,3.2864787469544723,-12.610162059656362,3.2489056205158793,-4.523602220553551,4.154820509003329,-14.988676815621442,3.5385857023959684,-9.752036936540826,3.515881420039195,-18.74967692887857,3.8047717934872898,-9.802066936290132,2.4475149088206787,-16.95226248631996,2.9460298586164257,-13.652660749515555,3.246741268050195,-17.911812651927345,3.394510337903426,-14.51378302122993,2.554123287527714,-15.359726305522642,3.0756621102004957
Pathology,-532.1633699083994,32.46884236507809,254.55970645418157,26.062728842657734,-70.28411483731276,16.83777839403469,-33.57004134509282,15.275067261796538,1.740761976252775,13.313942523032026,-14.760810090993521,11.9134510403747,-29.72973254182915,9.709029645041957,-13.89476090725888,8.313669040579969,-11.575790924815369,7.237523973528116,-16.919858921678333,4.665313299578004,-6.524487226562612,3.991178497687061,-14.012754615868642,4.749822228120164,-12.408065812341631,2.783400990406079,-15.980999174048392,3.4240783117657996,-15.005287380244003,4.111315334859453,-9.82251151439422,3.5705535798337222,-11.93499734375413,3.8283347684060063,-8.062590102287672,2.829938463946427,-9.009334812469609,3.3519160783156887,-8.19516800091575,3.372727446099118
Pathology,-709.839229168423,44.514133711484654,194.40664757614942,19.65418085684855,-41.40616642515221,27.32883712442727,-0.3482896506439731,18.607258991940967,-28.922297903421292,7.166041610191301,40.113333480885835,5.4697461529226885,-11.078560848136096,7.604150046327191,-6.331962837446346,5.347992489996928,-21.760559848226038,5.283397052820617,-16.047336568655542,6.190066247190573,-5.115564430516199,4.570670560811899,-13.145704296167468,5.689043963521377,-8.228025958382661,3.610761836127625,-15.063842470830659,2.9606960088457437,-4.31578640248813,3.838103695382079,-13.785664387379363,3.5333292046657823,-12.87143013992122,3.867697425260339,-15.65935317178389,2.7638601213523937,-11.328546310356199,3.5864527353138596,-10.909712913659925,3.3409341408715063
Pathology,-626.064367909567,47.1898757252704,222.0761054537423,25.550327820615546,-76.5258135936521,17.703529077070588,-38.549365078018575,13.776255296070886,-24.981107980810805,13.125032239221978,20.302713338581622,15.016925095096742,-28.223634462717655,9.575321951805705,-21.39979354910961,7.523853422194331,-22.57365300200484,5.570273763380567,-21.419238559817444,6.311039565300572,-3.74572737104987,4.550481583212275,-13.127840219469611,3.930184654761377,-10.707033157967516,3.710055456434781,-19.68862235658362,2.8815111528040793,-12.032839566860284,5.047040500439999,-16.941323700377566,4.476264910416341,-14.350703373899238,3.47205570291026,-13.500509384815,2.862758095720486,-14.590483252152476,3.4021683813811876,-10.964759006341781,3.5969755896054285
Pathology,-608.4832072033461,59.25486197674697,236.0666796151634,37.61196464709207,-30.4989138361244,19.68162850503242,-25.867790457068583,23.360867944553455,-3.27303103134649,20.39500612661185,13.848045250654655,11.005827718467556,-18.518583760895428,12.397394253570065,-14.89444847059186,6.940379878565479,-4.763472560304553,4.120268265851532,-9.714035499061099,5.783320438481001,0.2993060991585516,5.788620863780148,-9.251191867603897,5.180038482993199,-8.079602830685806,4.9201009562336075,-12.730797813556539,3.6958293257602337,-14.364418043593567,6.279496497559246,-13.980419174617717,5.6570634504224975,-13.431762111007275,4.035327812225937,-9.649348417471195,2.8771690917028723,-13.6029242708162,3.147252216785236,-10.766086715245933,2.9901619175285434
Pathology,-371.6789483238606,55.91654481056599,202.54088631400813,27.97500047939914,-29.83596950738168,35.62067284565121,-39.240778341933684,21.002380742031207,-2.675734735486971,13.632603207848938,2.226748153893848,12.644474180144856,-10.506273346099237,7.5741422363826425,-12.037457343906492,8.713023431246162,-7.952094090138601,6.079169722802575,-8.323476389039929,5.324727266795675,-5.845637913211751,5.982419178729685,-15.814334591587755,6.097068646688036,-16.117973470116983,5.205132344110846,-12.018061730275456,4.8419242527555015,-15.904922129388256,4.9299121239399,-14.865135810110182,4.129503136523304,-14.299751996245492,3.678750783125239,-11.007634922655372,3.216036582055147,-7.180215239135238,2.9676980182874213,-7.04130004083872,2.9647084561371257
Pathology,-604.2342568532955,31.960340776455638,238.63265495682475,22.561685626977873,-51.431587061131715,17.33815263139438,-36.780006546229565,20.21903255460588,-14.623416122769601,13.822923938313124,12.881772181294313,8.417575864722384,-26.349965503670262,5.969680713505175,-16.321970103269617,5.91493523287421,-6.687459354248077,4.5767908685522825,-14.394380945640906,3.387302021934551,-1.5448712773415278,3.294495115232444,-9.578115884992975,4.064711076488483,-9.144986351102748,3.7749668475651865,-14.536603291976574,3.2106614577664727,-8.174562783651552,3.169270844880341,-9.536443193004423,3.7043540916410853,-11.583986247217311,3.3575070062342123,-8.506713166809496,3.6006445591155853,-10.448876991000356,3.8285522032417436,-7.898278030257759,3.5446389896632633
Pathology,-559.3893762402728,30.98354507791276,246.47970402700372,26.13014885380611,-42.62828649798364,13.321611860835011,-13.290923302761986,11.155447891434171,16.841208572427774,12.484665042972104,-6.698058116111084,13.36007862020224,-31.15128190451014,9.405564757926701,-21.201187487331723,8.972502156610688,-14.612465463104668,6.716274876606148,-14.66665324942264,4.348223403643157,-1.9546839512915064,3.2376525007667882,-9.614212495947589,4.1895017931035845,-10.7897695919319,2.8407786458975828,-13.06609792354255,4.209198777412639,-13.449793285169434,4.344105296483239,-9.772106095822389,4.236546474629115,-10.458929003705634,4.52667555908868,-5.725074453318165,3.4760277709120095,-7.0636975890490294,3.566261189734733,-5.671915727368667,3.7848292603322355
Pathology,-190.10214227512105,39.51922960269082,199.40676311594902,20.368293939852254,-53.753942645019194,26.370406721838563,-4.49910243089718,18.21057713712021,-42.040176724032094,10.546919200385737,28.35988745670561,6.761957956705422,-27.27155486231075,7.722136734882424,-5.531887199040032,3.839076225457342,-16.309125514598502,4.544721277253955,-6.530350920742904,4.5464654821461306,-5.725620637476757,5.039025934481366,-16.216283731261406,4.859402142474955,-15.969949852789151,3.597069112233762,-23.20297516191112,3.827654295484008,-12.9183476176281,3.535826602628088,-19.58552299767188,3.965797829398692,-13.670274767267564,3.817716573783551,-15.901856485428555,2.9928599653732766,-7.728164444224905,2.7962216258862616,-9.845614785616252,2.9721382519795667
Normal,-666.4858286712724,55.307164272521895,198.64594257992346,24.464828575636606,-44.82674475319212,38.80874842117751,-20.462592670419873,26.56116378952615,-12.726382271894185,7.207246682428037,31.965197833956235,8.693552453439224,-8.342921114549425,11.908295638028083,-11.545156479812817,3.640343085138653,-13.181674621218871,3.8703817782071677,-15.943162854389271,3.555344158941591,0.9725680262182709,5.278766542588106,-9.458716298247493,6.63334402758001,-10.220582640331004,3.5457876305217413,-17.068688821761352,3.6928244146338924,-8.45704034724343,4.097459537639506,-13.06992184038741,3.076608509929114,-18.10382712751761,3.9208754186755037,-16.569930553051986,3.0883001124166567,-13.661494987185097,4.202850738882951,-8.7887864331125,4.522712165398651
Pathology,-596.3921386092933,45.08206616051709,230.11010814328802,24.44599444323669,-63.795078625013616,19.515771036388497,-55.27263994902142,14.320709402221368,-29.8715861329745,6.039944091014803,-0.41445596643975446,9.684739131564633,-32.48229418868367,9.853949626461693,-26.966937474075795,7.775613964757712,-19.037374771838586,5.222664943840074,-18.62886479654149,5.075212317332695,2.6054460180995824,3.798095946370278,-8.718151987415428,3.6296005414997006,-13.223286742091759,2.408643138395412,-16.575670273425402,3.2939741196438574,-9.338221311431857,4.796279123397257,-11.243310673622036,4.806332457703388,-14.753406631125362,3.9853010000373756,-9.151658581306641,3.292204006949701,-8.968234437584531,3.2523710924062437,-4.458923520268635,3.856176246391364
Pathology,-623.052546193412,52.585775277745185,209.6907680344256,23.666446478879305,-96.85188260475755,30.158148665180594,-9.427841382376945,15.550617765490925,-6.215627020429111,8.544191641294804,8.886842112649626,13.457214006631247,-32.027472953834,9.997634932384159,-6.638469265388516,9.754533546311647,-17.785899891339973,10.10545426456613,-15.903043588649206,6.340611141797759,-2.3253199249207546,5.027120422543797,-17.56248179223672,5.480815581465593,-10.609966313072352,2.898036074967,-20.01085803364687,3.995462001790941,-14.417248049493569,3.3032045192687485,-13.72638034717795,3.3698534904014266,-9.116206014151379,2.4366407082316948,-15.62821457702963,2.5416385169520175,-13.43286377684053,3.4517160201356742,-11.184960259694614,2.5445042640092206
Pathology,-273.24120050218704,46.44181947535342,231.5297319486242,20.61636422050125,-58.736471589114096,33.52833733629942,-24.671753700631278,22.646138439341218,-21.641306210251095,6.765721969790098,24.859852902235748,10.05743628649573,-19.411890319640424,11.70481721745727,-10.590413282596362,14.35274326140112,-21.484739956714115,8.793947457407695,-22.699334599390735,7.774850117991355,-4.7985703715235815,5.80699480871007,-13.889608939177952,4.25494395999062,-11.217469977181104,4.800973415930098,-16.076361275906905,3.336485728304208,-2.3605607412537792,3.8014126349686954,-8.852939650130471,3.8381833674888783,-9.395214637097125,4.269763197355493,-9.941968335018743,3.862561026943484,-7.680852158279295,3.7747806449456673,-5.953759343225331,3.63872000746099
Pathology,-576.9376260235082,61.08172620021762,229.25179202167882,28.72287554115474,-100.06248198685901,34.05034315104323,-49.901095509089345,15.400055109851175,-26.692586828674937,13.674130682106245,2.272157392503105,13.504426496716738,-17.846190175833485,7.11291720542524,-8.057263695300335,6.36288294704864,-12.818929487144107,5.20731152328465,-19.06697402888972,6.074553997440078,-6.130199067897492,5.254249837402557,-13.878213584559909,4.706892927218867,-9.970219004474679,3.5247320524937615,-18.05512222301256,3.842975348102307,-15.435516368794886,5.049536838151994,-20.6877736240782,5.580786412992865,-21.2735806106653,6.177800978017494,-18.66907144358539,3.4054597466636145,-17.874873271217208,3.895157582079968,-11.073704230241713,4.218070961480999
Pathology,-352.559731640733,58.81338767786046,221.5066453312523,28.682575114519477,-48.70620924998076,35.946617433436415,-28.895222456803396,22.799359284410997,-4.333967794103078,8.906939327800666,3.5143176582415867,11.674918198006639,-16.325886257916324,9.179881383164837,-1.61138080243943,9.014346749427203,2.9567902319630184,6.243355856326123,-10.372802214857538,5.673075470401957,-3.9984554852329803,4.9125742109244435,-14.344610769987593,3.848164165543123,-13.123882504336844,3.4299432941623134,-17.9773815531763,4.304615769848716,-17.471730195332945,4.046801267537187,-12.070010311788081,3.380986925533976,-13.223732214078305,2.798735888395047,-10.599832596636489,3.2109915949721186,-11.197142762803672,2.4830086160132816,-8.436191723918299,2.8570330238791826
Pathology,-359.01814249660754,40.925529665001335,232.1640502183859,22.162280003158696,-41.01788177019086,23.752494397988045,-24.573086584090568,20.74504803530041,5.650994140857309,8.854190047407643,3.8511613385866226,13.003211777433203,-7.278957135805762,11.190059494924569,-7.784825316203252,7.239070244501148,-19.349197504244742,5.442770329466478,-21.89042551164883,4.248703547017426,-5.150679282437727,4.767306622021066,-14.13458045667758,4.358768704897415,-15.666496725388482,3.7740403514443077,-13.442301887534713,3.346432152045442,-13.448989404156416,4.540708916598907,-9.869832395630608,2.8605684918191763,-12.797671909361515,3.3184909453638074,-14.193992142565344,2.3068676157215116,-14.211633705743251,3.07199956009025,-10.916172281975227,3.141468978375709
Pathology,-652.9317716865587,43.274225522884926,212.98519625953185,22.054116631495624,-44.67552543402632,26.479472982566513,-2.311913432598048,16.022115162203104,-3.4491858707047487,8.008965293010526,23.75365662864534,8.562723497205853,-11.476303352627697,6.454461021337772,2.276816690932936,6.322944206539293,-6.408453922463435,5.017072996095895,-14.59207626922764,5.002064788512287,0.5504323982595618,4.32976030450694,-11.685662119745484,4.722643400876709,-9.996362759342288,4.010594866044775,-15.967885121602013,2.65087118676249,-9.126637041363383,3.763233254027146,-16.551394299627727,2.9006310293848174,-17.84292766462163,4.037971189879207,-15.723498186742384,3.0150071308021342,-14.296649613826213,2.9449729081837854,-9.027421087581503,2.8240838338439143
Pathology,-617.9557273295393,79.31058299379245,184.63357180774622,35.9066392777358,-77.18714575912185,46.947424494944265,-55.77411697986767,25.855730039682562,-13.910254900624073,9.2517314916288,-4.264592913199468,13.743711027148844,-24.955889367775562,10.79452945804083,-15.756746936888812,13.04990070064692,-12.567179969487482,8.648936103475782,-23.136367294045485,6.568898410090674,-8.049002448587713,5.006727519590074,-10.502329365796227,5.08686568447445,-12.52806388464418,3.8752188917895514,-14.343279855013176,4.579018153576675,-11.647364903793541,3.4109192653059868,-8.216628378127703,3.5053729108514577,-11.352690243318548,2.8098290209706605,-9.406257184539722,3.0241539297630413,-10.211207645193126,2.5144917512112155,-8.676640281617557,3.2687605533250452
Pathology,-681.7222668147791,47.09008136520495,182.73957939386742,28.979990543529173,-27.714709044970405,24.155125764379893,-13.470186626462949,14.928892273111869,-9.500169441238267,10.876211795480653,11.665801605535203,10.280233884824806,-18.57246577917429,10.248431856044535,-16.392255041580263,11.958115264489681,-10.355215759454225,11.145417420207245,-17.018409385461993,6.239255740183547,-4.0650280543198845,4.135296423011464,-11.349984262864215,4.868442159138903,-12.538162449936108,4.563914284183221,-17.54044437327626,4.765148934629138,-8.902062715802646,4.024234534791195,-6.79453991289496,3.1657959348231555,-12.463009175158797,2.8356073290943717,-10.882399255290352,3.823929029301923,-11.466917085411199,4.818311206356894,-7.260022679658406,2.825852134650415
Pathology,-378.73404398616134,48.441424037724495,219.5962204577463,31.297529009666928,-12.146969008715308,19.922483003510568,-54.78478160528555,19.751419098414388,-3.0878850510274543,12.018771917513135,0.5007304268869257,14.28569072125269,-21.410313335710313,13.273071511748817,-19.42556048176918,8.688368138059431,-12.089212695855442,5.822881122148908,-10.894919518887734,5.604900423034,-4.9407236798001115,5.708962167079537,-3.028203158214907,7.601570616732752,-8.10194507907007,7.544823541889435,-10.949403322554568,5.400815764658932,-11.759695204194987,3.7805170522402194,-13.34172708181708,3.857721059052006,-14.63611985574393,4.820268752475948,-16.026234985493133,5.285122030894938,-16.510025084005512,5.207079050881745,-13.667495785834625,4.3111484866516205
Pathology,-308.5812119967676,46.18531231906081,219.79612191112412,32.60109374568108,-10.732253145629697,17.216015364724942,-27.97568754361833,24.31662352985493,-26.96490798230843,13.987949622550888,10.819254797643241,9.735926509913497,-10.924192330613819,8.501463600953207,-11.719153674611258,4.3752852782032186,-2.4595274187482157,4.06105345152511,-7.968747810106695,4.359228963074875,-4.653984307668311,3.368294925467135,-16.25662109911064,4.189523644674484,-12.074319000038708,3.471382625261646,-17.100359025086448,3.1782215129062505,-16.869525790514643,3.398690291096415,-15.073599281997467,2.7662958485555023,-15.645163386100633,2.8882591241620093,-10.898593189205936,2.5913351043954527,-11.522159620676781,3.2064102457590096,-8.490993873619514,2.9531365614765726
Pathology,-574.5626768814581,24.481515392027188,237.48277120920065,18.836736620912266,-64.06924869891984,7.077996981706398,-19.179807265330858,5.000572673157071,9.575457169707747,5.034709587890158,-1.1179575342538934,5.311934637021254,-23.593899535213232,4.756243470494757,-7.015091593417172,5.124931415306156,-8.63321755598436,5.1154983675236325,-19.099429972482714,5.533546096744957,-10.24275565952938,6.055267735342013,-23.842690604669418,4.0285243390898415,-18.97961653739207,2.748283438931319,-18.21113905118553,4.482212729555106,-17.589622925993886,4.676016804803133,-16.67891520508817,2.748518164535698,-16.72316277945552,3.1642639013539866,-12.03595173057418,3.3429920465621215,-12.873393040022243,2.0871083109099975,-10.104371622699706,2.74632183510885
Pathology,-281.95864453250823,47.879389562766754,221.13273033737573,33.805748133508,-24.611685439672648,18.84808878597907,-7.594567190128166,21.406428459686,-39.44714141675919,11.965001130574171,10.160696351994602,11.237701171081936,-23.82150240162531,7.81539680432764,-5.893075279293414,3.6801382617543603,-3.284415471193712,5.4004437094737465,-5.918134954388651,4.946316985943901,-2.8006449715090422,3.299498674220849,-16.219661478728725,3.99790000900445,-9.065821410885057,3.4121948188229925,-17.119239788238712,2.3802915108458067,-10.065356730747801,2.4889377317606263,-14.541392065199362,2.943047566666431,-10.301485215334015,2.4570072101926286,-11.062416151538022,2.634612045925503,-8.612003248399892,2.8405702076187667,-6.540366469865088,2.89959230014592
Pathology,-583.440022048708,55.02173530687227,223.73111667679524,30.616701545341982,-20.300260250824614,30.400333370016494,-51.521520449107385,25.74654995530112,-2.1567022568028604,9.040126241009114,3.088586649175591,10.835530554468846,-20.231627779745764,12.936963523172949,-17.285216775086077,7.031128752714356,-4.864341606551401,4.938029854972034,-6.916410579207129,5.46593754389747,-1.324573003477687,5.704309925545444,-0.617571618218622,8.293073247491847,-6.888556216056154,7.764820351377661,-9.338588345738584,6.185957939809226,-10.707682814489248,4.9957597724864575,-12.252901780243274,4.66255726831711,-17.334286148362875,4.448165918135818,-19.457836480096873,5.0424218440713044,-18.177343686389467,5.9931801134444225,-17.008375184846564,4.4775413742728025
Pathology,-582.6537861171927,58.043182914353714,231.7527195417722,33.308000665981396,-37.3988987112338,26.450696449177542,-26.704697949916532,14.5294897164889,7.862135173128754,8.456323968799017,12.72869646758721,8.603327497967664,-13.52836462663718,10.650064061971694,-18.254046361211834,8.193388036331593,-12.47685878395428,5.398743172695683,-15.284910623842364,5.169695071990629,-9.487412503030884,3.753547309965709,-15.840427183852892,6.138651749204113,-13.630706987063238,4.273648140448356,-15.086892072038285,3.243951719131571,-17.02402301559176,5.200816163874277,-13.92694080284271,4.889180774020445,-17.085395030489746,5.854472060188015,-16.511433823419978,3.7225374457413136,-15.023936338850236,3.7393623261886026,-9.084273710042567,3.918947865171567
Pathology,-716.1148342094725,42.76125448729627,178.1991151669471,25.83959269753954,-44.38379027350332,19.643648500148537,-18.799427311565587,23.025602102405056,-46.174430901541456,10.290896436214455,18.864684670168568,5.669933379240507,-26.348842043808773,8.263869140589776,-23.799810313933474,3.9500235013351834,-22.9708504360546,3.6988831489047733,-13.222909843697703,4.706146111643089,-3.604042764227747,3.953737600468962,-14.339892580797356,3.9509630964756703,-9.014943679487526,2.662649383468098,-20.416741545109577,3.5001060369148087,-13.027147420583459,4.57514197580303,-17.14739928254539,4.697860416829979,-13.554843198907,3.5287633368381894,-17.03794293391631,3.228461011529437,-15.527569128968237,3.100903051371581,-11.54226187243275,3.046932965028777
Pathology,-663.9630424484427,59.528790468429186,211.78173617463534,39.1102986311044,-24.431144744321646,19.356840787763325,-4.989325240407243,13.50086599277921,-9.687804880458312,6.735560968148721,22.04798034530055,11.707379494445739,-8.26284598444642,9.113535379939261,-8.96069624456243,2.9577649764409877,-10.872910724441889,4.557471975935168,-12.781420073313006,5.208297956925159,-0.02311155511307292,4.184813845451168,-16.237396731664333,3.803790410731809,-11.568133795421188,5.632337904279909,-11.952894356319213,3.5005452418526106,-9.947481914101868,4.809826310705016,-15.341630584260955,4.889059457899741,-13.502672269947778,2.4422426449837866,-9.352926232919957,2.299628911064634,-11.899993658089626,2.1622914224348815,-8.653496339968227,2.7273154648190867
Pathology,-702.2907338159488,37.956361435303485,197.47353923021413,24.928234276273052,-42.471804829890026,19.811327148286235,-10.624563147560519,15.595912920318957,-37.02900782573783,6.866815876027725,27.659380604417986,7.055767456037817,-14.047791719985778,5.966169543225949,-7.019103198114688,4.867653164817151,-18.871274621040282,5.184873881894002,-19.66231187555498,5.43127216794214,-11.818379015476475,4.943784831768621,-19.736693988765317,5.294698372644129,-13.946248703841556,4.711035848116773,-25.264123728196598,5.37311520004193,-17.56582778179849,5.815523256878361,-21.50353229477489,5.932268460834421,-15.077128529557852,3.7406013665386064,-17.48211509058145,3.6953543113562466,-15.332586508895593,3.161320981937606,-13.446163000619974,2.5065483985726362
Pathology,-679.9498825969625,58.28524094486338,214.07465974503722,39.07066150448973,-18.55716441857247,21.350563649733672,-1.5696838173481686,22.529759107097558,-18.26526214877157,7.30050364152476,21.985392840935862,12.094009653786022,-16.31590307926614,13.426884483385244,-8.546453557339163,2.9847263068444803,-2.868941796158474,5.138830560382033,-7.038848608829681,4.517626282866575,-2.5898172862668116,2.828657714805181,-15.472791145115906,3.262075137791177,-9.347844769625205,4.058619579032259,-18.51400858652817,5.769964679928724,-12.520574411502261,4.843528968433006,-15.510161850652306,2.2408661856933088,-13.704044808671417,1.8627602252531887,-12.961344993805827,2.6246430750594074,-12.839061259571515,2.9995344663676464,-8.746795711235656,3.205515161745544
Pathology,-592.2559023200598,28.77107776251829,230.65027584350173,19.538143989309184,-59.47300787810476,13.609566113123883,-30.143791244043523,12.642771959136871,-4.802199809235033,9.772456448975154,0.001972111325775918,10.83766177938807,-35.05073722614914,9.544469469552961,-23.65028946251155,7.650364678570578,-16.531323457535876,6.298108957355049,-18.620162759986613,4.45569305852462,-1.6820806714793082,2.865824932740034,-12.693807289367404,3.671088663390599,-14.142598112123634,2.5907008332880914,-15.82271647325006,4.0455848980199445,-9.547578792964506,3.878799327813151,-9.410130467900874,3.854939816064662,-11.422494282567477,4.619246687145214,-6.482002230463338,3.0118223197601774,-7.2044232093855545,3.115848054945193,-3.6145475715020794,3.5029441884068784
Pathology,-676.3819887110465,35.56537625375728,212.96715451650306,16.030044777279404,-46.52663081796511,20.431747925449,-11.609716676284217,19.474381695570607,-28.20869132989473,8.25241699843551,23.89412818640993,5.15690942071466,-24.94075274116769,7.232974042656907,-12.505192607521154,8.932095777017325,-12.921676918909796,3.720973074985902,-7.770208264011282,5.644272604039898,3.930699646733409,4.408744834138198,-10.558793977331668,4.240279153289688,-14.569431828779862,3.1310156148154045,-26.022825548530687,3.274421264420916,-11.656510981879153,6.558803753054871,-14.727201713851011,4.329672063273879,-14.331866790467402,4.006470783926741,-14.599876846848051,3.2853228078214287,-8.269921981319722,2.791102114759971,-8.573784588345275,2.9396938226496263
Pathology,-633.064761263948,58.47370164959893,202.60575858833724,31.412666186939706,-50.39012686607996,27.403312798566535,-25.59808298823733,12.388597099644265,6.870764267980928,10.10976602524098,20.752368927577162,6.563373778889689,-13.482605052969161,8.095233036753575,-18.237690016929754,3.7418085287153198,-14.039960670804414,3.6437832296225383,-17.08000893684559,4.135457346447231,-5.204807045528344,3.6049346858051634,-14.069117879702615,4.026771548365649,-12.304367798163957,3.0145454169722417,-16.714504649279167,3.3287942530969916,-16.58917276923529,4.2841935322921065,-14.02616034618317,5.150247296090273,-17.69877988452353,6.030219497612452,-17.83071360605141,4.663942911944142,-19.103263834926196,3.9100840746511287,-12.463813732116302,3.589520819223162
Pathology,-569.3578207638029,39.44968434161305,225.5031637387299,23.717331094081896,-44.107342176463284,22.47462814612331,-58.07038844241469,20.815492742097035,-0.5331394153345684,14.687569026612378,4.4216663190356735,10.116806884940223,-18.39580418121236,9.389225960309076,-16.90792684360598,7.09754600739436,-9.616178162831998,4.304823313681393,-11.367174141525718,4.8965469315562,-0.8676913729915539,4.327171418864636,-0.03161492623851743,5.385215627258895,-5.315094833650107,6.28630689528055,-8.462945581179579,4.549309119345594,-8.524124188656797,4.326698056774575,-7.79729321066712,3.3417718879566003,-14.63835567249555,4.304922660187607,-14.661332254215186,5.031709477232702,-11.234067003202078,5.284615308505815,-10.020831050291026,3.852591985310764
Pathology,-580.7132750277419,40.036716957409965,241.1261016950295,22.18310642952317,-56.42835448955284,23.136153638523457,-26.75847402337043,20.839119858810367,-0.6197275598265544,8.005104503443725,7.516568353570287,10.410252471361778,-18.367608261148252,7.1707838581925625,-8.708327841469528,4.016265746678159,-11.974509633615549,6.209902860535271,-18.101403124371675,5.613381969629742,-0.580109235990814,5.115895936965091,-13.805820330423732,5.690043949030378,-13.976831817818542,3.5070935516022055,-16.121050807766476,4.094596183545015,-15.956251539296646,5.252636995951262,-17.964965987405144,3.766736532926058,-21.129723286069602,3.6252683810440853,-17.068521926718777,3.370504974980479,-14.111207518381027,3.108273890812922,-9.14569499945243,3.2603948814137174
Pathology,-698.1758135758076,68.69438686589548,193.68006443752614,38.178855564178285,-27.47090402952594,36.61388540899012,-2.150896951675067,33.57579408785295,-23.605691631857226,9.833362868485649,27.192778795140583,8.820382397689869,-12.116635258474416,11.20843811912294,-7.685867105025424,5.398094067209402,-13.031931522468753,5.857579999073888,-15.151993194614535,3.886667249270643,-3.267891093843533,3.489579392767741,-12.725910623066309,3.668487498186472,-7.922104343461532,4.134756269902116,-16.242202586618962,3.639228518505811,-6.898015715326367,3.699224888285814,-12.707378183892201,3.156888443905419,-13.420981512508003,2.6120067135213776,-13.133156404293869,2.654950851583289,-11.490084565299512,3.407697062159274,-10.405988195943038,3.0537238729352074
Pathology,-541.5099889173349,37.357872406448145,224.98160241198022,23.527153455989772,-77.60720517698132,12.739011166239758,-68.11226920230254,14.109284338588964,-23.93357238458212,13.350912481743936,-30.83265568941675,11.699697234283033,-28.532786900949095,8.628215713760017,-14.330414946086018,7.498453907785928,-18.982757725026598,8.337231478752493,-18.933560467322213,6.306083268963937,-3.5462072480594036,4.428571061537688,-10.325224842672416,4.818235853080957,-11.558690212804738,2.606949221423988,-7.258774346554561,2.669783020965951,-10.088631208845438,2.125827795371767,-7.317066329211943,2.9639656861025117,-6.4677894651990995,3.738610396070316,-7.167804659421322,2.9105392564995602,-8.214889360843564,2.981829898787393,-7.348349060469707,4.222531900243789
Pathology,-602.7522687828622,47.43052991745644,241.18223786759998,31.10002347113951,-36.14971286435275,13.907173343220947,-36.2934829108799,9.697345702868596,-13.839764232388758,6.781487868590764,2.0895133531545884,12.47524406692696,-27.393815494897826,12.427009051031911,-22.820380825058972,5.373762918251767,-17.803225119625665,3.364464614343416,-26.51126966082003,5.551465996242669,-11.845477396024695,3.5821648749529533,-18.03010067238441,4.542780557436903,-16.652264000069493,3.235151198009147,-18.53361721038337,1.773879706458423,-16.575085048516932,2.8256115739558627,-14.25327037692783,3.339149664606852,-14.074691549684491,1.9297695456988848,-12.240691118089446,2.0717714749017007,-19.098144716755417,3.281926271326391,-14.430297817159369,3.011978363101922
Pathology,-633.3693597948816,79.87783162479087,205.0105443057012,43.44209970053624,-10.434950568091315,36.46407871769067,-39.769380128135346,32.22246681738022,-20.01322859798997,16.31941538216797,-2.6318577055897516,13.350535541778395,-17.53868531994335,15.263081016297686,-15.883618416335837,8.216218917009787,-2.3149562148470575,3.3304341338032555,-3.747932513692752,8.01950547348809,2.5758555401190892,6.412556294609046,-2.0427116035409516,5.349875140542729,-6.454185516136699,3.869438930977184,-8.574195266543178,4.189491136293058,-10.298338045776145,6.3487457412476855,-9.932616580498829,5.320752778356723,-13.080517251642908,3.4177140018650842,-9.929188153767795,3.2134896928662373,-8.493737592365278,3.181809035582515,-6.754694124839243,4.669739811023649
Pathology,-603.6700222484652,57.53494025639036,230.90429657053494,31.024536105260392,-78.51551360271391,24.994107393149992,-34.197158278615504,14.847247094191554,-21.065236472670776,18.737166391881768,14.335930795169983,15.011603110375782,-16.515130907601993,8.470491344859553,-5.21633107435933,6.984021155532394,-12.92722128193868,7.464586411742234,-18.348158751686825,5.185062521335101,-4.500349193480293,4.523108999620428,-15.829137325515195,4.253610936356315,-11.264184910681895,5.065591503547668,-17.240965476092665,4.416233290996339,-11.98609285277348,4.562870887880906,-17.549653577366506,3.9353014715760386,-13.948125364416695,3.355483031475144,-11.513419581357576,2.5017431489015127,-12.917196657783022,2.744811591498841,-10.042676664725716,2.322837595506036
Pathology,-592.9478962077304,61.764864854482134,234.1912879330859,34.86037690737061,-64.90422508171957,29.998250281819484,-51.449476839542235,20.359490584968306,-24.991595858147644,19.005000469334128,4.760094607341902,14.76776878742186,-20.047462935265504,11.672630197463468,-16.87947195668584,8.52038109157956,-16.718379321026404,8.716919675104245,-22.062663689625047,6.494148001421642,-6.866705715762135,4.397565181978266,-15.53630481343685,4.43704212827592,-11.273707617923083,3.7249679671203357,-14.624096062905853,3.2380248555768456,-12.716154930220391,3.5711085297792655,-12.89744762648016,3.368851744682965,-12.933815921312451,3.4555094656197234,-11.664303242508574,2.7693297253846754,-16.656715734023546,4.086412570560781,-10.99863235977147,2.587887428328586
Pathology,-575.4539326199694,65.87623639562207,235.34600084726125,36.1700083418891,-65.06454472998253,28.453400315884522,-29.490212900002366,14.901440368629018,-1.8469795916673082,8.004191843921562,-4.959577590139577,17.542253535006907,-29.57301485680076,15.308950273073256,-18.76480265526126,8.921290922079297,-16.28327033428297,8.441029448424413,-21.88136327598676,4.574733246246547,-9.554155613196729,4.298857053626251,-19.383633665293925,4.092368754502879,-16.320349507111914,3.325534318718588,-16.727615994425317,3.811363076951008,-14.082799593767694,3.057321052473978,-11.044758498586974,3.778663960322879,-12.306460557422074,4.277239170478158,-9.068597926131627,3.2934211440677306,-9.627518953626172,3.7613718189440317,-7.395026651999805,3.1495189505276446
Pathology,-639.3039230789337,66.44696023143264,205.14037148079356,42.61998997799616,-16.606201509466892,22.1806806619566,-14.893622046141267,13.349048894755494,12.288363654104185,6.207173350546848,16.473479380667666,10.653218330294424,-11.720817568129519,14.053843910704634,-16.66690727666328,4.154175840946134,-10.843139586271262,3.25720893322466,-14.050428455676437,5.22511681026639,-5.805049839609452,4.60693172288879,-15.23404413916994,3.101080184591175,-17.542465854425128,5.284377664356333,-15.975364211574073,5.204585052657175,-17.469838676493186,6.466819184127741,-15.802981355981924,4.5346046360875265,-14.23443432375325,2.9118386749593235,-10.730637475189177,2.5521513361750556,-14.14346401345678,2.073802366036479,-12.90293024899161,2.4586393701116265
Pathology,-281.9805499420418,15.03297841512841,235.05783586409524,12.916492413453934,-39.67082364452424,9.200364839118311,-24.858103120993274,6.712711242054372,-33.83720891885786,5.03006610971,11.298110782216234,4.403069215330471,-26.954468280439972,4.894517369887322,-13.316125580232606,3.9465536762772917,-7.8083557204452045,3.4741076862042166,-9.015251013406651,3.1736783572897425,2.335863703326803,2.6063962255766095,-11.218980448941586,4.015807277345383,-9.852730066366705,3.48746068831992,-16.697078515505382,3.212288124750816,-7.470461697506305,2.4594172902382145,-12.479691168044626,2.8341802410428962,-12.269803530309062,2.359597436435654,-10.895948376871019,3.4715090858978814,-10.116357152197079,3.033286917041099,-8.338207503289468,2.5683393716418634
Pathology,-636.7763345749087,70.25652650152458,221.22993289731903,39.67354526595045,-37.08697690152086,34.94029579552196,-17.980387214374204,27.169831814950353,-5.163219135077139,8.38769859687103,20.133142349728235,9.298058891733975,-14.085295332616106,11.7059265391843,-8.584786616934542,7.355857969881636,-3.544667537890341,4.918281764618139,-11.993586187283409,4.852769581004357,-0.12755495877243567,3.4139883387002876,-8.949650858181071,3.5060594182127836,-7.468474556267211,3.851046702698332,-13.196363312746884,4.3842648860737,-6.932837442908268,5.074617112975261,-9.855226884441896,3.6574766538743764,-14.956512352133238,3.6010738545126104,-11.6816155719048,2.4862775857404538,-13.235050256310206,2.938727298664784,-10.616259306794758,2.667901128119025
Pathology,-688.8348351728923,38.69156386598274,182.09119328493986,18.52258673611384,-71.49766636127084,26.932179669148244,-13.043380272417735,24.829195965990998,-16.731941466615737,9.44503854032721,34.05831559164465,9.224916581072675,-15.723608291884956,7.7111814837691925,-5.803577056889268,3.777406461525123,-17.936370745445156,4.402038639123925,-19.23926963565842,4.928033514175445,-7.012422441183256,2.862294692687979,-16.028842381034117,3.4996663867998903,-13.92121438664025,3.0733764584769436,-21.570009337852863,2.5295410938044585,-12.877409386472454,3.5373187227498133,-21.606084001121292,2.87259173108722,-17.648117264798426,2.6352617787554062,-16.60821861976709,3.0598375324253784,-12.73129891637994,2.573670685144914,-13.881937974363648,2.6805563527607723
Pathology,-264.42253122000744,43.23243547488399,244.08388571510477,27.414375268547122,-27.366764121296143,15.78666242834757,-34.73308908543959,13.625468412392616,-23.432232216338356,11.425996558471532,4.461801641225104,11.258892835076592,-18.449641562263746,11.057592482974632,-15.631479163171607,5.493078320956731,-14.56954759857043,7.183665846487599,-19.851483555589734,6.923911763666824,-5.924894239150685,4.599647780230808,-17.701854501985963,5.072371119573818,-15.013599431138879,3.7860499007073,-14.295492546762445,3.0119970389353465,-12.537831335202148,3.798495648771437,-13.385414379098739,4.045353697053069,-12.34594817956816,3.25229028323636,-9.089848670836574,2.5197796626404636,-14.30421731055792,3.8742326508105145,-9.695714326134159,2.840112137859516
Normal,-579.7221246393694,81.07253211914717,238.0361748567849,37.16242849668314,-63.856669726921425,52.50866747410132,-47.54207581499635,34.03178059566414,-9.672728872412845,9.949079212415645,9.94164307074996,12.52964036546548,-1.116844455675598,9.340471596320636,11.613732030545686,11.2814718772448,3.179615260932836,5.553450018319808,-13.768494445320764,5.401188892944137,3.449342033791042,5.876556390686215,-4.196700045712895,4.7217539440005964,-10.337775753866664,4.62269860399891,-12.614726092292692,3.571935000895287,-8.219137670800817,3.6616533951898407,-9.78233932963065,2.9876449647427963,-15.42256796743457,3.0598829025152323,-11.490648134278459,2.6934774248771003,-11.002352412494043,2.7904642798078396,-8.402390062164413,3.0821939857457683
Pathology,-695.280847790915,37.204250615112116,192.94190506243967,16.61393137783215,-59.91905852369965,30.288536103464427,-2.54655478604197,11.535352966068068,-23.43070621045614,11.94451695928038,20.32519439471982,10.052245825265508,-43.72674783414328,13.24953917343647,-20.41136742095944,8.900565653931242,-18.161695351518567,11.225318857966078,-12.764323426396166,6.84459138060044,-3.9726151290910656,7.3027304970350615,-11.182394921040453,5.197230731653236,-11.171824702457256,3.748314230036412,-21.28572063768828,3.495845928736534,-5.5911343006729535,2.975879537066748,-10.597864800451726,3.5358582718291283,-10.015973427022926,2.562278760037724,-14.842010538606957,3.323568250012495,-8.644234581037091,3.392619267685715,-8.71804482517264,3.3184885390103065
Pathology,-665.1695669458501,55.8431059233833,181.04022887129162,31.99855497008316,-16.6446293018165,23.770956001763086,-30.157017851009144,21.45931972046445,-21.339547258683798,10.427780608617732,-4.53762011821534,16.466003079128658,-22.978582405391986,18.528863444755704,-17.860213410101718,8.192699373924563,-5.127331104166722,7.146901925611302,-13.95429829374422,5.438962667366509,-6.157915155223109,4.501355993954371,-8.696222172464363,7.764528811672651,-10.342812733545085,8.52198429712612,-12.527881598932995,5.5592214596879295,-10.944179965580936,3.3524980902963635,-12.903918860255825,3.5157368645818194,-21.012389697480316,4.756656271840407,-16.185267044542435,5.3179216583143,-12.793507647195664,6.180365693237817,-9.178825511785345,4.926220404745224
Pathology,-637.1520199310545,36.876693344141216,217.8957826973142,24.845489531541638,-7.963995527664253,14.48902628528574,-24.736205849349258,13.68865782823971,-13.21861792593446,11.279993752779319,9.073307342954111,11.774347238096396,-16.969896801414688,12.567408007512341,-22.090661631927812,6.16621917114419,-8.998993722661627,5.364124551997753,-9.652797483885267,4.002072203004616,-0.7201951054523349,4.46921110497255,-7.653351417869431,5.871332243217269,-8.798801480924668,6.778510871823291,-12.342184611502413,5.631706287569447,-10.5097403644494,4.624539722871477,-9.598668870499516,4.453181346371735,-18.27721328511953,4.680816580946173,-18.386945008472924,4.5775151047770795,-16.876119479704847,4.713790341528295,-12.58997042647011,4.206606529520632
Pathology,-582.5872768512354,25.741251336008627,246.647463685683,20.95561709801039,-34.55134328379882,9.467249128381457,-32.315435619341436,7.813500262285687,-9.81412128546192,7.854489945536105,-4.1950980130058975,12.694489032471923,-32.54570654976932,10.158429349094943,-28.108079985633807,7.7692041823082425,-21.54768313929912,8.100948731008819,-23.98529741058215,8.04901932510575,-9.022367122608111,6.506806328128049,-16.997988445477294,5.305683584801957,-14.706111630599532,3.4864748472798697,-12.03841582059966,2.548816029640474,-10.159924320859155,2.863564326453464,-9.001432533159958,3.5558832849009416,-9.618789618938786,4.433366685214411,-7.166024008983277,3.3159278232778493,-10.409608330500381,3.174352778637435,-7.344849844651415,3.9960342420408517
Pathology,-590.422317973669,79.9868611676631,198.69853336664806,45.01827101023794,-29.94361207578262,40.06423479482551,-67.0816612445209,35.19380884776433,-11.23673411571192,11.612884109157243,3.9384998815954524,13.11948637114941,-15.972969284963298,18.23526182556317,-18.78447513723664,8.449126085050803,-11.162285831400556,6.114381402329169,-8.747040742402142,6.747305573243272,-2.11876823668403,5.14268674898527,1.1929657654770962,8.330167524740386,-4.0317457151852585,8.636071975374318,-8.201934819851369,6.602820364409862,-7.725604756551152,4.113970200907436,-8.322470435659346,4.44580571700207,-12.750185526913768,4.0387764280621745,-14.932954651770727,4.825216389108065,-12.89658745954819,5.931353859109555,-10.510548391462939,4.466631424487072
Normal,-670.3039206286502,53.73972898242205,208.53015693888366,28.162657089244465,-40.22398920166901,29.83139563686125,-6.157083499768088,14.783769236192317,-21.89867106641448,4.023739956203507,13.849110744682193,9.269383084196669,-20.234126014058138,10.751367476120233,-8.941089682592647,2.940430138443604,-10.721787122507472,4.609398807019008,-14.165406425640052,4.5138850671529385,-4.48447817093086,3.4169335001141485,-17.554203997069138,4.116064490703875,-11.621651664014607,3.11327782195126,-21.85806303315191,3.5544368747658703,-16.17914211660645,3.1445473260048518,-15.729259310251765,2.801409150118203,-11.265289655288262,2.9420000527330328,-9.830781063606699,2.705993161473778,-8.173206495124553,2.471750995731213,-5.860501007339381,2.791264342377154
Pathology,-554.7506115046361,32.19616390995609,259.27945627842547,22.165784259238087,-75.38982150416258,12.203047427881334,-46.3709354924776,12.072138688008776,-15.579982181688147,8.651233804800075,3.7511127156079485,5.24842173827182,-21.21125901104221,5.517248315885216,-5.083929449869608,5.47901282248357,-3.2389509059799164,6.486389259748241,-14.069715460049608,6.359523143582758,-3.3417372248389388,6.479795861919629,-15.050974550004337,5.385640468228798,-11.484225810015674,3.5797227404348764,-15.631510771876469,5.032113983454749,-12.263675237802028,5.185624507477769,-12.887650625223232,2.8663266538584202,-13.271107726432598,3.3876235103150147,-8.753603778255343,2.9401372343157153,-10.891738740405936,2.193477402453986,-7.590333482217964,2.7492180633752556
Pathology,-669.464526150182,71.29248807606096,195.81710335173062,48.303426321862574,2.737604053311299,22.74910070143843,3.55850256814419,18.255254816542525,-0.5305916426190583,5.689439619005226,8.254770087065049,12.160231721107593,-12.867934764500076,14.82163800158314,-9.654922779925872,3.3179077152249983,-3.2663850342637684,3.7578011090988275,-16.545606353291557,5.064512104002383,-13.85005011651156,2.808698047103491,-20.790365841310138,3.5636572439110967,-16.910319544743018,4.108160869422826,-19.909812123114946,4.782379343354026,-21.41759672019887,3.9127585313581226,-17.84879326145666,2.547789180213695,-17.397672416877818,2.455646905868395,-12.79962423936643,3.0587391133949615,-13.229566222426682,2.8266201944277696,-10.03001651023092,3.0518104713036895
Pathology,-648.4513307399114,52.51602932269386,209.73644788498137,31.83796188669493,-35.35709178444793,19.683068448516444,-15.929219226028218,10.007614431403391,-0.23216126530350267,7.409078467379364,20.921028342693777,8.476527823067217,-12.87959308922014,9.778121016274428,-13.335198691522706,3.0746250629031526,-12.333730402234705,2.4867433645875825,-17.386380545657936,4.732017551129068,-3.608666596417434,4.484214714636905,-16.19629234679867,3.058910560759892,-16.06390636591727,5.451689481852454,-19.584911287263797,4.23039888512988,-16.239089478059483,5.7133546180682435,-16.194904090974493,4.276801774889231,-15.173374406221189,3.404240075103688,-10.647634952380649,2.453065840618143,-15.136588635216494,2.1048675806462156,-11.63006241789027,2.043622635331933
Pathology,-560.5315097252992,21.55773302347036,243.19080768393428,14.888012639648913,-55.342480275042824,7.506057675733902,-53.11195439135511,5.527281258474599,-24.74926074970386,6.863131471611801,-29.305461445208394,11.12179430066757,-43.078902561113615,10.913080380930284,-25.281496569519103,8.155340279809378,-18.74003662020504,7.384091251030684,-22.736721337438073,5.020884938295991,-5.405840236205673,4.462649735148951,-14.650052144630976,5.8934544838312135,-18.010378622331153,3.157507510364293,-12.14883111732537,2.5731032869067176,-8.150170184004587,2.8089741170808296,-6.989359574629294,3.1504766779201794,-10.948212706770862,3.8880501153432103,-7.821264476698868,3.4462394959736824,-7.920502464288366,3.62080461986962,-6.364571567650093,3.804675971876881
Pathology,-583.6981855048991,54.05316031414694,202.92412232458787,30.30789479999373,-47.23018620871413,27.801281094706198,-75.81504265872267,21.558250720364864,-16.854313472066444,8.976248490894246,-4.37669221313032,10.655232913346804,-20.342768535632278,10.699807290410192,-21.84103063377999,6.254283391000698,-17.568007099077974,6.1263659571520135,-13.218355136330011,5.408199713878031,2.2923070385188016,5.100748938637666,3.296797485947436,6.611593323840962,-8.078546187103328,6.316829342750179,-8.834931170172043,5.036460195088284,-4.6067789479327885,3.344038072073884,-5.870688122206943,4.188393888248185,-11.860692057878872,5.024775734875032,-12.926663501014042,5.31110961961476,-10.657391685353808,5.661983238243516,-8.835251861800817,4.83869776365309
Normal,-713.3279987381853,34.014277322885164,191.06223100276327,23.415017338187663,-19.551157632998276,11.30418379955834,5.850547694920524,12.260479871642266,-29.085482036879068,6.479775540236143,18.267828868846358,9.729416865137786,-24.91784354279207,12.945781659421888,-14.593280809957136,4.792771747943111,-12.423154743146902,6.0331015766704414,-11.512548233176231,5.096663542624791,-4.925113859542471,3.653121855372447,-17.213948854001877,3.869799952394551,-14.27382374762773,3.3767916440023553,-27.619537503573437,5.44708868705552,-19.029858884265458,4.269962333163923,-20.61306265365124,2.5931435892259813,-16.067719763128814,3.190758239210577,-14.42280174587309,3.306930930304041,-8.92123275966265,3.247029055659829,-6.064925373712135,3.2598150083786117
Pathology,-374.5116684189967,47.887784980947266,203.38671694902067,27.86196940952885,-34.0126710999127,31.871205396862027,-44.351161970481954,25.406676608712598,-12.320986258553242,12.686089691238159,-0.14964137141595096,12.928561787765219,-16.932809405648143,11.342995145840215,-13.854931330392466,8.108325404507626,-7.369688221351963,5.628130301306992,-12.360041565584968,5.148422357381734,0.2791830205006444,6.8755402123377,-1.512238429199709,8.789306396781798,-5.908733967638334,7.454905351329612,-9.573121327085875,6.290885205966609,-12.226019575427307,5.780215077187177,-11.56987287117566,4.252770673886519,-16.603824748734286,4.73547448021288,-16.240493216820795,5.903991318651143,-15.444408372689523,5.730773121318735,-12.62438293983082,4.406583338630951
Pathology,-527.0949750353135,23.065835787602985,246.8882870033777,18.87675408304309,-44.77420533667338,9.698105278967068,-36.416528413995124,9.723562015066,3.5525878486520677,8.66490852165244,-23.905360134503436,11.64192128949681,-35.4521686162151,9.53565362588727,-22.033059459398004,8.630489148570014,-18.7150506129422,7.26166438423476,-18.282900496302894,4.159031087025856,-10.385095555843694,5.322163927414681,-13.071636194998407,6.58411831551729,-13.908826290564656,4.906959370359501,-12.245766884576534,3.641518474877026,-12.284595227823257,3.181260807820591,-9.367963125240607,3.953320867181757,-10.441012285896596,4.73907978549086,-9.975883128889555,4.0904657368813515,-8.49328585052067,4.35670224694721,-9.303087188481648,3.801872282038076
Pathology,-697.6215650693512,37.721428271850506,193.3080659111277,18.229803532691303,-59.152443786430254,22.28836156377419,0.06231711809717523,13.594581761432698,-20.38223118615232,8.405997974548209,25.76711009028244,7.633972594191768,-30.410146628642448,8.66903665485226,-7.713408487638949,7.568738211535799,-13.447102808148724,8.347074707561067,-10.316129463048457,5.390384833608935,-2.43112425342484,5.747509374317572,-11.728113822637972,3.7124064685948137,-12.551708459157648,5.65431261796064,-23.31374715021953,4.808098138626542,-9.854858580718039,4.330294136693851,-13.991397799053017,4.237696983421651,-10.286394452211724,3.6979765624217866,-13.50588824102615,2.9180800915961593,-9.186211434660864,2.8677368080190075,-10.262927853134626,3.4009748597505425
Pathology,-595.3409082905056,56.70931593283588,236.71392630808862,31.35022908884848,-64.58640890590948,26.1279824618064,-33.84532149912579,14.771431480293552,-10.102480210971958,15.638175313608393,13.70475663349526,16.876271264081574,-18.262385440212885,11.847341928676439,-12.953389315002722,5.1484595474247445,-15.890694291550396,4.6935297713412165,-22.662436830239614,6.264346032496815,-4.494608222745228,4.948604247366083,-14.979282964630292,3.9838582858222744,-15.03308376593365,4.069536589752595,-19.326292971489092,3.5308920055194624,-15.195830788350857,6.177404134007166,-20.044613215462178,4.916721820507256,-20.668993618674193,4.44493316860649,-13.35596488777683,2.9405064917278985,-14.496996344076347,3.14122550922879,-10.74725549081621,3.4567287854644433
Normal,-584.3542477276069,92.80251989936875,222.03348868044492,43.91652478647254,-69.4891013155641,54.758030591860745,-59.83800696781979,34.70736046164302,-8.37189783456298,10.747366879212178,17.10400930594769,14.346676939316898,-3.023818200247448,10.945892432498292,-3.2300916887762594,9.051128232601164,-7.360387961320123,6.096510356552525,-16.159547062074274,3.614398753695914,1.8217052642219296,5.693089964104643,-6.192569919452209,3.734755809074485,-13.281085479329718,4.293561162858907,-12.45179308758907,3.9914381047480108,-7.58234796452136,4.442895245140034,-9.43780568610986,3.162124217005629,-16.697031626717326,3.5670246559610925,-13.043048739933836,3.3599847084681844,-12.271287676720922,3.600680005857736,-9.782822993866716,3.33077267745268
Pathology,-607.2046531454207,56.32405373291969,224.22388133433148,35.97092712102391,-36.718486255090276,24.242431990185107,-13.146464455881416,15.075044914946124,4.517911254683145,8.463085058579583,3.0618156976387603,16.350666786676374,-25.220778621778148,15.972662852890329,-17.603285256851137,9.114322479519645,-14.018785179989138,9.045508997524005,-19.951765068908337,6.618678095770286,-8.902132880280591,3.2478788462246997,-19.514235527994998,4.072184222455741,-14.69658897154732,2.446351290656634,-12.651153655606132,3.513628075066327,-12.451015710209862,3.1318244742959127,-10.542533566220829,3.8143401728272246,-9.819777369223472,5.400683502684997,-6.311553380038119,4.055504293100023,-10.235901185111985,3.402795493348168,-7.464442631456247,4.26885281797549
Pathology,-642.046761443882,50.00336358700466,223.55325734498038,28.566940694935838,-58.60202653345553,20.652206007541245,-13.18459778561509,12.286175205755258,-29.96632051680535,6.6144892241120115,-4.213643679471097,17.692311691635883,-33.25294012687336,15.11814200492023,-5.347778072236142,7.905705571244474,-18.74051855448674,6.800966174928101,-22.448083048376393,6.124845486576011,2.760687119703674,3.6585977775263143,-9.32604542672563,4.684324091644932,-13.471916907407014,2.9125657433334973,-17.992087429060856,3.486680684656194,-3.116032107875338,3.9513788497582483,-9.846448023532275,3.4197043935247566,-9.371394033831296,4.080699616675519,-8.791185675497722,3.4425585691779026,-7.6741295499215285,3.2921080732993193,-7.54963331268898,2.986566791083882
Pathology,-609.1781991169413,36.649297478956754,235.8013436519446,15.743884869504962,-75.40782877407877,26.753176346696417,-26.649340100925098,15.119692410993677,-7.156359994964994,8.459716092307096,15.548962409842055,7.283477898569591,-32.11637634838451,6.727955751823545,-9.277748736849123,7.446658996430585,-7.168130077209749,5.649386414265151,-18.274101995208355,4.9817313491444475,-4.015330615070575,3.4031154823972867,-11.43649540758685,4.567949858738445,-10.11303917887819,3.0445644559852276,-18.25382801577823,2.49430438555267,-6.813089411801921,2.6164841838548147,-9.676249307352471,3.8629654993407554,-10.080679081032963,3.332014803211723,-8.74663747975229,2.6416193247462436,-9.396380563136823,2.529758387178976,-7.0037110309136,2.872522201126533
Pathology,-631.6367596779837,52.58249257943489,209.91941347389377,36.61777644795135,-12.002185928861199,17.232016938344284,-21.837736597547742,17.511141063814957,6.350277112578656,7.26004875185224,19.822236340284526,7.758810771435283,-4.333484818306662,8.365510335240499,-13.525537681081106,3.9974020877650887,-10.121954879386609,5.118322964319705,-14.169895320032932,5.319131724973616,-6.654694121027273,4.675800461808272,-12.154733072724262,4.7539149627495725,-12.142377153772722,3.55145178896303,-11.55396298065617,2.616178054390548,-14.55475228762685,4.163306456578057,-14.014011793146159,3.9237177560964196,-17.02662626253512,3.958986857264606,-16.53284195300594,3.4077694738054456,-15.45748581479456,3.677444351739467,-11.334521658135131,3.1233655927555173
Pathology,-614.8955150695106,24.880679210423594,236.4657329715906,18.546399329696243,-42.71321298605324,7.901517766805056,-28.37091481562897,6.829859463114917,-4.49894570837207,7.906650033476714,18.85633201850047,5.43785903951636,-19.84199210991208,5.709998890861056,-14.930990617129495,4.712732922335705,-5.038868159868935,5.4055671299369505,-13.424113227215086,5.771672045775062,-6.236371175384941,5.067079453157464,-16.93056561392072,3.6130817937992172,-12.4787735891513,3.0737725052442304,-15.39170409458907,3.6973110481750187,-11.544052139177557,4.047272397700608,-13.27100835387188,2.877356981638677,-15.978722845185509,2.9259009065993196,-10.73358569595708,2.463978952821137,-11.041698286963468,2.4401369470794374,-7.212006184562577,2.655953302096711
Pathology,-260.2617391679754,39.67207655186878,217.1384453986984,24.432982280469723,-25.068030424325887,15.180623235045156,-24.120512148133013,14.097829545854887,-6.027755569446576,14.057677048613256,-2.357956441632093,10.356298796082129,-23.075601627681266,10.531212680337896,-13.892506106851606,7.574720686083317,-11.637195400653642,4.579656321368935,-22.0216158434499,6.767314726908059,-3.399370294399962,5.74567856057095,-6.817843475479074,6.8139860835474915,-11.78020938883354,8.274813897832427,-11.984412368986435,5.158897025371594,-11.565950891972706,5.216722467236054,-15.101597341188302,5.0880844949814295,-19.492597686116955,3.978285893913501,-14.084731472835866,4.729270993672694,-15.555554471968483,5.265262189230487,-13.627550090247272,4.111903302987958
Pathology,-669.7180658860987,19.968684435287315,220.82116059286238,17.764553467389696,-18.830508639820444,6.147898244370098,2.9030516559007777,4.576930274026821,-12.256546055729139,7.528939568395855,20.777868764155574,11.059335307468062,-28.919134972866058,11.561888514649365,-23.860424172206592,8.973970361314047,-18.69953248492602,8.027736403267141,-17.850848431892782,6.230488169329849,-6.091326340993476,4.293107210875759,-15.996546355128215,3.6341522574377767,-7.48641504626038,1.94094422097388,-13.052265302734533,2.5424828327136364,-5.829962286673555,2.8320416419355094,-9.89571450311759,3.6144639068710345,-8.04432033587947,4.238467148525473,-8.177207789773627,3.510732263274927,-9.98589555344108,3.5026325196777974,-5.883795714607929,4.35287520285136
Pathology,-634.1855870789042,46.176307825959384,237.1585804801897,33.12968824389647,-6.96539236994603,18.19451016855277,-17.724047798484342,18.700400584445,-22.38684041758342,7.772324739752473,9.028421294573308,8.733256370930802,-21.86248795877943,10.619571126461773,-20.873460550882015,6.656932090232483,-11.116656552290015,3.665621699003077,-12.836852335908594,5.7133714017431965,-1.4488553483768802,4.728968152123643,-12.250799303382372,4.781453870888,-9.639835342279063,2.9419138064303527,-15.302267531526045,2.6741603432741132,-13.5785139065523,5.275405901598552,-16.242921195989194,4.342400139769955,-17.269527572597624,3.9010042040294954,-11.57129627465088,2.881761993810711,-13.00080712799965,2.884977534798422,-7.267477808529609,3.5945476649713215
Pathology,-385.47763090919887,44.89193014471355,219.67853377178682,28.72516456173327,-7.507418377220236,25.611990022301836,-37.26406652987902,22.585437259879086,-4.919456136929895,7.580820715291005,-13.001027462795246,10.350651779234969,-17.36616598686375,13.502128008847217,-9.218144984534803,10.162297543805579,-14.27484824589877,6.166485373501752,-16.788755028860276,5.752860274181071,-5.662086890568265,7.623903982273515,-4.039232640093894,9.1918934094021,-8.776108429975185,8.706885050319647,-10.134212587669541,6.834594672881956,-13.508365447200347,4.603712667548425,-16.14665870752391,4.161680695599421,-17.21250504884409,4.304446236541158,-16.760468626904814,5.173938949997118,-13.678604854304941,5.570092117717772,-10.927235944669818,4.891549648333638
Pathology,-314.4218156821096,39.32915914388994,213.43733492445241,25.18906150482081,-33.00677485278975,14.9289173455797,-18.204189042653326,8.87415366349019,-11.369027909923316,12.740668436432582,13.977863773447943,9.990990984535756,-16.941825818521266,8.234435115018195,-10.95158669131262,6.506153960835456,-8.176299487584172,5.727955631584988,-15.927077138536237,5.087474944879337,-3.5203879807732297,5.323512856475061,-14.751586334736231,5.456736635949818,-13.795445518670592,6.616894620933614,-19.138703958561077,4.761204849846037,-15.153698640570287,5.016708549456259,-17.93709247936598,4.649496376980261,-18.912053121890825,4.267848099980797,-14.261805535403576,4.168028722582961,-16.886079972801813,4.021847843002106,-11.280301394726399,3.46252704208394
Pathology,-682.9663303872359,41.430769561544125,212.1651524758306,26.84627694805511,-33.88322195852128,17.20937494276475,-9.65044615926024,14.858554367191234,-36.47980120767435,9.374244426830122,22.860768499140587,10.384672718457567,-23.13552751383576,8.897979334811213,-14.745862338468143,7.939868560637283,-18.019669837586722,5.118476277991238,-11.528076619016403,6.318003138972799,-1.5699651460033446,3.7996681649981014,-13.437468894693296,4.720759853989309,-11.962898597813654,4.584336136091528,-21.986217175941615,4.97295368505225,-10.091338892827649,6.26418018400582,-15.931028363129059,4.979830482806267,-13.965552206535108,2.670334367232416,-14.788601651245008,2.71489498151946,-9.958309758987667,3.5181764433747102,-8.723728545239528,4.19479836935577
Pathology,-650.2172451155244,38.626367805776546,210.3647340593797,18.48503648659923,-87.66716634786302,17.92740745068232,-20.264698002347117,9.120267876347924,-31.152120709517153,6.933008066390576,18.281416939423924,10.34732822116109,-32.53322318306495,9.19507960340731,-12.217560753309815,9.235051980822762,-25.571251228902348,5.787218411460588,-21.575589636814485,3.786078330622517,-7.644307541840298,3.6061678213669337,-10.22319374867247,3.1400873815037693,-8.7418266091194,3.217444192620935,-23.23130535100319,3.521053998604158,-12.18321121571514,3.5749934223958855,-16.00394798592045,3.319270298653194,-9.5127039385016,3.5238673149732915,-14.104496408486424,3.310560629368319,-16.264270972933538,4.72887768187279,-17.535779268561704,3.57687575015944
