filename,label,label_text,source,modality,original_filename
train/HS_segmented/F_MSM_A_seg_0.wav,1,Pathology,HS,HS,HS/F_MSM_A.wav
train/HS_segmented/F_MSM_A_seg_1.wav,1,Pathology,HS,HS,HS/F_MSM_A.wav
train/HS_segmented/F_MSM_A_seg_2.wav,1,Pathology,HS,HS,HS/F_MSM_A.wav
train/HS_segmented/F_MSM_A_seg_3.wav,1,Pathology,HS,HS,HS/F_MSM_A.wav
train/HS_segmented/F_MSM_A_seg_4.wav,1,Pathology,HS,HS,HS/F_MSM_A.wav
train/HS_segmented/F_MSM_A_seg_5.wav,1,Pathology,HS,HS,HS/F_MSM_A.wav
train/HS_segmented/F_MSM_A_seg_6.wav,1,Pathology,HS,HS,HS/F_MSM_A.wav
train/HS_segmented/M_AVB_RC_seg_0.wav,1,Pathology,HS,HS,HS/M_AVB_RC.wav
train/HS_segmented/M_AVB_RC_seg_1.wav,1,Pathology,HS,HS,HS/M_AVB_RC.wav
train/HS_segmented/M_AVB_RC_seg_2.wav,1,Pathology,HS,HS,HS/M_AVB_RC.wav
train/HS_segmented/M_AVB_RC_seg_3.wav,1,Pathology,HS,HS,HS/M_AVB_RC.wav
train/HS_segmented/M_AVB_RC_seg_4.wav,1,Pathology,HS,HS,HS/M_AVB_RC.wav
train/HS_segmented/M_AVB_RC_seg_5.wav,1,Pathology,HS,HS,HS/M_AVB_RC.wav
train/HS_segmented/M_AVB_RC_seg_6.wav,1,Pathology,HS,HS,HS/M_AVB_RC.wav
train/HS_segmented/M_AVB_LLSB_seg_0.wav,1,Pathology,HS,HS,HS/M_AVB_LLSB.wav
train/HS_segmented/M_AVB_LLSB_seg_1.wav,1,Pathology,HS,HS,HS/M_AVB_LLSB.wav
train/HS_segmented/M_AVB_LLSB_seg_2.wav,1,Pathology,HS,HS,HS/M_AVB_LLSB.wav
train/HS_segmented/M_AVB_LLSB_seg_3.wav,1,Pathology,HS,HS,HS/M_AVB_LLSB.wav
train/HS_segmented/M_AVB_LLSB_seg_4.wav,1,Pathology,HS,HS,HS/M_AVB_LLSB.wav
train/HS_segmented/M_AVB_LLSB_seg_5.wav,1,Pathology,HS,HS,HS/M_AVB_LLSB.wav
train/HS_segmented/M_AVB_LLSB_seg_6.wav,1,Pathology,HS,HS,HS/M_AVB_LLSB.wav
train/MIX_segmented/L0106_seg_0.wav,1,Pathology,MIX,LS,MIX/L0106.wav
train/MIX_segmented/L0106_seg_1.wav,1,Pathology,MIX,LS,MIX/L0106.wav
train/MIX_segmented/L0106_seg_2.wav,1,Pathology,MIX,LS,MIX/L0106.wav
train/MIX_segmented/L0106_seg_3.wav,1,Pathology,MIX,LS,MIX/L0106.wav
train/MIX_segmented/L0106_seg_4.wav,1,Pathology,MIX,LS,MIX/L0106.wav
train/MIX_segmented/L0106_seg_5.wav,1,Pathology,MIX,LS,MIX/L0106.wav
train/MIX_segmented/L0106_seg_6.wav,1,Pathology,MIX,LS,MIX/L0106.wav
train/MIX_segmented/H0087_seg_0.wav,1,Pathology,MIX,HS,MIX/H0087.wav
train/MIX_segmented/H0087_seg_1.wav,1,Pathology,MIX,HS,MIX/H0087.wav
train/MIX_segmented/H0087_seg_2.wav,1,Pathology,MIX,HS,MIX/H0087.wav
train/MIX_segmented/H0087_seg_3.wav,1,Pathology,MIX,HS,MIX/H0087.wav
train/MIX_segmented/H0087_seg_4.wav,1,Pathology,MIX,HS,MIX/H0087.wav
train/MIX_segmented/H0087_seg_5.wav,1,Pathology,MIX,HS,MIX/H0087.wav
train/MIX_segmented/H0087_seg_6.wav,1,Pathology,MIX,HS,MIX/H0087.wav
train/MIX_segmented/L0139_seg_0.wav,1,Pathology,MIX,LS,MIX/L0139.wav
train/MIX_segmented/L0139_seg_1.wav,1,Pathology,MIX,LS,MIX/L0139.wav
train/MIX_segmented/L0139_seg_2.wav,1,Pathology,MIX,LS,MIX/L0139.wav
train/MIX_segmented/L0139_seg_3.wav,1,Pathology,MIX,LS,MIX/L0139.wav
train/MIX_segmented/L0139_seg_4.wav,1,Pathology,MIX,LS,MIX/L0139.wav
train/MIX_segmented/L0139_seg_5.wav,1,Pathology,MIX,LS,MIX/L0139.wav
train/MIX_segmented/L0139_seg_6.wav,1,Pathology,MIX,LS,MIX/L0139.wav
train/LS_segmented/M_N_LLA_seg_0.wav,0,Normal,LS,LS,LS/M_N_LLA.wav
train/LS_segmented/M_N_LLA_seg_1.wav,0,Normal,LS,LS,LS/M_N_LLA.wav
train/LS_segmented/M_N_LLA_seg_2.wav,0,Normal,LS,LS,LS/M_N_LLA.wav
train/LS_segmented/M_N_LLA_seg_3.wav,0,Normal,LS,LS,LS/M_N_LLA.wav
train/LS_segmented/M_N_LLA_seg_4.wav,0,Normal,LS,LS,LS/M_N_LLA.wav
train/LS_segmented/M_N_LLA_seg_5.wav,0,Normal,LS,LS,LS/M_N_LLA.wav
train/LS_segmented/M_N_LLA_seg_6.wav,0,Normal,LS,LS,LS/M_N_LLA.wav
train/LS_segmented/M_N_LLA_seg_7.wav,0,Normal,LS,LS,LS/M_N_LLA.wav
train/LS_segmented/M_N_LLA_seg_8.wav,0,Normal,LS,LS,LS/M_N_LLA.wav
train/LS_segmented/M_N_LLA_seg_9.wav,0,Normal,LS,LS,LS/M_N_LLA.wav
train/LS_segmented/M_N_LLA_seg_10.wav,0,Normal,LS,LS,LS/M_N_LLA.wav
train/LS_segmented/M_N_LLA_seg_11.wav,0,Normal,LS,LS,LS/M_N_LLA.wav
train/LS_segmented/M_N_LLA_seg_12.wav,0,Normal,LS,LS,LS/M_N_LLA.wav
train/LS_segmented/M_N_LLA_seg_13.wav,0,Normal,LS,LS,LS/M_N_LLA.wav
train/LS_segmented/M_N_LLA_seg_14.wav,0,Normal,LS,LS,LS/M_N_LLA.wav
train/LS_segmented/M_N_LLA_seg_15.wav,0,Normal,LS,LS,LS/M_N_LLA.wav
train/LS_segmented/M_N_LLA_seg_16.wav,0,Normal,LS,LS,LS/M_N_LLA.wav
train/LS_segmented/M_N_LLA_seg_17.wav,0,Normal,LS,LS,LS/M_N_LLA.wav
train/LS_segmented/M_N_LLA_seg_18.wav,0,Normal,LS,LS,LS/M_N_LLA.wav
train/LS_segmented/M_N_LLA_seg_19.wav,0,Normal,LS,LS,LS/M_N_LLA.wav
train/LS_segmented/M_N_LLA_seg_20.wav,0,Normal,LS,LS,LS/M_N_LLA.wav
train/LS_segmented/M_N_LLA_seg_21.wav,0,Normal,LS,LS,LS/M_N_LLA.wav
train/LS_segmented/M_N_LLA_seg_22.wav,0,Normal,LS,LS,LS/M_N_LLA.wav
train/LS_segmented/M_N_LLA_seg_23.wav,0,Normal,LS,LS,LS/M_N_LLA.wav
train/LS_segmented/M_N_LLA_seg_24.wav,0,Normal,LS,LS,LS/M_N_LLA.wav
train/LS_segmented/M_N_LLA_seg_25.wav,0,Normal,LS,LS,LS/M_N_LLA.wav
train/LS_segmented/M_N_LLA_seg_26.wav,0,Normal,LS,LS,LS/M_N_LLA.wav
train/MIX_segmented/H0085_seg_0.wav,0,Normal,MIX,HS,MIX/H0085.wav
train/MIX_segmented/H0085_seg_1.wav,0,Normal,MIX,HS,MIX/H0085.wav
train/MIX_segmented/H0085_seg_2.wav,0,Normal,MIX,HS,MIX/H0085.wav
train/MIX_segmented/H0085_seg_3.wav,0,Normal,MIX,HS,MIX/H0085.wav
train/MIX_segmented/H0085_seg_4.wav,0,Normal,MIX,HS,MIX/H0085.wav
train/MIX_segmented/H0085_seg_5.wav,0,Normal,MIX,HS,MIX/H0085.wav
train/MIX_segmented/H0085_seg_6.wav,0,Normal,MIX,HS,MIX/H0085.wav
train/MIX_segmented/H0085_seg_7.wav,0,Normal,MIX,HS,MIX/H0085.wav
train/MIX_segmented/H0085_seg_8.wav,0,Normal,MIX,HS,MIX/H0085.wav
train/MIX_segmented/H0085_seg_9.wav,0,Normal,MIX,HS,MIX/H0085.wav
train/MIX_segmented/H0085_seg_10.wav,0,Normal,MIX,HS,MIX/H0085.wav
train/MIX_segmented/H0085_seg_11.wav,0,Normal,MIX,HS,MIX/H0085.wav
train/MIX_segmented/H0085_seg_12.wav,0,Normal,MIX,HS,MIX/H0085.wav
train/MIX_segmented/H0085_seg_13.wav,0,Normal,MIX,HS,MIX/H0085.wav
train/MIX_segmented/H0085_seg_14.wav,0,Normal,MIX,HS,MIX/H0085.wav
train/MIX_segmented/H0085_seg_15.wav,0,Normal,MIX,HS,MIX/H0085.wav
train/MIX_segmented/H0085_seg_16.wav,0,Normal,MIX,HS,MIX/H0085.wav
train/MIX_segmented/H0085_seg_17.wav,0,Normal,MIX,HS,MIX/H0085.wav
train/MIX_segmented/H0085_seg_18.wav,0,Normal,MIX,HS,MIX/H0085.wav
train/MIX_segmented/H0085_seg_19.wav,0,Normal,MIX,HS,MIX/H0085.wav
train/MIX_segmented/H0085_seg_20.wav,0,Normal,MIX,HS,MIX/H0085.wav
train/MIX_segmented/H0085_seg_21.wav,0,Normal,MIX,HS,MIX/H0085.wav
train/MIX_segmented/H0085_seg_22.wav,0,Normal,MIX,HS,MIX/H0085.wav
train/MIX_segmented/H0085_seg_23.wav,0,Normal,MIX,HS,MIX/H0085.wav
train/MIX_segmented/H0085_seg_24.wav,0,Normal,MIX,HS,MIX/H0085.wav
train/MIX_segmented/H0085_seg_25.wav,0,Normal,MIX,HS,MIX/H0085.wav
train/MIX_segmented/H0085_seg_26.wav,0,Normal,MIX,HS,MIX/H0085.wav
train/MIX_segmented/L0073_seg_0.wav,1,Pathology,MIX,LS,MIX/L0073.wav
train/MIX_segmented/L0073_seg_1.wav,1,Pathology,MIX,LS,MIX/L0073.wav
train/MIX_segmented/L0073_seg_2.wav,1,Pathology,MIX,LS,MIX/L0073.wav
train/MIX_segmented/L0073_seg_3.wav,1,Pathology,MIX,LS,MIX/L0073.wav
train/MIX_segmented/L0073_seg_4.wav,1,Pathology,MIX,LS,MIX/L0073.wav
train/MIX_segmented/L0073_seg_5.wav,1,Pathology,MIX,LS,MIX/L0073.wav
train/MIX_segmented/L0073_seg_6.wav,1,Pathology,MIX,LS,MIX/L0073.wav
train/MIX_segmented/L0007_seg_0.wav,1,Pathology,MIX,LS,MIX/L0007.wav
train/MIX_segmented/L0007_seg_1.wav,1,Pathology,MIX,LS,MIX/L0007.wav
train/MIX_segmented/L0007_seg_2.wav,1,Pathology,MIX,LS,MIX/L0007.wav
train/MIX_segmented/L0007_seg_3.wav,1,Pathology,MIX,LS,MIX/L0007.wav
train/MIX_segmented/L0007_seg_4.wav,1,Pathology,MIX,LS,MIX/L0007.wav
train/MIX_segmented/L0007_seg_5.wav,1,Pathology,MIX,LS,MIX/L0007.wav
train/MIX_segmented/L0007_seg_6.wav,1,Pathology,MIX,LS,MIX/L0007.wav
train/MIX_segmented/L0083_seg_0.wav,1,Pathology,MIX,LS,MIX/L0083.wav
train/MIX_segmented/L0083_seg_1.wav,1,Pathology,MIX,LS,MIX/L0083.wav
train/MIX_segmented/L0083_seg_2.wav,1,Pathology,MIX,LS,MIX/L0083.wav
train/MIX_segmented/L0083_seg_3.wav,1,Pathology,MIX,LS,MIX/L0083.wav
train/MIX_segmented/L0083_seg_4.wav,1,Pathology,MIX,LS,MIX/L0083.wav
train/MIX_segmented/L0083_seg_5.wav,1,Pathology,MIX,LS,MIX/L0083.wav
train/MIX_segmented/L0083_seg_6.wav,1,Pathology,MIX,LS,MIX/L0083.wav
train/MIX_segmented/L0027_seg_0.wav,1,Pathology,MIX,LS,MIX/L0027.wav
train/MIX_segmented/L0027_seg_1.wav,1,Pathology,MIX,LS,MIX/L0027.wav
train/MIX_segmented/L0027_seg_2.wav,1,Pathology,MIX,LS,MIX/L0027.wav
train/MIX_segmented/L0027_seg_3.wav,1,Pathology,MIX,LS,MIX/L0027.wav
train/MIX_segmented/L0027_seg_4.wav,1,Pathology,MIX,LS,MIX/L0027.wav
train/MIX_segmented/L0027_seg_5.wav,1,Pathology,MIX,LS,MIX/L0027.wav
train/MIX_segmented/L0027_seg_6.wav,1,Pathology,MIX,LS,MIX/L0027.wav
train/MIX_segmented/H0052_seg_0.wav,1,Pathology,MIX,HS,MIX/H0052.wav
train/MIX_segmented/H0052_seg_1.wav,1,Pathology,MIX,HS,MIX/H0052.wav
train/MIX_segmented/H0052_seg_2.wav,1,Pathology,MIX,HS,MIX/H0052.wav
train/MIX_segmented/H0052_seg_3.wav,1,Pathology,MIX,HS,MIX/H0052.wav
train/MIX_segmented/H0052_seg_4.wav,1,Pathology,MIX,HS,MIX/H0052.wav
train/MIX_segmented/H0052_seg_5.wav,1,Pathology,MIX,HS,MIX/H0052.wav
train/MIX_segmented/H0052_seg_6.wav,1,Pathology,MIX,HS,MIX/H0052.wav
train/MIX_segmented/H0090_seg_0.wav,1,Pathology,MIX,HS,MIX/H0090.wav
train/MIX_segmented/H0090_seg_1.wav,1,Pathology,MIX,HS,MIX/H0090.wav
train/MIX_segmented/H0090_seg_2.wav,1,Pathology,MIX,HS,MIX/H0090.wav
train/MIX_segmented/H0090_seg_3.wav,1,Pathology,MIX,HS,MIX/H0090.wav
train/MIX_segmented/H0090_seg_4.wav,1,Pathology,MIX,HS,MIX/H0090.wav
train/MIX_segmented/H0090_seg_5.wav,1,Pathology,MIX,HS,MIX/H0090.wav
train/MIX_segmented/H0090_seg_6.wav,1,Pathology,MIX,HS,MIX/H0090.wav
train/MIX_segmented/L0086_seg_0.wav,1,Pathology,MIX,LS,MIX/L0086.wav
train/MIX_segmented/L0086_seg_1.wav,1,Pathology,MIX,LS,MIX/L0086.wav
train/MIX_segmented/L0086_seg_2.wav,1,Pathology,MIX,LS,MIX/L0086.wav
train/MIX_segmented/L0086_seg_3.wav,1,Pathology,MIX,LS,MIX/L0086.wav
train/MIX_segmented/L0086_seg_4.wav,1,Pathology,MIX,LS,MIX/L0086.wav
train/MIX_segmented/L0086_seg_5.wav,1,Pathology,MIX,LS,MIX/L0086.wav
train/MIX_segmented/L0086_seg_6.wav,1,Pathology,MIX,LS,MIX/L0086.wav
train/LS_segmented/F_N_RLA_seg_0.wav,0,Normal,LS,LS,LS/F_N_RLA.wav
train/LS_segmented/F_N_RLA_seg_1.wav,0,Normal,LS,LS,LS/F_N_RLA.wav
train/LS_segmented/F_N_RLA_seg_2.wav,0,Normal,LS,LS,LS/F_N_RLA.wav
train/LS_segmented/F_N_RLA_seg_3.wav,0,Normal,LS,LS,LS/F_N_RLA.wav
train/LS_segmented/F_N_RLA_seg_4.wav,0,Normal,LS,LS,LS/F_N_RLA.wav
train/LS_segmented/F_N_RLA_seg_5.wav,0,Normal,LS,LS,LS/F_N_RLA.wav
train/LS_segmented/F_N_RLA_seg_6.wav,0,Normal,LS,LS,LS/F_N_RLA.wav
train/LS_segmented/F_N_RLA_seg_7.wav,0,Normal,LS,LS,LS/F_N_RLA.wav
train/LS_segmented/F_N_RLA_seg_8.wav,0,Normal,LS,LS,LS/F_N_RLA.wav
train/LS_segmented/F_N_RLA_seg_9.wav,0,Normal,LS,LS,LS/F_N_RLA.wav
train/LS_segmented/F_N_RLA_seg_10.wav,0,Normal,LS,LS,LS/F_N_RLA.wav
train/LS_segmented/F_N_RLA_seg_11.wav,0,Normal,LS,LS,LS/F_N_RLA.wav
train/LS_segmented/F_N_RLA_seg_12.wav,0,Normal,LS,LS,LS/F_N_RLA.wav
train/LS_segmented/F_N_RLA_seg_13.wav,0,Normal,LS,LS,LS/F_N_RLA.wav
train/LS_segmented/F_N_RLA_seg_14.wav,0,Normal,LS,LS,LS/F_N_RLA.wav
train/LS_segmented/F_N_RLA_seg_15.wav,0,Normal,LS,LS,LS/F_N_RLA.wav
train/LS_segmented/F_N_RLA_seg_16.wav,0,Normal,LS,LS,LS/F_N_RLA.wav
train/LS_segmented/F_N_RLA_seg_17.wav,0,Normal,LS,LS,LS/F_N_RLA.wav
train/LS_segmented/F_N_RLA_seg_18.wav,0,Normal,LS,LS,LS/F_N_RLA.wav
train/LS_segmented/F_N_RLA_seg_19.wav,0,Normal,LS,LS,LS/F_N_RLA.wav
train/LS_segmented/F_N_RLA_seg_20.wav,0,Normal,LS,LS,LS/F_N_RLA.wav
train/LS_segmented/F_N_RLA_seg_21.wav,0,Normal,LS,LS,LS/F_N_RLA.wav
train/LS_segmented/F_N_RLA_seg_22.wav,0,Normal,LS,LS,LS/F_N_RLA.wav
train/LS_segmented/F_N_RLA_seg_23.wav,0,Normal,LS,LS,LS/F_N_RLA.wav
train/LS_segmented/F_N_RLA_seg_24.wav,0,Normal,LS,LS,LS/F_N_RLA.wav
train/LS_segmented/F_N_RLA_seg_25.wav,0,Normal,LS,LS,LS/F_N_RLA.wav
train/LS_segmented/F_N_RLA_seg_26.wav,0,Normal,LS,LS,LS/F_N_RLA.wav
train/HS_segmented/F_ESM_RUSB_seg_0.wav,1,Pathology,HS,HS,HS/F_ESM_RUSB.wav
train/HS_segmented/F_ESM_RUSB_seg_1.wav,1,Pathology,HS,HS,HS/F_ESM_RUSB.wav
train/HS_segmented/F_ESM_RUSB_seg_2.wav,1,Pathology,HS,HS,HS/F_ESM_RUSB.wav
train/HS_segmented/F_ESM_RUSB_seg_3.wav,1,Pathology,HS,HS,HS/F_ESM_RUSB.wav
train/HS_segmented/F_ESM_RUSB_seg_4.wav,1,Pathology,HS,HS,HS/F_ESM_RUSB.wav
train/HS_segmented/F_ESM_RUSB_seg_5.wav,1,Pathology,HS,HS,HS/F_ESM_RUSB.wav
train/HS_segmented/F_ESM_RUSB_seg_6.wav,1,Pathology,HS,HS,HS/F_ESM_RUSB.wav
train/MIX_segmented/H0013_seg_0.wav,1,Pathology,MIX,HS,MIX/H0013.wav
train/MIX_segmented/H0013_seg_1.wav,1,Pathology,MIX,HS,MIX/H0013.wav
train/MIX_segmented/H0013_seg_2.wav,1,Pathology,MIX,HS,MIX/H0013.wav
train/MIX_segmented/H0013_seg_3.wav,1,Pathology,MIX,HS,MIX/H0013.wav
train/MIX_segmented/H0013_seg_4.wav,1,Pathology,MIX,HS,MIX/H0013.wav
train/MIX_segmented/H0013_seg_5.wav,1,Pathology,MIX,HS,MIX/H0013.wav
train/MIX_segmented/H0013_seg_6.wav,1,Pathology,MIX,HS,MIX/H0013.wav
train/MIX_segmented/L0066_seg_0.wav,0,Normal,MIX,LS,MIX/L0066.wav
train/MIX_segmented/L0066_seg_1.wav,0,Normal,MIX,LS,MIX/L0066.wav
train/MIX_segmented/L0066_seg_2.wav,0,Normal,MIX,LS,MIX/L0066.wav
train/MIX_segmented/L0066_seg_3.wav,0,Normal,MIX,LS,MIX/L0066.wav
train/MIX_segmented/L0066_seg_4.wav,0,Normal,MIX,LS,MIX/L0066.wav
train/MIX_segmented/L0066_seg_5.wav,0,Normal,MIX,LS,MIX/L0066.wav
train/MIX_segmented/L0066_seg_6.wav,0,Normal,MIX,LS,MIX/L0066.wav
train/MIX_segmented/L0066_seg_7.wav,0,Normal,MIX,LS,MIX/L0066.wav
train/MIX_segmented/L0066_seg_8.wav,0,Normal,MIX,LS,MIX/L0066.wav
train/MIX_segmented/L0066_seg_9.wav,0,Normal,MIX,LS,MIX/L0066.wav
train/MIX_segmented/L0066_seg_10.wav,0,Normal,MIX,LS,MIX/L0066.wav
train/MIX_segmented/L0066_seg_11.wav,0,Normal,MIX,LS,MIX/L0066.wav
train/MIX_segmented/L0066_seg_12.wav,0,Normal,MIX,LS,MIX/L0066.wav
train/MIX_segmented/L0066_seg_13.wav,0,Normal,MIX,LS,MIX/L0066.wav
train/MIX_segmented/L0066_seg_14.wav,0,Normal,MIX,LS,MIX/L0066.wav
train/MIX_segmented/L0066_seg_15.wav,0,Normal,MIX,LS,MIX/L0066.wav
train/MIX_segmented/L0066_seg_16.wav,0,Normal,MIX,LS,MIX/L0066.wav
train/MIX_segmented/L0066_seg_17.wav,0,Normal,MIX,LS,MIX/L0066.wav
train/MIX_segmented/L0066_seg_18.wav,0,Normal,MIX,LS,MIX/L0066.wav
train/MIX_segmented/L0066_seg_19.wav,0,Normal,MIX,LS,MIX/L0066.wav
train/MIX_segmented/L0066_seg_20.wav,0,Normal,MIX,LS,MIX/L0066.wav
train/MIX_segmented/L0066_seg_21.wav,0,Normal,MIX,LS,MIX/L0066.wav
train/MIX_segmented/L0066_seg_22.wav,0,Normal,MIX,LS,MIX/L0066.wav
train/MIX_segmented/L0066_seg_23.wav,0,Normal,MIX,LS,MIX/L0066.wav
train/MIX_segmented/L0066_seg_24.wav,0,Normal,MIX,LS,MIX/L0066.wav
train/MIX_segmented/L0066_seg_25.wav,0,Normal,MIX,LS,MIX/L0066.wav
train/MIX_segmented/L0066_seg_26.wav,0,Normal,MIX,LS,MIX/L0066.wav
train/HS_segmented/F_N_RC_seg_0.wav,0,Normal,HS,HS,HS/F_N_RC.wav
train/HS_segmented/F_N_RC_seg_1.wav,0,Normal,HS,HS,HS/F_N_RC.wav
train/HS_segmented/F_N_RC_seg_2.wav,0,Normal,HS,HS,HS/F_N_RC.wav
train/HS_segmented/F_N_RC_seg_3.wav,0,Normal,HS,HS,HS/F_N_RC.wav
train/HS_segmented/F_N_RC_seg_4.wav,0,Normal,HS,HS,HS/F_N_RC.wav
train/HS_segmented/F_N_RC_seg_5.wav,0,Normal,HS,HS,HS/F_N_RC.wav
train/HS_segmented/F_N_RC_seg_6.wav,0,Normal,HS,HS,HS/F_N_RC.wav
train/HS_segmented/F_N_RC_seg_7.wav,0,Normal,HS,HS,HS/F_N_RC.wav
train/HS_segmented/F_N_RC_seg_8.wav,0,Normal,HS,HS,HS/F_N_RC.wav
train/HS_segmented/F_N_RC_seg_9.wav,0,Normal,HS,HS,HS/F_N_RC.wav
train/HS_segmented/F_N_RC_seg_10.wav,0,Normal,HS,HS,HS/F_N_RC.wav
train/HS_segmented/F_N_RC_seg_11.wav,0,Normal,HS,HS,HS/F_N_RC.wav
train/HS_segmented/F_N_RC_seg_12.wav,0,Normal,HS,HS,HS/F_N_RC.wav
train/HS_segmented/F_N_RC_seg_13.wav,0,Normal,HS,HS,HS/F_N_RC.wav
train/HS_segmented/F_N_RC_seg_14.wav,0,Normal,HS,HS,HS/F_N_RC.wav
train/HS_segmented/F_N_RC_seg_15.wav,0,Normal,HS,HS,HS/F_N_RC.wav
train/HS_segmented/F_N_RC_seg_16.wav,0,Normal,HS,HS,HS/F_N_RC.wav
train/HS_segmented/F_N_RC_seg_17.wav,0,Normal,HS,HS,HS/F_N_RC.wav
train/HS_segmented/F_N_RC_seg_18.wav,0,Normal,HS,HS,HS/F_N_RC.wav
train/HS_segmented/F_N_RC_seg_19.wav,0,Normal,HS,HS,HS/F_N_RC.wav
train/HS_segmented/F_N_RC_seg_20.wav,0,Normal,HS,HS,HS/F_N_RC.wav
train/HS_segmented/F_N_RC_seg_21.wav,0,Normal,HS,HS,HS/F_N_RC.wav
train/HS_segmented/F_N_RC_seg_22.wav,0,Normal,HS,HS,HS/F_N_RC.wav
train/HS_segmented/F_N_RC_seg_23.wav,0,Normal,HS,HS,HS/F_N_RC.wav
train/HS_segmented/F_N_RC_seg_24.wav,0,Normal,HS,HS,HS/F_N_RC.wav
train/HS_segmented/F_N_RC_seg_25.wav,0,Normal,HS,HS,HS/F_N_RC.wav
train/HS_segmented/F_N_RC_seg_26.wav,0,Normal,HS,HS,HS/F_N_RC.wav
train/MIX_segmented/H0048_seg_0.wav,1,Pathology,MIX,HS,MIX/H0048.wav
train/MIX_segmented/H0048_seg_1.wav,1,Pathology,MIX,HS,MIX/H0048.wav
train/MIX_segmented/H0048_seg_2.wav,1,Pathology,MIX,HS,MIX/H0048.wav
train/MIX_segmented/H0048_seg_3.wav,1,Pathology,MIX,HS,MIX/H0048.wav
train/MIX_segmented/H0048_seg_4.wav,1,Pathology,MIX,HS,MIX/H0048.wav
train/MIX_segmented/H0048_seg_5.wav,1,Pathology,MIX,HS,MIX/H0048.wav
train/MIX_segmented/H0048_seg_6.wav,1,Pathology,MIX,HS,MIX/H0048.wav
train/MIX_segmented/L0134_seg_0.wav,0,Normal,MIX,LS,MIX/L0134.wav
train/MIX_segmented/L0134_seg_1.wav,0,Normal,MIX,LS,MIX/L0134.wav
train/MIX_segmented/L0134_seg_2.wav,0,Normal,MIX,LS,MIX/L0134.wav
train/MIX_segmented/L0134_seg_3.wav,0,Normal,MIX,LS,MIX/L0134.wav
train/MIX_segmented/L0134_seg_4.wav,0,Normal,MIX,LS,MIX/L0134.wav
train/MIX_segmented/L0134_seg_5.wav,0,Normal,MIX,LS,MIX/L0134.wav
train/MIX_segmented/L0134_seg_6.wav,0,Normal,MIX,LS,MIX/L0134.wav
train/MIX_segmented/L0134_seg_7.wav,0,Normal,MIX,LS,MIX/L0134.wav
train/MIX_segmented/L0134_seg_8.wav,0,Normal,MIX,LS,MIX/L0134.wav
train/MIX_segmented/L0134_seg_9.wav,0,Normal,MIX,LS,MIX/L0134.wav
train/MIX_segmented/L0134_seg_10.wav,0,Normal,MIX,LS,MIX/L0134.wav
train/MIX_segmented/L0134_seg_11.wav,0,Normal,MIX,LS,MIX/L0134.wav
train/MIX_segmented/L0134_seg_12.wav,0,Normal,MIX,LS,MIX/L0134.wav
train/MIX_segmented/L0134_seg_13.wav,0,Normal,MIX,LS,MIX/L0134.wav
train/MIX_segmented/L0134_seg_14.wav,0,Normal,MIX,LS,MIX/L0134.wav
train/MIX_segmented/L0134_seg_15.wav,0,Normal,MIX,LS,MIX/L0134.wav
train/MIX_segmented/L0134_seg_16.wav,0,Normal,MIX,LS,MIX/L0134.wav
train/MIX_segmented/L0134_seg_17.wav,0,Normal,MIX,LS,MIX/L0134.wav
train/MIX_segmented/L0134_seg_18.wav,0,Normal,MIX,LS,MIX/L0134.wav
train/MIX_segmented/L0134_seg_19.wav,0,Normal,MIX,LS,MIX/L0134.wav
train/MIX_segmented/L0134_seg_20.wav,0,Normal,MIX,LS,MIX/L0134.wav
train/MIX_segmented/L0134_seg_21.wav,0,Normal,MIX,LS,MIX/L0134.wav
train/MIX_segmented/L0134_seg_22.wav,0,Normal,MIX,LS,MIX/L0134.wav
train/MIX_segmented/L0134_seg_23.wav,0,Normal,MIX,LS,MIX/L0134.wav
train/MIX_segmented/L0134_seg_24.wav,0,Normal,MIX,LS,MIX/L0134.wav
train/MIX_segmented/L0134_seg_25.wav,0,Normal,MIX,LS,MIX/L0134.wav
train/MIX_segmented/L0134_seg_26.wav,0,Normal,MIX,LS,MIX/L0134.wav
train/MIX_segmented/L0041_seg_0.wav,0,Normal,MIX,LS,MIX/L0041.wav
train/MIX_segmented/L0041_seg_1.wav,0,Normal,MIX,LS,MIX/L0041.wav
train/MIX_segmented/L0041_seg_2.wav,0,Normal,MIX,LS,MIX/L0041.wav
train/MIX_segmented/L0041_seg_3.wav,0,Normal,MIX,LS,MIX/L0041.wav
train/MIX_segmented/L0041_seg_4.wav,0,Normal,MIX,LS,MIX/L0041.wav
train/MIX_segmented/L0041_seg_5.wav,0,Normal,MIX,LS,MIX/L0041.wav
train/MIX_segmented/L0041_seg_6.wav,0,Normal,MIX,LS,MIX/L0041.wav
train/MIX_segmented/L0041_seg_7.wav,0,Normal,MIX,LS,MIX/L0041.wav
train/MIX_segmented/L0041_seg_8.wav,0,Normal,MIX,LS,MIX/L0041.wav
train/MIX_segmented/L0041_seg_9.wav,0,Normal,MIX,LS,MIX/L0041.wav
train/MIX_segmented/L0041_seg_10.wav,0,Normal,MIX,LS,MIX/L0041.wav
train/MIX_segmented/L0041_seg_11.wav,0,Normal,MIX,LS,MIX/L0041.wav
train/MIX_segmented/L0041_seg_12.wav,0,Normal,MIX,LS,MIX/L0041.wav
train/MIX_segmented/L0041_seg_13.wav,0,Normal,MIX,LS,MIX/L0041.wav
train/MIX_segmented/L0041_seg_14.wav,0,Normal,MIX,LS,MIX/L0041.wav
train/MIX_segmented/L0041_seg_15.wav,0,Normal,MIX,LS,MIX/L0041.wav
train/MIX_segmented/L0041_seg_16.wav,0,Normal,MIX,LS,MIX/L0041.wav
train/MIX_segmented/L0041_seg_17.wav,0,Normal,MIX,LS,MIX/L0041.wav
train/MIX_segmented/L0041_seg_18.wav,0,Normal,MIX,LS,MIX/L0041.wav
train/MIX_segmented/L0041_seg_19.wav,0,Normal,MIX,LS,MIX/L0041.wav
train/MIX_segmented/L0041_seg_20.wav,0,Normal,MIX,LS,MIX/L0041.wav
train/MIX_segmented/L0041_seg_21.wav,0,Normal,MIX,LS,MIX/L0041.wav
train/MIX_segmented/L0041_seg_22.wav,0,Normal,MIX,LS,MIX/L0041.wav
train/MIX_segmented/L0041_seg_23.wav,0,Normal,MIX,LS,MIX/L0041.wav
train/MIX_segmented/L0041_seg_24.wav,0,Normal,MIX,LS,MIX/L0041.wav
train/MIX_segmented/L0041_seg_25.wav,0,Normal,MIX,LS,MIX/L0041.wav
train/MIX_segmented/L0041_seg_26.wav,0,Normal,MIX,LS,MIX/L0041.wav
train/LS_segmented/M_W_RLA_seg_0.wav,1,Pathology,LS,LS,LS/M_W_RLA.wav
train/LS_segmented/M_W_RLA_seg_1.wav,1,Pathology,LS,LS,LS/M_W_RLA.wav
train/LS_segmented/M_W_RLA_seg_2.wav,1,Pathology,LS,LS,LS/M_W_RLA.wav
train/LS_segmented/M_W_RLA_seg_3.wav,1,Pathology,LS,LS,LS/M_W_RLA.wav
train/LS_segmented/M_W_RLA_seg_4.wav,1,Pathology,LS,LS,LS/M_W_RLA.wav
train/LS_segmented/M_W_RLA_seg_5.wav,1,Pathology,LS,LS,LS/M_W_RLA.wav
train/LS_segmented/M_W_RLA_seg_6.wav,1,Pathology,LS,LS,LS/M_W_RLA.wav
train/MIX_segmented/L0016_seg_0.wav,1,Pathology,MIX,LS,MIX/L0016.wav
train/MIX_segmented/L0016_seg_1.wav,1,Pathology,MIX,LS,MIX/L0016.wav
train/MIX_segmented/L0016_seg_2.wav,1,Pathology,MIX,LS,MIX/L0016.wav
train/MIX_segmented/L0016_seg_3.wav,1,Pathology,MIX,LS,MIX/L0016.wav
train/MIX_segmented/L0016_seg_4.wav,1,Pathology,MIX,LS,MIX/L0016.wav
train/MIX_segmented/L0016_seg_5.wav,1,Pathology,MIX,LS,MIX/L0016.wav
train/MIX_segmented/L0016_seg_6.wav,1,Pathology,MIX,LS,MIX/L0016.wav
train/MIX_segmented/H0014_seg_0.wav,1,Pathology,MIX,HS,MIX/H0014.wav
train/MIX_segmented/H0014_seg_1.wav,1,Pathology,MIX,HS,MIX/H0014.wav
train/MIX_segmented/H0014_seg_2.wav,1,Pathology,MIX,HS,MIX/H0014.wav
train/MIX_segmented/H0014_seg_3.wav,1,Pathology,MIX,HS,MIX/H0014.wav
train/MIX_segmented/H0014_seg_4.wav,1,Pathology,MIX,HS,MIX/H0014.wav
train/MIX_segmented/H0014_seg_5.wav,1,Pathology,MIX,HS,MIX/H0014.wav
train/MIX_segmented/H0014_seg_6.wav,1,Pathology,MIX,HS,MIX/H0014.wav
train/MIX_segmented/L0077_seg_0.wav,1,Pathology,MIX,LS,MIX/L0077.wav
train/MIX_segmented/L0077_seg_1.wav,1,Pathology,MIX,LS,MIX/L0077.wav
train/MIX_segmented/L0077_seg_2.wav,1,Pathology,MIX,LS,MIX/L0077.wav
train/MIX_segmented/L0077_seg_3.wav,1,Pathology,MIX,LS,MIX/L0077.wav
train/MIX_segmented/L0077_seg_4.wav,1,Pathology,MIX,LS,MIX/L0077.wav
train/MIX_segmented/L0077_seg_5.wav,1,Pathology,MIX,LS,MIX/L0077.wav
train/MIX_segmented/L0077_seg_6.wav,1,Pathology,MIX,LS,MIX/L0077.wav
train/MIX_segmented/H0073_seg_0.wav,1,Pathology,MIX,HS,MIX/H0073.wav
train/MIX_segmented/H0073_seg_1.wav,1,Pathology,MIX,HS,MIX/H0073.wav
train/MIX_segmented/H0073_seg_2.wav,1,Pathology,MIX,HS,MIX/H0073.wav
train/MIX_segmented/H0073_seg_3.wav,1,Pathology,MIX,HS,MIX/H0073.wav
train/MIX_segmented/H0073_seg_4.wav,1,Pathology,MIX,HS,MIX/H0073.wav
train/MIX_segmented/H0073_seg_5.wav,1,Pathology,MIX,HS,MIX/H0073.wav
train/MIX_segmented/H0073_seg_6.wav,1,Pathology,MIX,HS,MIX/H0073.wav
train/MIX_segmented/L0140_seg_0.wav,0,Normal,MIX,LS,MIX/L0140.wav
train/MIX_segmented/L0140_seg_1.wav,0,Normal,MIX,LS,MIX/L0140.wav
train/MIX_segmented/L0140_seg_2.wav,0,Normal,MIX,LS,MIX/L0140.wav
train/MIX_segmented/L0140_seg_3.wav,0,Normal,MIX,LS,MIX/L0140.wav
train/MIX_segmented/L0140_seg_4.wav,0,Normal,MIX,LS,MIX/L0140.wav
train/MIX_segmented/L0140_seg_5.wav,0,Normal,MIX,LS,MIX/L0140.wav
train/MIX_segmented/L0140_seg_6.wav,0,Normal,MIX,LS,MIX/L0140.wav
train/MIX_segmented/L0140_seg_7.wav,0,Normal,MIX,LS,MIX/L0140.wav
train/MIX_segmented/L0140_seg_8.wav,0,Normal,MIX,LS,MIX/L0140.wav
train/MIX_segmented/L0140_seg_9.wav,0,Normal,MIX,LS,MIX/L0140.wav
train/MIX_segmented/L0140_seg_10.wav,0,Normal,MIX,LS,MIX/L0140.wav
train/MIX_segmented/L0140_seg_11.wav,0,Normal,MIX,LS,MIX/L0140.wav
train/MIX_segmented/L0140_seg_12.wav,0,Normal,MIX,LS,MIX/L0140.wav
train/MIX_segmented/L0140_seg_13.wav,0,Normal,MIX,LS,MIX/L0140.wav
train/MIX_segmented/L0140_seg_14.wav,0,Normal,MIX,LS,MIX/L0140.wav
train/MIX_segmented/L0140_seg_15.wav,0,Normal,MIX,LS,MIX/L0140.wav
train/MIX_segmented/L0140_seg_16.wav,0,Normal,MIX,LS,MIX/L0140.wav
train/MIX_segmented/L0140_seg_17.wav,0,Normal,MIX,LS,MIX/L0140.wav
train/MIX_segmented/L0140_seg_18.wav,0,Normal,MIX,LS,MIX/L0140.wav
train/MIX_segmented/L0140_seg_19.wav,0,Normal,MIX,LS,MIX/L0140.wav
train/MIX_segmented/L0140_seg_20.wav,0,Normal,MIX,LS,MIX/L0140.wav
train/MIX_segmented/L0140_seg_21.wav,0,Normal,MIX,LS,MIX/L0140.wav
train/MIX_segmented/L0140_seg_22.wav,0,Normal,MIX,LS,MIX/L0140.wav
train/MIX_segmented/L0140_seg_23.wav,0,Normal,MIX,LS,MIX/L0140.wav
train/MIX_segmented/L0140_seg_24.wav,0,Normal,MIX,LS,MIX/L0140.wav
train/MIX_segmented/L0140_seg_25.wav,0,Normal,MIX,LS,MIX/L0140.wav
train/MIX_segmented/L0140_seg_26.wav,0,Normal,MIX,LS,MIX/L0140.wav
train/MIX_segmented/H0140_seg_0.wav,1,Pathology,MIX,HS,MIX/H0140.wav
train/MIX_segmented/H0140_seg_1.wav,1,Pathology,MIX,HS,MIX/H0140.wav
train/MIX_segmented/H0140_seg_2.wav,1,Pathology,MIX,HS,MIX/H0140.wav
train/MIX_segmented/H0140_seg_3.wav,1,Pathology,MIX,HS,MIX/H0140.wav
train/MIX_segmented/H0140_seg_4.wav,1,Pathology,MIX,HS,MIX/H0140.wav
train/MIX_segmented/H0140_seg_5.wav,1,Pathology,MIX,HS,MIX/H0140.wav
train/MIX_segmented/H0140_seg_6.wav,1,Pathology,MIX,HS,MIX/H0140.wav
train/HS_segmented/F_ESM_LLSB_seg_0.wav,1,Pathology,HS,HS,HS/F_ESM_LLSB.wav
train/HS_segmented/F_ESM_LLSB_seg_1.wav,1,Pathology,HS,HS,HS/F_ESM_LLSB.wav
train/HS_segmented/F_ESM_LLSB_seg_2.wav,1,Pathology,HS,HS,HS/F_ESM_LLSB.wav
train/HS_segmented/F_ESM_LLSB_seg_3.wav,1,Pathology,HS,HS,HS/F_ESM_LLSB.wav
train/HS_segmented/F_ESM_LLSB_seg_4.wav,1,Pathology,HS,HS,HS/F_ESM_LLSB.wav
train/HS_segmented/F_ESM_LLSB_seg_5.wav,1,Pathology,HS,HS,HS/F_ESM_LLSB.wav
train/HS_segmented/F_ESM_LLSB_seg_6.wav,1,Pathology,HS,HS,HS/F_ESM_LLSB.wav
train/MIX_segmented/L0062_seg_0.wav,1,Pathology,MIX,LS,MIX/L0062.wav
train/MIX_segmented/L0062_seg_1.wav,1,Pathology,MIX,LS,MIX/L0062.wav
train/MIX_segmented/L0062_seg_2.wav,1,Pathology,MIX,LS,MIX/L0062.wav
train/MIX_segmented/L0062_seg_3.wav,1,Pathology,MIX,LS,MIX/L0062.wav
train/MIX_segmented/L0062_seg_4.wav,1,Pathology,MIX,LS,MIX/L0062.wav
train/MIX_segmented/L0062_seg_5.wav,1,Pathology,MIX,LS,MIX/L0062.wav
train/MIX_segmented/L0062_seg_6.wav,1,Pathology,MIX,LS,MIX/L0062.wav
train/LS_segmented/M_R_LUA_seg_0.wav,1,Pathology,LS,LS,LS/M_R_LUA.wav
train/LS_segmented/M_R_LUA_seg_1.wav,1,Pathology,LS,LS,LS/M_R_LUA.wav
train/LS_segmented/M_R_LUA_seg_2.wav,1,Pathology,LS,LS,LS/M_R_LUA.wav
train/LS_segmented/M_R_LUA_seg_3.wav,1,Pathology,LS,LS,LS/M_R_LUA.wav
train/LS_segmented/M_R_LUA_seg_4.wav,1,Pathology,LS,LS,LS/M_R_LUA.wav
train/LS_segmented/M_R_LUA_seg_5.wav,1,Pathology,LS,LS,LS/M_R_LUA.wav
train/LS_segmented/M_R_LUA_seg_6.wav,1,Pathology,LS,LS,LS/M_R_LUA.wav
train/MIX_segmented/L0091_seg_0.wav,1,Pathology,MIX,LS,MIX/L0091.wav
train/MIX_segmented/L0091_seg_1.wav,1,Pathology,MIX,LS,MIX/L0091.wav
train/MIX_segmented/L0091_seg_2.wav,1,Pathology,MIX,LS,MIX/L0091.wav
train/MIX_segmented/L0091_seg_3.wav,1,Pathology,MIX,LS,MIX/L0091.wav
train/MIX_segmented/L0091_seg_4.wav,1,Pathology,MIX,LS,MIX/L0091.wav
train/MIX_segmented/L0091_seg_5.wav,1,Pathology,MIX,LS,MIX/L0091.wav
train/MIX_segmented/L0091_seg_6.wav,1,Pathology,MIX,LS,MIX/L0091.wav
train/MIX_segmented/L0124_seg_0.wav,1,Pathology,MIX,LS,MIX/L0124.wav
train/MIX_segmented/L0124_seg_1.wav,1,Pathology,MIX,LS,MIX/L0124.wav
train/MIX_segmented/L0124_seg_2.wav,1,Pathology,MIX,LS,MIX/L0124.wav
train/MIX_segmented/L0124_seg_3.wav,1,Pathology,MIX,LS,MIX/L0124.wav
train/MIX_segmented/L0124_seg_4.wav,1,Pathology,MIX,LS,MIX/L0124.wav
train/MIX_segmented/L0124_seg_5.wav,1,Pathology,MIX,LS,MIX/L0124.wav
train/MIX_segmented/L0124_seg_6.wav,1,Pathology,MIX,LS,MIX/L0124.wav
train/HS_segmented/F_S3_LLSB_seg_0.wav,1,Pathology,HS,HS,HS/F_S3_LLSB.wav
train/HS_segmented/F_S3_LLSB_seg_1.wav,1,Pathology,HS,HS,HS/F_S3_LLSB.wav
train/HS_segmented/F_S3_LLSB_seg_2.wav,1,Pathology,HS,HS,HS/F_S3_LLSB.wav
train/HS_segmented/F_S3_LLSB_seg_3.wav,1,Pathology,HS,HS,HS/F_S3_LLSB.wav
train/HS_segmented/F_S3_LLSB_seg_4.wav,1,Pathology,HS,HS,HS/F_S3_LLSB.wav
train/HS_segmented/F_S3_LLSB_seg_5.wav,1,Pathology,HS,HS,HS/F_S3_LLSB.wav
train/HS_segmented/F_S3_LLSB_seg_6.wav,1,Pathology,HS,HS,HS/F_S3_LLSB.wav
train/MIX_segmented/H0005_seg_0.wav,1,Pathology,MIX,HS,MIX/H0005.wav
train/MIX_segmented/H0005_seg_1.wav,1,Pathology,MIX,HS,MIX/H0005.wav
train/MIX_segmented/H0005_seg_2.wav,1,Pathology,MIX,HS,MIX/H0005.wav
train/MIX_segmented/H0005_seg_3.wav,1,Pathology,MIX,HS,MIX/H0005.wav
train/MIX_segmented/H0005_seg_4.wav,1,Pathology,MIX,HS,MIX/H0005.wav
train/MIX_segmented/H0005_seg_5.wav,1,Pathology,MIX,HS,MIX/H0005.wav
train/MIX_segmented/H0005_seg_6.wav,1,Pathology,MIX,HS,MIX/H0005.wav
train/MIX_segmented/L0033_seg_0.wav,1,Pathology,MIX,LS,MIX/L0033.wav
train/MIX_segmented/L0033_seg_1.wav,1,Pathology,MIX,LS,MIX/L0033.wav
train/MIX_segmented/L0033_seg_2.wav,1,Pathology,MIX,LS,MIX/L0033.wav
train/MIX_segmented/L0033_seg_3.wav,1,Pathology,MIX,LS,MIX/L0033.wav
train/MIX_segmented/L0033_seg_4.wav,1,Pathology,MIX,LS,MIX/L0033.wav
train/MIX_segmented/L0033_seg_5.wav,1,Pathology,MIX,LS,MIX/L0033.wav
train/MIX_segmented/L0033_seg_6.wav,1,Pathology,MIX,LS,MIX/L0033.wav
train/MIX_segmented/H0021_seg_0.wav,1,Pathology,MIX,HS,MIX/H0021.wav
train/MIX_segmented/H0021_seg_1.wav,1,Pathology,MIX,HS,MIX/H0021.wav
train/MIX_segmented/H0021_seg_2.wav,1,Pathology,MIX,HS,MIX/H0021.wav
train/MIX_segmented/H0021_seg_3.wav,1,Pathology,MIX,HS,MIX/H0021.wav
train/MIX_segmented/H0021_seg_4.wav,1,Pathology,MIX,HS,MIX/H0021.wav
train/MIX_segmented/H0021_seg_5.wav,1,Pathology,MIX,HS,MIX/H0021.wav
train/MIX_segmented/H0021_seg_6.wav,1,Pathology,MIX,HS,MIX/H0021.wav
train/MIX_segmented/H0111_seg_0.wav,0,Normal,MIX,HS,MIX/H0111.wav
train/MIX_segmented/H0111_seg_1.wav,0,Normal,MIX,HS,MIX/H0111.wav
train/MIX_segmented/H0111_seg_2.wav,0,Normal,MIX,HS,MIX/H0111.wav
train/MIX_segmented/H0111_seg_3.wav,0,Normal,MIX,HS,MIX/H0111.wav
train/MIX_segmented/H0111_seg_4.wav,0,Normal,MIX,HS,MIX/H0111.wav
train/MIX_segmented/H0111_seg_5.wav,0,Normal,MIX,HS,MIX/H0111.wav
train/MIX_segmented/H0111_seg_6.wav,0,Normal,MIX,HS,MIX/H0111.wav
train/MIX_segmented/H0111_seg_7.wav,0,Normal,MIX,HS,MIX/H0111.wav
train/MIX_segmented/H0111_seg_8.wav,0,Normal,MIX,HS,MIX/H0111.wav
train/MIX_segmented/H0111_seg_9.wav,0,Normal,MIX,HS,MIX/H0111.wav
train/MIX_segmented/H0111_seg_10.wav,0,Normal,MIX,HS,MIX/H0111.wav
train/MIX_segmented/H0111_seg_11.wav,0,Normal,MIX,HS,MIX/H0111.wav
train/MIX_segmented/H0111_seg_12.wav,0,Normal,MIX,HS,MIX/H0111.wav
train/MIX_segmented/H0111_seg_13.wav,0,Normal,MIX,HS,MIX/H0111.wav
train/MIX_segmented/H0111_seg_14.wav,0,Normal,MIX,HS,MIX/H0111.wav
train/MIX_segmented/H0111_seg_15.wav,0,Normal,MIX,HS,MIX/H0111.wav
train/MIX_segmented/H0111_seg_16.wav,0,Normal,MIX,HS,MIX/H0111.wav
train/MIX_segmented/H0111_seg_17.wav,0,Normal,MIX,HS,MIX/H0111.wav
train/MIX_segmented/H0111_seg_18.wav,0,Normal,MIX,HS,MIX/H0111.wav
train/MIX_segmented/H0111_seg_19.wav,0,Normal,MIX,HS,MIX/H0111.wav
train/MIX_segmented/H0111_seg_20.wav,0,Normal,MIX,HS,MIX/H0111.wav
train/MIX_segmented/H0111_seg_21.wav,0,Normal,MIX,HS,MIX/H0111.wav
train/MIX_segmented/H0111_seg_22.wav,0,Normal,MIX,HS,MIX/H0111.wav
train/MIX_segmented/H0111_seg_23.wav,0,Normal,MIX,HS,MIX/H0111.wav
train/MIX_segmented/H0111_seg_24.wav,0,Normal,MIX,HS,MIX/H0111.wav
train/MIX_segmented/H0111_seg_25.wav,0,Normal,MIX,HS,MIX/H0111.wav
train/MIX_segmented/H0111_seg_26.wav,0,Normal,MIX,HS,MIX/H0111.wav
train/LS_segmented/M_PR_RUA_seg_0.wav,1,Pathology,LS,LS,LS/M_PR_RUA.wav
train/LS_segmented/M_PR_RUA_seg_1.wav,1,Pathology,LS,LS,LS/M_PR_RUA.wav
train/LS_segmented/M_PR_RUA_seg_2.wav,1,Pathology,LS,LS,LS/M_PR_RUA.wav
train/LS_segmented/M_PR_RUA_seg_3.wav,1,Pathology,LS,LS,LS/M_PR_RUA.wav
train/LS_segmented/M_PR_RUA_seg_4.wav,1,Pathology,LS,LS,LS/M_PR_RUA.wav
train/LS_segmented/M_PR_RUA_seg_5.wav,1,Pathology,LS,LS,LS/M_PR_RUA.wav
train/LS_segmented/M_PR_RUA_seg_6.wav,1,Pathology,LS,LS,LS/M_PR_RUA.wav
train/MIX_segmented/L0126_seg_0.wav,1,Pathology,MIX,LS,MIX/L0126.wav
train/MIX_segmented/L0126_seg_1.wav,1,Pathology,MIX,LS,MIX/L0126.wav
train/MIX_segmented/L0126_seg_2.wav,1,Pathology,MIX,LS,MIX/L0126.wav
train/MIX_segmented/L0126_seg_3.wav,1,Pathology,MIX,LS,MIX/L0126.wav
train/MIX_segmented/L0126_seg_4.wav,1,Pathology,MIX,LS,MIX/L0126.wav
train/MIX_segmented/L0126_seg_5.wav,1,Pathology,MIX,LS,MIX/L0126.wav
train/MIX_segmented/L0126_seg_6.wav,1,Pathology,MIX,LS,MIX/L0126.wav
train/MIX_segmented/L0101_seg_0.wav,1,Pathology,MIX,LS,MIX/L0101.wav
train/MIX_segmented/L0101_seg_1.wav,1,Pathology,MIX,LS,MIX/L0101.wav
train/MIX_segmented/L0101_seg_2.wav,1,Pathology,MIX,LS,MIX/L0101.wav
train/MIX_segmented/L0101_seg_3.wav,1,Pathology,MIX,LS,MIX/L0101.wav
train/MIX_segmented/L0101_seg_4.wav,1,Pathology,MIX,LS,MIX/L0101.wav
train/MIX_segmented/L0101_seg_5.wav,1,Pathology,MIX,LS,MIX/L0101.wav
train/MIX_segmented/L0101_seg_6.wav,1,Pathology,MIX,LS,MIX/L0101.wav
train/HS_segmented/F_LDM_LLSB_seg_0.wav,1,Pathology,HS,HS,HS/F_LDM_LLSB.wav
train/HS_segmented/F_LDM_LLSB_seg_1.wav,1,Pathology,HS,HS,HS/F_LDM_LLSB.wav
train/HS_segmented/F_LDM_LLSB_seg_2.wav,1,Pathology,HS,HS,HS/F_LDM_LLSB.wav
train/HS_segmented/F_LDM_LLSB_seg_3.wav,1,Pathology,HS,HS,HS/F_LDM_LLSB.wav
train/HS_segmented/F_LDM_LLSB_seg_4.wav,1,Pathology,HS,HS,HS/F_LDM_LLSB.wav
train/HS_segmented/F_LDM_LLSB_seg_5.wav,1,Pathology,HS,HS,HS/F_LDM_LLSB.wav
train/HS_segmented/F_LDM_LLSB_seg_6.wav,1,Pathology,HS,HS,HS/F_LDM_LLSB.wav
train/LS_segmented/M_PR_RMA_seg_0.wav,1,Pathology,LS,LS,LS/M_PR_RMA.wav
train/LS_segmented/M_PR_RMA_seg_1.wav,1,Pathology,LS,LS,LS/M_PR_RMA.wav
train/LS_segmented/M_PR_RMA_seg_2.wav,1,Pathology,LS,LS,LS/M_PR_RMA.wav
train/LS_segmented/M_PR_RMA_seg_3.wav,1,Pathology,LS,LS,LS/M_PR_RMA.wav
train/LS_segmented/M_PR_RMA_seg_4.wav,1,Pathology,LS,LS,LS/M_PR_RMA.wav
train/LS_segmented/M_PR_RMA_seg_5.wav,1,Pathology,LS,LS,LS/M_PR_RMA.wav
train/LS_segmented/M_PR_RMA_seg_6.wav,1,Pathology,LS,LS,LS/M_PR_RMA.wav
train/MIX_segmented/H0136_seg_0.wav,1,Pathology,MIX,HS,MIX/H0136.wav
train/MIX_segmented/H0136_seg_1.wav,1,Pathology,MIX,HS,MIX/H0136.wav
train/MIX_segmented/H0136_seg_2.wav,1,Pathology,MIX,HS,MIX/H0136.wav
train/MIX_segmented/H0136_seg_3.wav,1,Pathology,MIX,HS,MIX/H0136.wav
train/MIX_segmented/H0136_seg_4.wav,1,Pathology,MIX,HS,MIX/H0136.wav
train/MIX_segmented/H0136_seg_5.wav,1,Pathology,MIX,HS,MIX/H0136.wav
train/MIX_segmented/H0136_seg_6.wav,1,Pathology,MIX,HS,MIX/H0136.wav
train/MIX_segmented/H0025_seg_0.wav,1,Pathology,MIX,HS,MIX/H0025.wav
train/MIX_segmented/H0025_seg_1.wav,1,Pathology,MIX,HS,MIX/H0025.wav
train/MIX_segmented/H0025_seg_2.wav,1,Pathology,MIX,HS,MIX/H0025.wav
train/MIX_segmented/H0025_seg_3.wav,1,Pathology,MIX,HS,MIX/H0025.wav
train/MIX_segmented/H0025_seg_4.wav,1,Pathology,MIX,HS,MIX/H0025.wav
train/MIX_segmented/H0025_seg_5.wav,1,Pathology,MIX,HS,MIX/H0025.wav
train/MIX_segmented/H0025_seg_6.wav,1,Pathology,MIX,HS,MIX/H0025.wav
train/MIX_segmented/H0010_seg_0.wav,1,Pathology,MIX,HS,MIX/H0010.wav
train/MIX_segmented/H0010_seg_1.wav,1,Pathology,MIX,HS,MIX/H0010.wav
train/MIX_segmented/H0010_seg_2.wav,1,Pathology,MIX,HS,MIX/H0010.wav
train/MIX_segmented/H0010_seg_3.wav,1,Pathology,MIX,HS,MIX/H0010.wav
train/MIX_segmented/H0010_seg_4.wav,1,Pathology,MIX,HS,MIX/H0010.wav
train/MIX_segmented/H0010_seg_5.wav,1,Pathology,MIX,HS,MIX/H0010.wav
train/MIX_segmented/H0010_seg_6.wav,1,Pathology,MIX,HS,MIX/H0010.wav
train/MIX_segmented/H0009_seg_0.wav,1,Pathology,MIX,HS,MIX/H0009.wav
train/MIX_segmented/H0009_seg_1.wav,1,Pathology,MIX,HS,MIX/H0009.wav
train/MIX_segmented/H0009_seg_2.wav,1,Pathology,MIX,HS,MIX/H0009.wav
train/MIX_segmented/H0009_seg_3.wav,1,Pathology,MIX,HS,MIX/H0009.wav
train/MIX_segmented/H0009_seg_4.wav,1,Pathology,MIX,HS,MIX/H0009.wav
train/MIX_segmented/H0009_seg_5.wav,1,Pathology,MIX,HS,MIX/H0009.wav
train/MIX_segmented/H0009_seg_6.wav,1,Pathology,MIX,HS,MIX/H0009.wav
train/MIX_segmented/H0135_seg_0.wav,1,Pathology,MIX,HS,MIX/H0135.wav
train/MIX_segmented/H0135_seg_1.wav,1,Pathology,MIX,HS,MIX/H0135.wav
train/MIX_segmented/H0135_seg_2.wav,1,Pathology,MIX,HS,MIX/H0135.wav
train/MIX_segmented/H0135_seg_3.wav,1,Pathology,MIX,HS,MIX/H0135.wav
train/MIX_segmented/H0135_seg_4.wav,1,Pathology,MIX,HS,MIX/H0135.wav
train/MIX_segmented/H0135_seg_5.wav,1,Pathology,MIX,HS,MIX/H0135.wav
train/MIX_segmented/H0135_seg_6.wav,1,Pathology,MIX,HS,MIX/H0135.wav
train/LS_segmented/M_PR_LUA_seg_0.wav,1,Pathology,LS,LS,LS/M_PR_LUA.wav
train/LS_segmented/M_PR_LUA_seg_1.wav,1,Pathology,LS,LS,LS/M_PR_LUA.wav
train/LS_segmented/M_PR_LUA_seg_2.wav,1,Pathology,LS,LS,LS/M_PR_LUA.wav
train/LS_segmented/M_PR_LUA_seg_3.wav,1,Pathology,LS,LS,LS/M_PR_LUA.wav
train/LS_segmented/M_PR_LUA_seg_4.wav,1,Pathology,LS,LS,LS/M_PR_LUA.wav
train/LS_segmented/M_PR_LUA_seg_5.wav,1,Pathology,LS,LS,LS/M_PR_LUA.wav
train/LS_segmented/M_PR_LUA_seg_6.wav,1,Pathology,LS,LS,LS/M_PR_LUA.wav
train/HS_segmented/M_S3_LUSB_seg_0.wav,1,Pathology,HS,HS,HS/M_S3_LUSB.wav
train/HS_segmented/M_S3_LUSB_seg_1.wav,1,Pathology,HS,HS,HS/M_S3_LUSB.wav
train/HS_segmented/M_S3_LUSB_seg_2.wav,1,Pathology,HS,HS,HS/M_S3_LUSB.wav
train/HS_segmented/M_S3_LUSB_seg_3.wav,1,Pathology,HS,HS,HS/M_S3_LUSB.wav
train/HS_segmented/M_S3_LUSB_seg_4.wav,1,Pathology,HS,HS,HS/M_S3_LUSB.wav
train/HS_segmented/M_S3_LUSB_seg_5.wav,1,Pathology,HS,HS,HS/M_S3_LUSB.wav
train/HS_segmented/M_S3_LUSB_seg_6.wav,1,Pathology,HS,HS,HS/M_S3_LUSB.wav
train/HS_segmented/F_S3_A_seg_0.wav,1,Pathology,HS,HS,HS/F_S3_A.wav
train/HS_segmented/F_S3_A_seg_1.wav,1,Pathology,HS,HS,HS/F_S3_A.wav
train/HS_segmented/F_S3_A_seg_2.wav,1,Pathology,HS,HS,HS/F_S3_A.wav
train/HS_segmented/F_S3_A_seg_3.wav,1,Pathology,HS,HS,HS/F_S3_A.wav
train/HS_segmented/F_S3_A_seg_4.wav,1,Pathology,HS,HS,HS/F_S3_A.wav
train/HS_segmented/F_S3_A_seg_5.wav,1,Pathology,HS,HS,HS/F_S3_A.wav
train/HS_segmented/F_S3_A_seg_6.wav,1,Pathology,HS,HS,HS/F_S3_A.wav
train/LS_segmented/M_R_LMA_seg_0.wav,1,Pathology,LS,LS,LS/M_R_LMA.wav
train/LS_segmented/M_R_LMA_seg_1.wav,1,Pathology,LS,LS,LS/M_R_LMA.wav
train/LS_segmented/M_R_LMA_seg_2.wav,1,Pathology,LS,LS,LS/M_R_LMA.wav
train/LS_segmented/M_R_LMA_seg_3.wav,1,Pathology,LS,LS,LS/M_R_LMA.wav
train/LS_segmented/M_R_LMA_seg_4.wav,1,Pathology,LS,LS,LS/M_R_LMA.wav
train/LS_segmented/M_R_LMA_seg_5.wav,1,Pathology,LS,LS,LS/M_R_LMA.wav
train/LS_segmented/M_R_LMA_seg_6.wav,1,Pathology,LS,LS,LS/M_R_LMA.wav
train/MIX_segmented/L0028_seg_0.wav,1,Pathology,MIX,LS,MIX/L0028.wav
train/MIX_segmented/L0028_seg_1.wav,1,Pathology,MIX,LS,MIX/L0028.wav
train/MIX_segmented/L0028_seg_2.wav,1,Pathology,MIX,LS,MIX/L0028.wav
train/MIX_segmented/L0028_seg_3.wav,1,Pathology,MIX,LS,MIX/L0028.wav
train/MIX_segmented/L0028_seg_4.wav,1,Pathology,MIX,LS,MIX/L0028.wav
train/MIX_segmented/L0028_seg_5.wav,1,Pathology,MIX,LS,MIX/L0028.wav
train/MIX_segmented/L0028_seg_6.wav,1,Pathology,MIX,LS,MIX/L0028.wav
train/MIX_segmented/H0110_seg_0.wav,1,Pathology,MIX,HS,MIX/H0110.wav
train/MIX_segmented/H0110_seg_1.wav,1,Pathology,MIX,HS,MIX/H0110.wav
train/MIX_segmented/H0110_seg_2.wav,1,Pathology,MIX,HS,MIX/H0110.wav
train/MIX_segmented/H0110_seg_3.wav,1,Pathology,MIX,HS,MIX/H0110.wav
train/MIX_segmented/H0110_seg_4.wav,1,Pathology,MIX,HS,MIX/H0110.wav
train/MIX_segmented/H0110_seg_5.wav,1,Pathology,MIX,HS,MIX/H0110.wav
train/MIX_segmented/H0110_seg_6.wav,1,Pathology,MIX,HS,MIX/H0110.wav
train/LS_segmented/F_PR_LMA_seg_0.wav,1,Pathology,LS,LS,LS/F_PR_LMA.wav
train/LS_segmented/F_PR_LMA_seg_1.wav,1,Pathology,LS,LS,LS/F_PR_LMA.wav
train/LS_segmented/F_PR_LMA_seg_2.wav,1,Pathology,LS,LS,LS/F_PR_LMA.wav
train/LS_segmented/F_PR_LMA_seg_3.wav,1,Pathology,LS,LS,LS/F_PR_LMA.wav
train/LS_segmented/F_PR_LMA_seg_4.wav,1,Pathology,LS,LS,LS/F_PR_LMA.wav
train/LS_segmented/F_PR_LMA_seg_5.wav,1,Pathology,LS,LS,LS/F_PR_LMA.wav
train/LS_segmented/F_PR_LMA_seg_6.wav,1,Pathology,LS,LS,LS/F_PR_LMA.wav
train/HS_segmented/F_LDM_LUSB_seg_0.wav,1,Pathology,HS,HS,HS/F_LDM_LUSB.wav
train/HS_segmented/F_LDM_LUSB_seg_1.wav,1,Pathology,HS,HS,HS/F_LDM_LUSB.wav
train/HS_segmented/F_LDM_LUSB_seg_2.wav,1,Pathology,HS,HS,HS/F_LDM_LUSB.wav
train/HS_segmented/F_LDM_LUSB_seg_3.wav,1,Pathology,HS,HS,HS/F_LDM_LUSB.wav
train/HS_segmented/F_LDM_LUSB_seg_4.wav,1,Pathology,HS,HS,HS/F_LDM_LUSB.wav
train/HS_segmented/F_LDM_LUSB_seg_5.wav,1,Pathology,HS,HS,HS/F_LDM_LUSB.wav
train/HS_segmented/F_LDM_LUSB_seg_6.wav,1,Pathology,HS,HS,HS/F_LDM_LUSB.wav
train/MIX_segmented/H0041_seg_0.wav,1,Pathology,MIX,HS,MIX/H0041.wav
train/MIX_segmented/H0041_seg_1.wav,1,Pathology,MIX,HS,MIX/H0041.wav
train/MIX_segmented/H0041_seg_2.wav,1,Pathology,MIX,HS,MIX/H0041.wav
train/MIX_segmented/H0041_seg_3.wav,1,Pathology,MIX,HS,MIX/H0041.wav
train/MIX_segmented/H0041_seg_4.wav,1,Pathology,MIX,HS,MIX/H0041.wav
train/MIX_segmented/H0041_seg_5.wav,1,Pathology,MIX,HS,MIX/H0041.wav
train/MIX_segmented/H0041_seg_6.wav,1,Pathology,MIX,HS,MIX/H0041.wav
train/MIX_segmented/L0114_seg_0.wav,1,Pathology,MIX,LS,MIX/L0114.wav
train/MIX_segmented/L0114_seg_1.wav,1,Pathology,MIX,LS,MIX/L0114.wav
train/MIX_segmented/L0114_seg_2.wav,1,Pathology,MIX,LS,MIX/L0114.wav
train/MIX_segmented/L0114_seg_3.wav,1,Pathology,MIX,LS,MIX/L0114.wav
train/MIX_segmented/L0114_seg_4.wav,1,Pathology,MIX,LS,MIX/L0114.wav
train/MIX_segmented/L0114_seg_5.wav,1,Pathology,MIX,LS,MIX/L0114.wav
train/MIX_segmented/L0114_seg_6.wav,1,Pathology,MIX,LS,MIX/L0114.wav
train/MIX_segmented/H0114_seg_0.wav,1,Pathology,MIX,HS,MIX/H0114.wav
train/MIX_segmented/H0114_seg_1.wav,1,Pathology,MIX,HS,MIX/H0114.wav
train/MIX_segmented/H0114_seg_2.wav,1,Pathology,MIX,HS,MIX/H0114.wav
train/MIX_segmented/H0114_seg_3.wav,1,Pathology,MIX,HS,MIX/H0114.wav
train/MIX_segmented/H0114_seg_4.wav,1,Pathology,MIX,HS,MIX/H0114.wav
train/MIX_segmented/H0114_seg_5.wav,1,Pathology,MIX,HS,MIX/H0114.wav
train/MIX_segmented/H0114_seg_6.wav,1,Pathology,MIX,HS,MIX/H0114.wav
train/MIX_segmented/L0078_seg_0.wav,0,Normal,MIX,LS,MIX/L0078.wav
train/MIX_segmented/L0078_seg_1.wav,0,Normal,MIX,LS,MIX/L0078.wav
train/MIX_segmented/L0078_seg_2.wav,0,Normal,MIX,LS,MIX/L0078.wav
train/MIX_segmented/L0078_seg_3.wav,0,Normal,MIX,LS,MIX/L0078.wav
train/MIX_segmented/L0078_seg_4.wav,0,Normal,MIX,LS,MIX/L0078.wav
train/MIX_segmented/L0078_seg_5.wav,0,Normal,MIX,LS,MIX/L0078.wav
train/MIX_segmented/L0078_seg_6.wav,0,Normal,MIX,LS,MIX/L0078.wav
train/MIX_segmented/L0078_seg_7.wav,0,Normal,MIX,LS,MIX/L0078.wav
train/MIX_segmented/L0078_seg_8.wav,0,Normal,MIX,LS,MIX/L0078.wav
train/MIX_segmented/L0078_seg_9.wav,0,Normal,MIX,LS,MIX/L0078.wav
train/MIX_segmented/L0078_seg_10.wav,0,Normal,MIX,LS,MIX/L0078.wav
train/MIX_segmented/L0078_seg_11.wav,0,Normal,MIX,LS,MIX/L0078.wav
train/MIX_segmented/L0078_seg_12.wav,0,Normal,MIX,LS,MIX/L0078.wav
train/MIX_segmented/L0078_seg_13.wav,0,Normal,MIX,LS,MIX/L0078.wav
train/MIX_segmented/L0078_seg_14.wav,0,Normal,MIX,LS,MIX/L0078.wav
train/MIX_segmented/L0078_seg_15.wav,0,Normal,MIX,LS,MIX/L0078.wav
train/MIX_segmented/L0078_seg_16.wav,0,Normal,MIX,LS,MIX/L0078.wav
train/MIX_segmented/L0078_seg_17.wav,0,Normal,MIX,LS,MIX/L0078.wav
train/MIX_segmented/L0078_seg_18.wav,0,Normal,MIX,LS,MIX/L0078.wav
train/MIX_segmented/L0078_seg_19.wav,0,Normal,MIX,LS,MIX/L0078.wav
train/MIX_segmented/L0078_seg_20.wav,0,Normal,MIX,LS,MIX/L0078.wav
train/MIX_segmented/L0078_seg_21.wav,0,Normal,MIX,LS,MIX/L0078.wav
train/MIX_segmented/L0078_seg_22.wav,0,Normal,MIX,LS,MIX/L0078.wav
train/MIX_segmented/L0078_seg_23.wav,0,Normal,MIX,LS,MIX/L0078.wav
train/MIX_segmented/L0078_seg_24.wav,0,Normal,MIX,LS,MIX/L0078.wav
train/MIX_segmented/L0078_seg_25.wav,0,Normal,MIX,LS,MIX/L0078.wav
train/MIX_segmented/L0078_seg_26.wav,0,Normal,MIX,LS,MIX/L0078.wav
train/MIX_segmented/H0037_seg_0.wav,1,Pathology,MIX,HS,MIX/H0037.wav
train/MIX_segmented/H0037_seg_1.wav,1,Pathology,MIX,HS,MIX/H0037.wav
train/MIX_segmented/H0037_seg_2.wav,1,Pathology,MIX,HS,MIX/H0037.wav
train/MIX_segmented/H0037_seg_3.wav,1,Pathology,MIX,HS,MIX/H0037.wav
train/MIX_segmented/H0037_seg_4.wav,1,Pathology,MIX,HS,MIX/H0037.wav
train/MIX_segmented/H0037_seg_5.wav,1,Pathology,MIX,HS,MIX/H0037.wav
train/MIX_segmented/H0037_seg_6.wav,1,Pathology,MIX,HS,MIX/H0037.wav
train/MIX_segmented/L0019_seg_0.wav,1,Pathology,MIX,LS,MIX/L0019.wav
train/MIX_segmented/L0019_seg_1.wav,1,Pathology,MIX,LS,MIX/L0019.wav
train/MIX_segmented/L0019_seg_2.wav,1,Pathology,MIX,LS,MIX/L0019.wav
train/MIX_segmented/L0019_seg_3.wav,1,Pathology,MIX,LS,MIX/L0019.wav
train/MIX_segmented/L0019_seg_4.wav,1,Pathology,MIX,LS,MIX/L0019.wav
train/MIX_segmented/L0019_seg_5.wav,1,Pathology,MIX,LS,MIX/L0019.wav
train/MIX_segmented/L0019_seg_6.wav,1,Pathology,MIX,LS,MIX/L0019.wav
train/HS_segmented/F_N_A_seg_0.wav,0,Normal,HS,HS,HS/F_N_A.wav
train/HS_segmented/F_N_A_seg_1.wav,0,Normal,HS,HS,HS/F_N_A.wav
train/HS_segmented/F_N_A_seg_2.wav,0,Normal,HS,HS,HS/F_N_A.wav
train/HS_segmented/F_N_A_seg_3.wav,0,Normal,HS,HS,HS/F_N_A.wav
train/HS_segmented/F_N_A_seg_4.wav,0,Normal,HS,HS,HS/F_N_A.wav
train/HS_segmented/F_N_A_seg_5.wav,0,Normal,HS,HS,HS/F_N_A.wav
train/HS_segmented/F_N_A_seg_6.wav,0,Normal,HS,HS,HS/F_N_A.wav
train/HS_segmented/F_N_A_seg_7.wav,0,Normal,HS,HS,HS/F_N_A.wav
train/HS_segmented/F_N_A_seg_8.wav,0,Normal,HS,HS,HS/F_N_A.wav
train/HS_segmented/F_N_A_seg_9.wav,0,Normal,HS,HS,HS/F_N_A.wav
train/HS_segmented/F_N_A_seg_10.wav,0,Normal,HS,HS,HS/F_N_A.wav
train/HS_segmented/F_N_A_seg_11.wav,0,Normal,HS,HS,HS/F_N_A.wav
train/HS_segmented/F_N_A_seg_12.wav,0,Normal,HS,HS,HS/F_N_A.wav
train/HS_segmented/F_N_A_seg_13.wav,0,Normal,HS,HS,HS/F_N_A.wav
train/HS_segmented/F_N_A_seg_14.wav,0,Normal,HS,HS,HS/F_N_A.wav
train/HS_segmented/F_N_A_seg_15.wav,0,Normal,HS,HS,HS/F_N_A.wav
train/HS_segmented/F_N_A_seg_16.wav,0,Normal,HS,HS,HS/F_N_A.wav
train/HS_segmented/F_N_A_seg_17.wav,0,Normal,HS,HS,HS/F_N_A.wav
train/HS_segmented/F_N_A_seg_18.wav,0,Normal,HS,HS,HS/F_N_A.wav
train/HS_segmented/F_N_A_seg_19.wav,0,Normal,HS,HS,HS/F_N_A.wav
train/HS_segmented/F_N_A_seg_20.wav,0,Normal,HS,HS,HS/F_N_A.wav
train/HS_segmented/F_N_A_seg_21.wav,0,Normal,HS,HS,HS/F_N_A.wav
train/HS_segmented/F_N_A_seg_22.wav,0,Normal,HS,HS,HS/F_N_A.wav
train/HS_segmented/F_N_A_seg_23.wav,0,Normal,HS,HS,HS/F_N_A.wav
train/HS_segmented/F_N_A_seg_24.wav,0,Normal,HS,HS,HS/F_N_A.wav
train/HS_segmented/F_N_A_seg_25.wav,0,Normal,HS,HS,HS/F_N_A.wav
train/HS_segmented/F_N_A_seg_26.wav,0,Normal,HS,HS,HS/F_N_A.wav
train/HS_segmented/M_S3_LLSB_seg_0.wav,1,Pathology,HS,HS,HS/M_S3_LLSB.wav
train/HS_segmented/M_S3_LLSB_seg_1.wav,1,Pathology,HS,HS,HS/M_S3_LLSB.wav
train/HS_segmented/M_S3_LLSB_seg_2.wav,1,Pathology,HS,HS,HS/M_S3_LLSB.wav
train/HS_segmented/M_S3_LLSB_seg_3.wav,1,Pathology,HS,HS,HS/M_S3_LLSB.wav
train/HS_segmented/M_S3_LLSB_seg_4.wav,1,Pathology,HS,HS,HS/M_S3_LLSB.wav
train/HS_segmented/M_S3_LLSB_seg_5.wav,1,Pathology,HS,HS,HS/M_S3_LLSB.wav
train/HS_segmented/M_S3_LLSB_seg_6.wav,1,Pathology,HS,HS,HS/M_S3_LLSB.wav
train/MIX_segmented/H0008_seg_0.wav,1,Pathology,MIX,HS,MIX/H0008.wav
train/MIX_segmented/H0008_seg_1.wav,1,Pathology,MIX,HS,MIX/H0008.wav
train/MIX_segmented/H0008_seg_2.wav,1,Pathology,MIX,HS,MIX/H0008.wav
train/MIX_segmented/H0008_seg_3.wav,1,Pathology,MIX,HS,MIX/H0008.wav
train/MIX_segmented/H0008_seg_4.wav,1,Pathology,MIX,HS,MIX/H0008.wav
train/MIX_segmented/H0008_seg_5.wav,1,Pathology,MIX,HS,MIX/H0008.wav
train/MIX_segmented/H0008_seg_6.wav,1,Pathology,MIX,HS,MIX/H0008.wav
train/MIX_segmented/L0069_seg_0.wav,1,Pathology,MIX,LS,MIX/L0069.wav
train/MIX_segmented/L0069_seg_1.wav,1,Pathology,MIX,LS,MIX/L0069.wav
train/MIX_segmented/L0069_seg_2.wav,1,Pathology,MIX,LS,MIX/L0069.wav
train/MIX_segmented/L0069_seg_3.wav,1,Pathology,MIX,LS,MIX/L0069.wav
train/MIX_segmented/L0069_seg_4.wav,1,Pathology,MIX,LS,MIX/L0069.wav
train/MIX_segmented/L0069_seg_5.wav,1,Pathology,MIX,LS,MIX/L0069.wav
train/MIX_segmented/L0069_seg_6.wav,1,Pathology,MIX,LS,MIX/L0069.wav
train/MIX_segmented/L0135_seg_0.wav,0,Normal,MIX,LS,MIX/L0135.wav
train/MIX_segmented/L0135_seg_1.wav,0,Normal,MIX,LS,MIX/L0135.wav
train/MIX_segmented/L0135_seg_2.wav,0,Normal,MIX,LS,MIX/L0135.wav
train/MIX_segmented/L0135_seg_3.wav,0,Normal,MIX,LS,MIX/L0135.wav
train/MIX_segmented/L0135_seg_4.wav,0,Normal,MIX,LS,MIX/L0135.wav
train/MIX_segmented/L0135_seg_5.wav,0,Normal,MIX,LS,MIX/L0135.wav
train/MIX_segmented/L0135_seg_6.wav,0,Normal,MIX,LS,MIX/L0135.wav
train/MIX_segmented/L0135_seg_7.wav,0,Normal,MIX,LS,MIX/L0135.wav
train/MIX_segmented/L0135_seg_8.wav,0,Normal,MIX,LS,MIX/L0135.wav
train/MIX_segmented/L0135_seg_9.wav,0,Normal,MIX,LS,MIX/L0135.wav
train/MIX_segmented/L0135_seg_10.wav,0,Normal,MIX,LS,MIX/L0135.wav
train/MIX_segmented/L0135_seg_11.wav,0,Normal,MIX,LS,MIX/L0135.wav
train/MIX_segmented/L0135_seg_12.wav,0,Normal,MIX,LS,MIX/L0135.wav
train/MIX_segmented/L0135_seg_13.wav,0,Normal,MIX,LS,MIX/L0135.wav
train/MIX_segmented/L0135_seg_14.wav,0,Normal,MIX,LS,MIX/L0135.wav
train/MIX_segmented/L0135_seg_15.wav,0,Normal,MIX,LS,MIX/L0135.wav
train/MIX_segmented/L0135_seg_16.wav,0,Normal,MIX,LS,MIX/L0135.wav
train/MIX_segmented/L0135_seg_17.wav,0,Normal,MIX,LS,MIX/L0135.wav
train/MIX_segmented/L0135_seg_18.wav,0,Normal,MIX,LS,MIX/L0135.wav
train/MIX_segmented/L0135_seg_19.wav,0,Normal,MIX,LS,MIX/L0135.wav
train/MIX_segmented/L0135_seg_20.wav,0,Normal,MIX,LS,MIX/L0135.wav
train/MIX_segmented/L0135_seg_21.wav,0,Normal,MIX,LS,MIX/L0135.wav
train/MIX_segmented/L0135_seg_22.wav,0,Normal,MIX,LS,MIX/L0135.wav
train/MIX_segmented/L0135_seg_23.wav,0,Normal,MIX,LS,MIX/L0135.wav
train/MIX_segmented/L0135_seg_24.wav,0,Normal,MIX,LS,MIX/L0135.wav
train/MIX_segmented/L0135_seg_25.wav,0,Normal,MIX,LS,MIX/L0135.wav
train/MIX_segmented/L0135_seg_26.wav,0,Normal,MIX,LS,MIX/L0135.wav
train/MIX_segmented/L0138_seg_0.wav,0,Normal,MIX,LS,MIX/L0138.wav
train/MIX_segmented/L0138_seg_1.wav,0,Normal,MIX,LS,MIX/L0138.wav
train/MIX_segmented/L0138_seg_2.wav,0,Normal,MIX,LS,MIX/L0138.wav
train/MIX_segmented/L0138_seg_3.wav,0,Normal,MIX,LS,MIX/L0138.wav
train/MIX_segmented/L0138_seg_4.wav,0,Normal,MIX,LS,MIX/L0138.wav
train/MIX_segmented/L0138_seg_5.wav,0,Normal,MIX,LS,MIX/L0138.wav
train/MIX_segmented/L0138_seg_6.wav,0,Normal,MIX,LS,MIX/L0138.wav
train/MIX_segmented/L0138_seg_7.wav,0,Normal,MIX,LS,MIX/L0138.wav
train/MIX_segmented/L0138_seg_8.wav,0,Normal,MIX,LS,MIX/L0138.wav
train/MIX_segmented/L0138_seg_9.wav,0,Normal,MIX,LS,MIX/L0138.wav
train/MIX_segmented/L0138_seg_10.wav,0,Normal,MIX,LS,MIX/L0138.wav
train/MIX_segmented/L0138_seg_11.wav,0,Normal,MIX,LS,MIX/L0138.wav
train/MIX_segmented/L0138_seg_12.wav,0,Normal,MIX,LS,MIX/L0138.wav
train/MIX_segmented/L0138_seg_13.wav,0,Normal,MIX,LS,MIX/L0138.wav
train/MIX_segmented/L0138_seg_14.wav,0,Normal,MIX,LS,MIX/L0138.wav
train/MIX_segmented/L0138_seg_15.wav,0,Normal,MIX,LS,MIX/L0138.wav
train/MIX_segmented/L0138_seg_16.wav,0,Normal,MIX,LS,MIX/L0138.wav
train/MIX_segmented/L0138_seg_17.wav,0,Normal,MIX,LS,MIX/L0138.wav
train/MIX_segmented/L0138_seg_18.wav,0,Normal,MIX,LS,MIX/L0138.wav
train/MIX_segmented/L0138_seg_19.wav,0,Normal,MIX,LS,MIX/L0138.wav
train/MIX_segmented/L0138_seg_20.wav,0,Normal,MIX,LS,MIX/L0138.wav
train/MIX_segmented/L0138_seg_21.wav,0,Normal,MIX,LS,MIX/L0138.wav
train/MIX_segmented/L0138_seg_22.wav,0,Normal,MIX,LS,MIX/L0138.wav
train/MIX_segmented/L0138_seg_23.wav,0,Normal,MIX,LS,MIX/L0138.wav
train/MIX_segmented/L0138_seg_24.wav,0,Normal,MIX,LS,MIX/L0138.wav
train/MIX_segmented/L0138_seg_25.wav,0,Normal,MIX,LS,MIX/L0138.wav
train/MIX_segmented/L0138_seg_26.wav,0,Normal,MIX,LS,MIX/L0138.wav
train/MIX_segmented/H0006_seg_0.wav,1,Pathology,MIX,HS,MIX/H0006.wav
train/MIX_segmented/H0006_seg_1.wav,1,Pathology,MIX,HS,MIX/H0006.wav
train/MIX_segmented/H0006_seg_2.wav,1,Pathology,MIX,HS,MIX/H0006.wav
train/MIX_segmented/H0006_seg_3.wav,1,Pathology,MIX,HS,MIX/H0006.wav
train/MIX_segmented/H0006_seg_4.wav,1,Pathology,MIX,HS,MIX/H0006.wav
train/MIX_segmented/H0006_seg_5.wav,1,Pathology,MIX,HS,MIX/H0006.wav
train/MIX_segmented/H0006_seg_6.wav,1,Pathology,MIX,HS,MIX/H0006.wav
train/MIX_segmented/L0141_seg_0.wav,1,Pathology,MIX,LS,MIX/L0141.wav
train/MIX_segmented/L0141_seg_1.wav,1,Pathology,MIX,LS,MIX/L0141.wav
train/MIX_segmented/L0141_seg_2.wav,1,Pathology,MIX,LS,MIX/L0141.wav
train/MIX_segmented/L0141_seg_3.wav,1,Pathology,MIX,LS,MIX/L0141.wav
train/MIX_segmented/L0141_seg_4.wav,1,Pathology,MIX,LS,MIX/L0141.wav
train/MIX_segmented/L0141_seg_5.wav,1,Pathology,MIX,LS,MIX/L0141.wav
train/MIX_segmented/L0141_seg_6.wav,1,Pathology,MIX,LS,MIX/L0141.wav
train/HS_segmented/F_N_LUSB_seg_0.wav,0,Normal,HS,HS,HS/F_N_LUSB.wav
train/HS_segmented/F_N_LUSB_seg_1.wav,0,Normal,HS,HS,HS/F_N_LUSB.wav
train/HS_segmented/F_N_LUSB_seg_2.wav,0,Normal,HS,HS,HS/F_N_LUSB.wav
train/HS_segmented/F_N_LUSB_seg_3.wav,0,Normal,HS,HS,HS/F_N_LUSB.wav
train/HS_segmented/F_N_LUSB_seg_4.wav,0,Normal,HS,HS,HS/F_N_LUSB.wav
train/HS_segmented/F_N_LUSB_seg_5.wav,0,Normal,HS,HS,HS/F_N_LUSB.wav
train/HS_segmented/F_N_LUSB_seg_6.wav,0,Normal,HS,HS,HS/F_N_LUSB.wav
train/HS_segmented/F_N_LUSB_seg_7.wav,0,Normal,HS,HS,HS/F_N_LUSB.wav
train/HS_segmented/F_N_LUSB_seg_8.wav,0,Normal,HS,HS,HS/F_N_LUSB.wav
train/HS_segmented/F_N_LUSB_seg_9.wav,0,Normal,HS,HS,HS/F_N_LUSB.wav
train/HS_segmented/F_N_LUSB_seg_10.wav,0,Normal,HS,HS,HS/F_N_LUSB.wav
train/HS_segmented/F_N_LUSB_seg_11.wav,0,Normal,HS,HS,HS/F_N_LUSB.wav
train/HS_segmented/F_N_LUSB_seg_12.wav,0,Normal,HS,HS,HS/F_N_LUSB.wav
train/HS_segmented/F_N_LUSB_seg_13.wav,0,Normal,HS,HS,HS/F_N_LUSB.wav
train/HS_segmented/F_N_LUSB_seg_14.wav,0,Normal,HS,HS,HS/F_N_LUSB.wav
train/HS_segmented/F_N_LUSB_seg_15.wav,0,Normal,HS,HS,HS/F_N_LUSB.wav
train/HS_segmented/F_N_LUSB_seg_16.wav,0,Normal,HS,HS,HS/F_N_LUSB.wav
train/HS_segmented/F_N_LUSB_seg_17.wav,0,Normal,HS,HS,HS/F_N_LUSB.wav
train/HS_segmented/F_N_LUSB_seg_18.wav,0,Normal,HS,HS,HS/F_N_LUSB.wav
train/HS_segmented/F_N_LUSB_seg_19.wav,0,Normal,HS,HS,HS/F_N_LUSB.wav
train/HS_segmented/F_N_LUSB_seg_20.wav,0,Normal,HS,HS,HS/F_N_LUSB.wav
train/HS_segmented/F_N_LUSB_seg_21.wav,0,Normal,HS,HS,HS/F_N_LUSB.wav
train/HS_segmented/F_N_LUSB_seg_22.wav,0,Normal,HS,HS,HS/F_N_LUSB.wav
train/HS_segmented/F_N_LUSB_seg_23.wav,0,Normal,HS,HS,HS/F_N_LUSB.wav
train/HS_segmented/F_N_LUSB_seg_24.wav,0,Normal,HS,HS,HS/F_N_LUSB.wav
train/HS_segmented/F_N_LUSB_seg_25.wav,0,Normal,HS,HS,HS/F_N_LUSB.wav
train/HS_segmented/F_N_LUSB_seg_26.wav,0,Normal,HS,HS,HS/F_N_LUSB.wav
train/HS_segmented/F_ESM_LUSB_seg_0.wav,1,Pathology,HS,HS,HS/F_ESM_LUSB.wav
train/HS_segmented/F_ESM_LUSB_seg_1.wav,1,Pathology,HS,HS,HS/F_ESM_LUSB.wav
train/HS_segmented/F_ESM_LUSB_seg_2.wav,1,Pathology,HS,HS,HS/F_ESM_LUSB.wav
train/HS_segmented/F_ESM_LUSB_seg_3.wav,1,Pathology,HS,HS,HS/F_ESM_LUSB.wav
train/HS_segmented/F_ESM_LUSB_seg_4.wav,1,Pathology,HS,HS,HS/F_ESM_LUSB.wav
train/HS_segmented/F_ESM_LUSB_seg_5.wav,1,Pathology,HS,HS,HS/F_ESM_LUSB.wav
train/HS_segmented/F_ESM_LUSB_seg_6.wav,1,Pathology,HS,HS,HS/F_ESM_LUSB.wav
train/MIX_segmented/H0120_seg_0.wav,1,Pathology,MIX,HS,MIX/H0120.wav
train/MIX_segmented/H0120_seg_1.wav,1,Pathology,MIX,HS,MIX/H0120.wav
train/MIX_segmented/H0120_seg_2.wav,1,Pathology,MIX,HS,MIX/H0120.wav
train/MIX_segmented/H0120_seg_3.wav,1,Pathology,MIX,HS,MIX/H0120.wav
train/MIX_segmented/H0120_seg_4.wav,1,Pathology,MIX,HS,MIX/H0120.wav
train/MIX_segmented/H0120_seg_5.wav,1,Pathology,MIX,HS,MIX/H0120.wav
train/MIX_segmented/H0120_seg_6.wav,1,Pathology,MIX,HS,MIX/H0120.wav
train/MIX_segmented/L0096_seg_0.wav,1,Pathology,MIX,LS,MIX/L0096.wav
train/MIX_segmented/L0096_seg_1.wav,1,Pathology,MIX,LS,MIX/L0096.wav
train/MIX_segmented/L0096_seg_2.wav,1,Pathology,MIX,LS,MIX/L0096.wav
train/MIX_segmented/L0096_seg_3.wav,1,Pathology,MIX,LS,MIX/L0096.wav
train/MIX_segmented/L0096_seg_4.wav,1,Pathology,MIX,LS,MIX/L0096.wav
train/MIX_segmented/L0096_seg_5.wav,1,Pathology,MIX,LS,MIX/L0096.wav
train/MIX_segmented/L0096_seg_6.wav,1,Pathology,MIX,LS,MIX/L0096.wav
train/MIX_segmented/L0070_seg_0.wav,0,Normal,MIX,LS,MIX/L0070.wav
train/MIX_segmented/L0070_seg_1.wav,0,Normal,MIX,LS,MIX/L0070.wav
train/MIX_segmented/L0070_seg_2.wav,0,Normal,MIX,LS,MIX/L0070.wav
train/MIX_segmented/L0070_seg_3.wav,0,Normal,MIX,LS,MIX/L0070.wav
train/MIX_segmented/L0070_seg_4.wav,0,Normal,MIX,LS,MIX/L0070.wav
train/MIX_segmented/L0070_seg_5.wav,0,Normal,MIX,LS,MIX/L0070.wav
train/MIX_segmented/L0070_seg_6.wav,0,Normal,MIX,LS,MIX/L0070.wav
train/MIX_segmented/L0070_seg_7.wav,0,Normal,MIX,LS,MIX/L0070.wav
train/MIX_segmented/L0070_seg_8.wav,0,Normal,MIX,LS,MIX/L0070.wav
train/MIX_segmented/L0070_seg_9.wav,0,Normal,MIX,LS,MIX/L0070.wav
train/MIX_segmented/L0070_seg_10.wav,0,Normal,MIX,LS,MIX/L0070.wav
train/MIX_segmented/L0070_seg_11.wav,0,Normal,MIX,LS,MIX/L0070.wav
train/MIX_segmented/L0070_seg_12.wav,0,Normal,MIX,LS,MIX/L0070.wav
train/MIX_segmented/L0070_seg_13.wav,0,Normal,MIX,LS,MIX/L0070.wav
train/MIX_segmented/L0070_seg_14.wav,0,Normal,MIX,LS,MIX/L0070.wav
train/MIX_segmented/L0070_seg_15.wav,0,Normal,MIX,LS,MIX/L0070.wav
train/MIX_segmented/L0070_seg_16.wav,0,Normal,MIX,LS,MIX/L0070.wav
train/MIX_segmented/L0070_seg_17.wav,0,Normal,MIX,LS,MIX/L0070.wav
train/MIX_segmented/L0070_seg_18.wav,0,Normal,MIX,LS,MIX/L0070.wav
train/MIX_segmented/L0070_seg_19.wav,0,Normal,MIX,LS,MIX/L0070.wav
train/MIX_segmented/L0070_seg_20.wav,0,Normal,MIX,LS,MIX/L0070.wav
train/MIX_segmented/L0070_seg_21.wav,0,Normal,MIX,LS,MIX/L0070.wav
train/MIX_segmented/L0070_seg_22.wav,0,Normal,MIX,LS,MIX/L0070.wav
train/MIX_segmented/L0070_seg_23.wav,0,Normal,MIX,LS,MIX/L0070.wav
train/MIX_segmented/L0070_seg_24.wav,0,Normal,MIX,LS,MIX/L0070.wav
train/MIX_segmented/L0070_seg_25.wav,0,Normal,MIX,LS,MIX/L0070.wav
train/MIX_segmented/L0070_seg_26.wav,0,Normal,MIX,LS,MIX/L0070.wav
train/MIX_segmented/L0127_seg_0.wav,1,Pathology,MIX,LS,MIX/L0127.wav
train/MIX_segmented/L0127_seg_1.wav,1,Pathology,MIX,LS,MIX/L0127.wav
train/MIX_segmented/L0127_seg_2.wav,1,Pathology,MIX,LS,MIX/L0127.wav
train/MIX_segmented/L0127_seg_3.wav,1,Pathology,MIX,LS,MIX/L0127.wav
train/MIX_segmented/L0127_seg_4.wav,1,Pathology,MIX,LS,MIX/L0127.wav
train/MIX_segmented/L0127_seg_5.wav,1,Pathology,MIX,LS,MIX/L0127.wav
train/MIX_segmented/L0127_seg_6.wav,1,Pathology,MIX,LS,MIX/L0127.wav
train/MIX_segmented/L0060_seg_0.wav,1,Pathology,MIX,LS,MIX/L0060.wav
train/MIX_segmented/L0060_seg_1.wav,1,Pathology,MIX,LS,MIX/L0060.wav
train/MIX_segmented/L0060_seg_2.wav,1,Pathology,MIX,LS,MIX/L0060.wav
train/MIX_segmented/L0060_seg_3.wav,1,Pathology,MIX,LS,MIX/L0060.wav
train/MIX_segmented/L0060_seg_4.wav,1,Pathology,MIX,LS,MIX/L0060.wav
train/MIX_segmented/L0060_seg_5.wav,1,Pathology,MIX,LS,MIX/L0060.wav
train/MIX_segmented/L0060_seg_6.wav,1,Pathology,MIX,LS,MIX/L0060.wav
train/LS_segmented/F_R_LMA_seg_0.wav,1,Pathology,LS,LS,LS/F_R_LMA.wav
train/LS_segmented/F_R_LMA_seg_1.wav,1,Pathology,LS,LS,LS/F_R_LMA.wav
train/LS_segmented/F_R_LMA_seg_2.wav,1,Pathology,LS,LS,LS/F_R_LMA.wav
train/LS_segmented/F_R_LMA_seg_3.wav,1,Pathology,LS,LS,LS/F_R_LMA.wav
train/LS_segmented/F_R_LMA_seg_4.wav,1,Pathology,LS,LS,LS/F_R_LMA.wav
train/LS_segmented/F_R_LMA_seg_5.wav,1,Pathology,LS,LS,LS/F_R_LMA.wav
train/LS_segmented/F_R_LMA_seg_6.wav,1,Pathology,LS,LS,LS/F_R_LMA.wav
train/MIX_segmented/L0063_seg_0.wav,1,Pathology,MIX,LS,MIX/L0063.wav
train/MIX_segmented/L0063_seg_1.wav,1,Pathology,MIX,LS,MIX/L0063.wav
train/MIX_segmented/L0063_seg_2.wav,1,Pathology,MIX,LS,MIX/L0063.wav
train/MIX_segmented/L0063_seg_3.wav,1,Pathology,MIX,LS,MIX/L0063.wav
train/MIX_segmented/L0063_seg_4.wav,1,Pathology,MIX,LS,MIX/L0063.wav
train/MIX_segmented/L0063_seg_5.wav,1,Pathology,MIX,LS,MIX/L0063.wav
train/MIX_segmented/L0063_seg_6.wav,1,Pathology,MIX,LS,MIX/L0063.wav
train/MIX_segmented/H0070_seg_0.wav,1,Pathology,MIX,HS,MIX/H0070.wav
train/MIX_segmented/H0070_seg_1.wav,1,Pathology,MIX,HS,MIX/H0070.wav
train/MIX_segmented/H0070_seg_2.wav,1,Pathology,MIX,HS,MIX/H0070.wav
train/MIX_segmented/H0070_seg_3.wav,1,Pathology,MIX,HS,MIX/H0070.wav
train/MIX_segmented/H0070_seg_4.wav,1,Pathology,MIX,HS,MIX/H0070.wav
train/MIX_segmented/H0070_seg_5.wav,1,Pathology,MIX,HS,MIX/H0070.wav
train/MIX_segmented/H0070_seg_6.wav,1,Pathology,MIX,HS,MIX/H0070.wav
train/MIX_segmented/L0020_seg_0.wav,0,Normal,MIX,LS,MIX/L0020.wav
train/MIX_segmented/L0020_seg_1.wav,0,Normal,MIX,LS,MIX/L0020.wav
train/MIX_segmented/L0020_seg_2.wav,0,Normal,MIX,LS,MIX/L0020.wav
train/MIX_segmented/L0020_seg_3.wav,0,Normal,MIX,LS,MIX/L0020.wav
train/MIX_segmented/L0020_seg_4.wav,0,Normal,MIX,LS,MIX/L0020.wav
train/MIX_segmented/L0020_seg_5.wav,0,Normal,MIX,LS,MIX/L0020.wav
train/MIX_segmented/L0020_seg_6.wav,0,Normal,MIX,LS,MIX/L0020.wav
train/MIX_segmented/L0020_seg_7.wav,0,Normal,MIX,LS,MIX/L0020.wav
train/MIX_segmented/L0020_seg_8.wav,0,Normal,MIX,LS,MIX/L0020.wav
train/MIX_segmented/L0020_seg_9.wav,0,Normal,MIX,LS,MIX/L0020.wav
train/MIX_segmented/L0020_seg_10.wav,0,Normal,MIX,LS,MIX/L0020.wav
train/MIX_segmented/L0020_seg_11.wav,0,Normal,MIX,LS,MIX/L0020.wav
train/MIX_segmented/L0020_seg_12.wav,0,Normal,MIX,LS,MIX/L0020.wav
train/MIX_segmented/L0020_seg_13.wav,0,Normal,MIX,LS,MIX/L0020.wav
train/MIX_segmented/L0020_seg_14.wav,0,Normal,MIX,LS,MIX/L0020.wav
train/MIX_segmented/L0020_seg_15.wav,0,Normal,MIX,LS,MIX/L0020.wav
train/MIX_segmented/L0020_seg_16.wav,0,Normal,MIX,LS,MIX/L0020.wav
train/MIX_segmented/L0020_seg_17.wav,0,Normal,MIX,LS,MIX/L0020.wav
train/MIX_segmented/L0020_seg_18.wav,0,Normal,MIX,LS,MIX/L0020.wav
train/MIX_segmented/L0020_seg_19.wav,0,Normal,MIX,LS,MIX/L0020.wav
train/MIX_segmented/L0020_seg_20.wav,0,Normal,MIX,LS,MIX/L0020.wav
train/MIX_segmented/L0020_seg_21.wav,0,Normal,MIX,LS,MIX/L0020.wav
train/MIX_segmented/L0020_seg_22.wav,0,Normal,MIX,LS,MIX/L0020.wav
train/MIX_segmented/L0020_seg_23.wav,0,Normal,MIX,LS,MIX/L0020.wav
train/MIX_segmented/L0020_seg_24.wav,0,Normal,MIX,LS,MIX/L0020.wav
train/MIX_segmented/L0020_seg_25.wav,0,Normal,MIX,LS,MIX/L0020.wav
train/MIX_segmented/L0020_seg_26.wav,0,Normal,MIX,LS,MIX/L0020.wav
train/MIX_segmented/H0107_seg_0.wav,0,Normal,MIX,HS,MIX/H0107.wav
train/MIX_segmented/H0107_seg_1.wav,0,Normal,MIX,HS,MIX/H0107.wav
train/MIX_segmented/H0107_seg_2.wav,0,Normal,MIX,HS,MIX/H0107.wav
train/MIX_segmented/H0107_seg_3.wav,0,Normal,MIX,HS,MIX/H0107.wav
train/MIX_segmented/H0107_seg_4.wav,0,Normal,MIX,HS,MIX/H0107.wav
train/MIX_segmented/H0107_seg_5.wav,0,Normal,MIX,HS,MIX/H0107.wav
train/MIX_segmented/H0107_seg_6.wav,0,Normal,MIX,HS,MIX/H0107.wav
train/MIX_segmented/H0107_seg_7.wav,0,Normal,MIX,HS,MIX/H0107.wav
train/MIX_segmented/H0107_seg_8.wav,0,Normal,MIX,HS,MIX/H0107.wav
train/MIX_segmented/H0107_seg_9.wav,0,Normal,MIX,HS,MIX/H0107.wav
train/MIX_segmented/H0107_seg_10.wav,0,Normal,MIX,HS,MIX/H0107.wav
train/MIX_segmented/H0107_seg_11.wav,0,Normal,MIX,HS,MIX/H0107.wav
train/MIX_segmented/H0107_seg_12.wav,0,Normal,MIX,HS,MIX/H0107.wav
train/MIX_segmented/H0107_seg_13.wav,0,Normal,MIX,HS,MIX/H0107.wav
train/MIX_segmented/H0107_seg_14.wav,0,Normal,MIX,HS,MIX/H0107.wav
train/MIX_segmented/H0107_seg_15.wav,0,Normal,MIX,HS,MIX/H0107.wav
train/MIX_segmented/H0107_seg_16.wav,0,Normal,MIX,HS,MIX/H0107.wav
train/MIX_segmented/H0107_seg_17.wav,0,Normal,MIX,HS,MIX/H0107.wav
train/MIX_segmented/H0107_seg_18.wav,0,Normal,MIX,HS,MIX/H0107.wav
train/MIX_segmented/H0107_seg_19.wav,0,Normal,MIX,HS,MIX/H0107.wav
train/MIX_segmented/H0107_seg_20.wav,0,Normal,MIX,HS,MIX/H0107.wav
train/MIX_segmented/H0107_seg_21.wav,0,Normal,MIX,HS,MIX/H0107.wav
train/MIX_segmented/H0107_seg_22.wav,0,Normal,MIX,HS,MIX/H0107.wav
train/MIX_segmented/H0107_seg_23.wav,0,Normal,MIX,HS,MIX/H0107.wav
train/MIX_segmented/H0107_seg_24.wav,0,Normal,MIX,HS,MIX/H0107.wav
train/MIX_segmented/H0107_seg_25.wav,0,Normal,MIX,HS,MIX/H0107.wav
train/MIX_segmented/H0107_seg_26.wav,0,Normal,MIX,HS,MIX/H0107.wav
train/MIX_segmented/H0042_seg_0.wav,1,Pathology,MIX,HS,MIX/H0042.wav
train/MIX_segmented/H0042_seg_1.wav,1,Pathology,MIX,HS,MIX/H0042.wav
train/MIX_segmented/H0042_seg_2.wav,1,Pathology,MIX,HS,MIX/H0042.wav
train/MIX_segmented/H0042_seg_3.wav,1,Pathology,MIX,HS,MIX/H0042.wav
train/MIX_segmented/H0042_seg_4.wav,1,Pathology,MIX,HS,MIX/H0042.wav
train/MIX_segmented/H0042_seg_5.wav,1,Pathology,MIX,HS,MIX/H0042.wav
train/MIX_segmented/H0042_seg_6.wav,1,Pathology,MIX,HS,MIX/H0042.wav
train/MIX_segmented/L0131_seg_0.wav,1,Pathology,MIX,LS,MIX/L0131.wav
train/MIX_segmented/L0131_seg_1.wav,1,Pathology,MIX,LS,MIX/L0131.wav
train/MIX_segmented/L0131_seg_2.wav,1,Pathology,MIX,LS,MIX/L0131.wav
train/MIX_segmented/L0131_seg_3.wav,1,Pathology,MIX,LS,MIX/L0131.wav
train/MIX_segmented/L0131_seg_4.wav,1,Pathology,MIX,LS,MIX/L0131.wav
train/MIX_segmented/L0131_seg_5.wav,1,Pathology,MIX,LS,MIX/L0131.wav
train/MIX_segmented/L0131_seg_6.wav,1,Pathology,MIX,LS,MIX/L0131.wav
train/MIX_segmented/L0132_seg_0.wav,1,Pathology,MIX,LS,MIX/L0132.wav
train/MIX_segmented/L0132_seg_1.wav,1,Pathology,MIX,LS,MIX/L0132.wav
train/MIX_segmented/L0132_seg_2.wav,1,Pathology,MIX,LS,MIX/L0132.wav
train/MIX_segmented/L0132_seg_3.wav,1,Pathology,MIX,LS,MIX/L0132.wav
train/MIX_segmented/L0132_seg_4.wav,1,Pathology,MIX,LS,MIX/L0132.wav
train/MIX_segmented/L0132_seg_5.wav,1,Pathology,MIX,LS,MIX/L0132.wav
train/MIX_segmented/L0132_seg_6.wav,1,Pathology,MIX,LS,MIX/L0132.wav
train/MIX_segmented/H0075_seg_0.wav,1,Pathology,MIX,HS,MIX/H0075.wav
train/MIX_segmented/H0075_seg_1.wav,1,Pathology,MIX,HS,MIX/H0075.wav
train/MIX_segmented/H0075_seg_2.wav,1,Pathology,MIX,HS,MIX/H0075.wav
train/MIX_segmented/H0075_seg_3.wav,1,Pathology,MIX,HS,MIX/H0075.wav
train/MIX_segmented/H0075_seg_4.wav,1,Pathology,MIX,HS,MIX/H0075.wav
train/MIX_segmented/H0075_seg_5.wav,1,Pathology,MIX,HS,MIX/H0075.wav
train/MIX_segmented/H0075_seg_6.wav,1,Pathology,MIX,HS,MIX/H0075.wav
train/MIX_segmented/H0055_seg_0.wav,1,Pathology,MIX,HS,MIX/H0055.wav
train/MIX_segmented/H0055_seg_1.wav,1,Pathology,MIX,HS,MIX/H0055.wav
train/MIX_segmented/H0055_seg_2.wav,1,Pathology,MIX,HS,MIX/H0055.wav
train/MIX_segmented/H0055_seg_3.wav,1,Pathology,MIX,HS,MIX/H0055.wav
train/MIX_segmented/H0055_seg_4.wav,1,Pathology,MIX,HS,MIX/H0055.wav
train/MIX_segmented/H0055_seg_5.wav,1,Pathology,MIX,HS,MIX/H0055.wav
train/MIX_segmented/H0055_seg_6.wav,1,Pathology,MIX,HS,MIX/H0055.wav
train/MIX_segmented/L0001_seg_0.wav,1,Pathology,MIX,LS,MIX/L0001.wav
train/MIX_segmented/L0001_seg_1.wav,1,Pathology,MIX,LS,MIX/L0001.wav
train/MIX_segmented/L0001_seg_2.wav,1,Pathology,MIX,LS,MIX/L0001.wav
train/MIX_segmented/L0001_seg_3.wav,1,Pathology,MIX,LS,MIX/L0001.wav
train/MIX_segmented/L0001_seg_4.wav,1,Pathology,MIX,LS,MIX/L0001.wav
train/MIX_segmented/L0001_seg_5.wav,1,Pathology,MIX,LS,MIX/L0001.wav
train/MIX_segmented/L0001_seg_6.wav,1,Pathology,MIX,LS,MIX/L0001.wav
train/MIX_segmented/H0003_seg_0.wav,1,Pathology,MIX,HS,MIX/H0003.wav
train/MIX_segmented/H0003_seg_1.wav,1,Pathology,MIX,HS,MIX/H0003.wav
train/MIX_segmented/H0003_seg_2.wav,1,Pathology,MIX,HS,MIX/H0003.wav
train/MIX_segmented/H0003_seg_3.wav,1,Pathology,MIX,HS,MIX/H0003.wav
train/MIX_segmented/H0003_seg_4.wav,1,Pathology,MIX,HS,MIX/H0003.wav
train/MIX_segmented/H0003_seg_5.wav,1,Pathology,MIX,HS,MIX/H0003.wav
train/MIX_segmented/H0003_seg_6.wav,1,Pathology,MIX,HS,MIX/H0003.wav
train/HS_segmented/F_LSM_A_seg_0.wav,1,Pathology,HS,HS,HS/F_LSM_A.wav
train/HS_segmented/F_LSM_A_seg_1.wav,1,Pathology,HS,HS,HS/F_LSM_A.wav
train/HS_segmented/F_LSM_A_seg_2.wav,1,Pathology,HS,HS,HS/F_LSM_A.wav
train/HS_segmented/F_LSM_A_seg_3.wav,1,Pathology,HS,HS,HS/F_LSM_A.wav
train/HS_segmented/F_LSM_A_seg_4.wav,1,Pathology,HS,HS,HS/F_LSM_A.wav
train/HS_segmented/F_LSM_A_seg_5.wav,1,Pathology,HS,HS,HS/F_LSM_A.wav
train/HS_segmented/F_LSM_A_seg_6.wav,1,Pathology,HS,HS,HS/F_LSM_A.wav
train/LS_segmented/F_R_RLA_seg_0.wav,1,Pathology,LS,LS,LS/F_R_RLA.wav
train/LS_segmented/F_R_RLA_seg_1.wav,1,Pathology,LS,LS,LS/F_R_RLA.wav
train/LS_segmented/F_R_RLA_seg_2.wav,1,Pathology,LS,LS,LS/F_R_RLA.wav
train/LS_segmented/F_R_RLA_seg_3.wav,1,Pathology,LS,LS,LS/F_R_RLA.wav
train/LS_segmented/F_R_RLA_seg_4.wav,1,Pathology,LS,LS,LS/F_R_RLA.wav
train/LS_segmented/F_R_RLA_seg_5.wav,1,Pathology,LS,LS,LS/F_R_RLA.wav
train/LS_segmented/F_R_RLA_seg_6.wav,1,Pathology,LS,LS,LS/F_R_RLA.wav
train/MIX_segmented/H0030_seg_0.wav,1,Pathology,MIX,HS,MIX/H0030.wav
train/MIX_segmented/H0030_seg_1.wav,1,Pathology,MIX,HS,MIX/H0030.wav
train/MIX_segmented/H0030_seg_2.wav,1,Pathology,MIX,HS,MIX/H0030.wav
train/MIX_segmented/H0030_seg_3.wav,1,Pathology,MIX,HS,MIX/H0030.wav
train/MIX_segmented/H0030_seg_4.wav,1,Pathology,MIX,HS,MIX/H0030.wav
train/MIX_segmented/H0030_seg_5.wav,1,Pathology,MIX,HS,MIX/H0030.wav
train/MIX_segmented/H0030_seg_6.wav,1,Pathology,MIX,HS,MIX/H0030.wav
train/HS_segmented/M_MSM_A_seg_0.wav,1,Pathology,HS,HS,HS/M_MSM_A.wav
train/HS_segmented/M_MSM_A_seg_1.wav,1,Pathology,HS,HS,HS/M_MSM_A.wav
train/HS_segmented/M_MSM_A_seg_2.wav,1,Pathology,HS,HS,HS/M_MSM_A.wav
train/HS_segmented/M_MSM_A_seg_3.wav,1,Pathology,HS,HS,HS/M_MSM_A.wav
train/HS_segmented/M_MSM_A_seg_4.wav,1,Pathology,HS,HS,HS/M_MSM_A.wav
train/HS_segmented/M_MSM_A_seg_5.wav,1,Pathology,HS,HS,HS/M_MSM_A.wav
train/HS_segmented/M_MSM_A_seg_6.wav,1,Pathology,HS,HS,HS/M_MSM_A.wav
train/HS_segmented/M_MSM_RC_seg_0.wav,1,Pathology,HS,HS,HS/M_MSM_RC.wav
train/HS_segmented/M_MSM_RC_seg_1.wav,1,Pathology,HS,HS,HS/M_MSM_RC.wav
train/HS_segmented/M_MSM_RC_seg_2.wav,1,Pathology,HS,HS,HS/M_MSM_RC.wav
train/HS_segmented/M_MSM_RC_seg_3.wav,1,Pathology,HS,HS,HS/M_MSM_RC.wav
train/HS_segmented/M_MSM_RC_seg_4.wav,1,Pathology,HS,HS,HS/M_MSM_RC.wav
train/HS_segmented/M_MSM_RC_seg_5.wav,1,Pathology,HS,HS,HS/M_MSM_RC.wav
train/HS_segmented/M_MSM_RC_seg_6.wav,1,Pathology,HS,HS,HS/M_MSM_RC.wav
train/MIX_segmented/L0094_seg_0.wav,1,Pathology,MIX,LS,MIX/L0094.wav
train/MIX_segmented/L0094_seg_1.wav,1,Pathology,MIX,LS,MIX/L0094.wav
train/MIX_segmented/L0094_seg_2.wav,1,Pathology,MIX,LS,MIX/L0094.wav
train/MIX_segmented/L0094_seg_3.wav,1,Pathology,MIX,LS,MIX/L0094.wav
train/MIX_segmented/L0094_seg_4.wav,1,Pathology,MIX,LS,MIX/L0094.wav
train/MIX_segmented/L0094_seg_5.wav,1,Pathology,MIX,LS,MIX/L0094.wav
train/MIX_segmented/L0094_seg_6.wav,1,Pathology,MIX,LS,MIX/L0094.wav
train/MIX_segmented/L0123_seg_0.wav,1,Pathology,MIX,LS,MIX/L0123.wav
train/MIX_segmented/L0123_seg_1.wav,1,Pathology,MIX,LS,MIX/L0123.wav
train/MIX_segmented/L0123_seg_2.wav,1,Pathology,MIX,LS,MIX/L0123.wav
train/MIX_segmented/L0123_seg_3.wav,1,Pathology,MIX,LS,MIX/L0123.wav
train/MIX_segmented/L0123_seg_4.wav,1,Pathology,MIX,LS,MIX/L0123.wav
train/MIX_segmented/L0123_seg_5.wav,1,Pathology,MIX,LS,MIX/L0123.wav
train/MIX_segmented/L0123_seg_6.wav,1,Pathology,MIX,LS,MIX/L0123.wav
train/MIX_segmented/L0120_seg_0.wav,1,Pathology,MIX,LS,MIX/L0120.wav
train/MIX_segmented/L0120_seg_1.wav,1,Pathology,MIX,LS,MIX/L0120.wav
train/MIX_segmented/L0120_seg_2.wav,1,Pathology,MIX,LS,MIX/L0120.wav
train/MIX_segmented/L0120_seg_3.wav,1,Pathology,MIX,LS,MIX/L0120.wav
train/MIX_segmented/L0120_seg_4.wav,1,Pathology,MIX,LS,MIX/L0120.wav
train/MIX_segmented/L0120_seg_5.wav,1,Pathology,MIX,LS,MIX/L0120.wav
train/MIX_segmented/L0120_seg_6.wav,1,Pathology,MIX,LS,MIX/L0120.wav
train/MIX_segmented/H0144_seg_0.wav,1,Pathology,MIX,HS,MIX/H0144.wav
train/MIX_segmented/H0144_seg_1.wav,1,Pathology,MIX,HS,MIX/H0144.wav
train/MIX_segmented/H0144_seg_2.wav,1,Pathology,MIX,HS,MIX/H0144.wav
train/MIX_segmented/H0144_seg_3.wav,1,Pathology,MIX,HS,MIX/H0144.wav
train/MIX_segmented/H0144_seg_4.wav,1,Pathology,MIX,HS,MIX/H0144.wav
train/MIX_segmented/H0144_seg_5.wav,1,Pathology,MIX,HS,MIX/H0144.wav
train/MIX_segmented/H0144_seg_6.wav,1,Pathology,MIX,HS,MIX/H0144.wav
train/MIX_segmented/H0039_seg_0.wav,0,Normal,MIX,HS,MIX/H0039.wav
train/MIX_segmented/H0039_seg_1.wav,0,Normal,MIX,HS,MIX/H0039.wav
train/MIX_segmented/H0039_seg_2.wav,0,Normal,MIX,HS,MIX/H0039.wav
train/MIX_segmented/H0039_seg_3.wav,0,Normal,MIX,HS,MIX/H0039.wav
train/MIX_segmented/H0039_seg_4.wav,0,Normal,MIX,HS,MIX/H0039.wav
train/MIX_segmented/H0039_seg_5.wav,0,Normal,MIX,HS,MIX/H0039.wav
train/MIX_segmented/H0039_seg_6.wav,0,Normal,MIX,HS,MIX/H0039.wav
train/MIX_segmented/H0039_seg_7.wav,0,Normal,MIX,HS,MIX/H0039.wav
train/MIX_segmented/H0039_seg_8.wav,0,Normal,MIX,HS,MIX/H0039.wav
train/MIX_segmented/H0039_seg_9.wav,0,Normal,MIX,HS,MIX/H0039.wav
train/MIX_segmented/H0039_seg_10.wav,0,Normal,MIX,HS,MIX/H0039.wav
train/MIX_segmented/H0039_seg_11.wav,0,Normal,MIX,HS,MIX/H0039.wav
train/MIX_segmented/H0039_seg_12.wav,0,Normal,MIX,HS,MIX/H0039.wav
train/MIX_segmented/H0039_seg_13.wav,0,Normal,MIX,HS,MIX/H0039.wav
train/MIX_segmented/H0039_seg_14.wav,0,Normal,MIX,HS,MIX/H0039.wav
train/MIX_segmented/H0039_seg_15.wav,0,Normal,MIX,HS,MIX/H0039.wav
train/MIX_segmented/H0039_seg_16.wav,0,Normal,MIX,HS,MIX/H0039.wav
train/MIX_segmented/H0039_seg_17.wav,0,Normal,MIX,HS,MIX/H0039.wav
train/MIX_segmented/H0039_seg_18.wav,0,Normal,MIX,HS,MIX/H0039.wav
train/MIX_segmented/H0039_seg_19.wav,0,Normal,MIX,HS,MIX/H0039.wav
train/MIX_segmented/H0039_seg_20.wav,0,Normal,MIX,HS,MIX/H0039.wav
train/MIX_segmented/H0039_seg_21.wav,0,Normal,MIX,HS,MIX/H0039.wav
train/MIX_segmented/H0039_seg_22.wav,0,Normal,MIX,HS,MIX/H0039.wav
train/MIX_segmented/H0039_seg_23.wav,0,Normal,MIX,HS,MIX/H0039.wav
train/MIX_segmented/H0039_seg_24.wav,0,Normal,MIX,HS,MIX/H0039.wav
train/MIX_segmented/H0039_seg_25.wav,0,Normal,MIX,HS,MIX/H0039.wav
train/MIX_segmented/H0039_seg_26.wav,0,Normal,MIX,HS,MIX/H0039.wav
train/MIX_segmented/H0093_seg_0.wav,1,Pathology,MIX,HS,MIX/H0093.wav
train/MIX_segmented/H0093_seg_1.wav,1,Pathology,MIX,HS,MIX/H0093.wav
train/MIX_segmented/H0093_seg_2.wav,1,Pathology,MIX,HS,MIX/H0093.wav
train/MIX_segmented/H0093_seg_3.wav,1,Pathology,MIX,HS,MIX/H0093.wav
train/MIX_segmented/H0093_seg_4.wav,1,Pathology,MIX,HS,MIX/H0093.wav
train/MIX_segmented/H0093_seg_5.wav,1,Pathology,MIX,HS,MIX/H0093.wav
train/MIX_segmented/H0093_seg_6.wav,1,Pathology,MIX,HS,MIX/H0093.wav
train/MIX_segmented/H0139_seg_0.wav,1,Pathology,MIX,HS,MIX/H0139.wav
train/MIX_segmented/H0139_seg_1.wav,1,Pathology,MIX,HS,MIX/H0139.wav
train/MIX_segmented/H0139_seg_2.wav,1,Pathology,MIX,HS,MIX/H0139.wav
train/MIX_segmented/H0139_seg_3.wav,1,Pathology,MIX,HS,MIX/H0139.wav
train/MIX_segmented/H0139_seg_4.wav,1,Pathology,MIX,HS,MIX/H0139.wav
train/MIX_segmented/H0139_seg_5.wav,1,Pathology,MIX,HS,MIX/H0139.wav
train/MIX_segmented/H0139_seg_6.wav,1,Pathology,MIX,HS,MIX/H0139.wav
train/MIX_segmented/L0095_seg_0.wav,0,Normal,MIX,LS,MIX/L0095.wav
train/MIX_segmented/L0095_seg_1.wav,0,Normal,MIX,LS,MIX/L0095.wav
train/MIX_segmented/L0095_seg_2.wav,0,Normal,MIX,LS,MIX/L0095.wav
train/MIX_segmented/L0095_seg_3.wav,0,Normal,MIX,LS,MIX/L0095.wav
train/MIX_segmented/L0095_seg_4.wav,0,Normal,MIX,LS,MIX/L0095.wav
train/MIX_segmented/L0095_seg_5.wav,0,Normal,MIX,LS,MIX/L0095.wav
train/MIX_segmented/L0095_seg_6.wav,0,Normal,MIX,LS,MIX/L0095.wav
train/MIX_segmented/L0095_seg_7.wav,0,Normal,MIX,LS,MIX/L0095.wav
train/MIX_segmented/L0095_seg_8.wav,0,Normal,MIX,LS,MIX/L0095.wav
train/MIX_segmented/L0095_seg_9.wav,0,Normal,MIX,LS,MIX/L0095.wav
train/MIX_segmented/L0095_seg_10.wav,0,Normal,MIX,LS,MIX/L0095.wav
train/MIX_segmented/L0095_seg_11.wav,0,Normal,MIX,LS,MIX/L0095.wav
train/MIX_segmented/L0095_seg_12.wav,0,Normal,MIX,LS,MIX/L0095.wav
train/MIX_segmented/L0095_seg_13.wav,0,Normal,MIX,LS,MIX/L0095.wav
train/MIX_segmented/L0095_seg_14.wav,0,Normal,MIX,LS,MIX/L0095.wav
train/MIX_segmented/L0095_seg_15.wav,0,Normal,MIX,LS,MIX/L0095.wav
train/MIX_segmented/L0095_seg_16.wav,0,Normal,MIX,LS,MIX/L0095.wav
train/MIX_segmented/L0095_seg_17.wav,0,Normal,MIX,LS,MIX/L0095.wav
train/MIX_segmented/L0095_seg_18.wav,0,Normal,MIX,LS,MIX/L0095.wav
train/MIX_segmented/L0095_seg_19.wav,0,Normal,MIX,LS,MIX/L0095.wav
train/MIX_segmented/L0095_seg_20.wav,0,Normal,MIX,LS,MIX/L0095.wav
train/MIX_segmented/L0095_seg_21.wav,0,Normal,MIX,LS,MIX/L0095.wav
train/MIX_segmented/L0095_seg_22.wav,0,Normal,MIX,LS,MIX/L0095.wav
train/MIX_segmented/L0095_seg_23.wav,0,Normal,MIX,LS,MIX/L0095.wav
train/MIX_segmented/L0095_seg_24.wav,0,Normal,MIX,LS,MIX/L0095.wav
train/MIX_segmented/L0095_seg_25.wav,0,Normal,MIX,LS,MIX/L0095.wav
train/MIX_segmented/L0095_seg_26.wav,0,Normal,MIX,LS,MIX/L0095.wav
train/LS_segmented/M_R_RLA_seg_0.wav,1,Pathology,LS,LS,LS/M_R_RLA.wav
train/LS_segmented/M_R_RLA_seg_1.wav,1,Pathology,LS,LS,LS/M_R_RLA.wav
train/LS_segmented/M_R_RLA_seg_2.wav,1,Pathology,LS,LS,LS/M_R_RLA.wav
train/LS_segmented/M_R_RLA_seg_3.wav,1,Pathology,LS,LS,LS/M_R_RLA.wav
train/LS_segmented/M_R_RLA_seg_4.wav,1,Pathology,LS,LS,LS/M_R_RLA.wav
train/LS_segmented/M_R_RLA_seg_5.wav,1,Pathology,LS,LS,LS/M_R_RLA.wav
train/LS_segmented/M_R_RLA_seg_6.wav,1,Pathology,LS,LS,LS/M_R_RLA.wav
train/MIX_segmented/L0089_seg_0.wav,1,Pathology,MIX,LS,MIX/L0089.wav
train/MIX_segmented/L0089_seg_1.wav,1,Pathology,MIX,LS,MIX/L0089.wav
train/MIX_segmented/L0089_seg_2.wav,1,Pathology,MIX,LS,MIX/L0089.wav
train/MIX_segmented/L0089_seg_3.wav,1,Pathology,MIX,LS,MIX/L0089.wav
train/MIX_segmented/L0089_seg_4.wav,1,Pathology,MIX,LS,MIX/L0089.wav
train/MIX_segmented/L0089_seg_5.wav,1,Pathology,MIX,LS,MIX/L0089.wav
train/MIX_segmented/L0089_seg_6.wav,1,Pathology,MIX,LS,MIX/L0089.wav
train/MIX_segmented/H0017_seg_0.wav,1,Pathology,MIX,HS,MIX/H0017.wav
train/MIX_segmented/H0017_seg_1.wav,1,Pathology,MIX,HS,MIX/H0017.wav
train/MIX_segmented/H0017_seg_2.wav,1,Pathology,MIX,HS,MIX/H0017.wav
train/MIX_segmented/H0017_seg_3.wav,1,Pathology,MIX,HS,MIX/H0017.wav
train/MIX_segmented/H0017_seg_4.wav,1,Pathology,MIX,HS,MIX/H0017.wav
train/MIX_segmented/H0017_seg_5.wav,1,Pathology,MIX,HS,MIX/H0017.wav
train/MIX_segmented/H0017_seg_6.wav,1,Pathology,MIX,HS,MIX/H0017.wav
train/MIX_segmented/H0074_seg_0.wav,0,Normal,MIX,HS,MIX/H0074.wav
train/MIX_segmented/H0074_seg_1.wav,0,Normal,MIX,HS,MIX/H0074.wav
train/MIX_segmented/H0074_seg_2.wav,0,Normal,MIX,HS,MIX/H0074.wav
train/MIX_segmented/H0074_seg_3.wav,0,Normal,MIX,HS,MIX/H0074.wav
train/MIX_segmented/H0074_seg_4.wav,0,Normal,MIX,HS,MIX/H0074.wav
train/MIX_segmented/H0074_seg_5.wav,0,Normal,MIX,HS,MIX/H0074.wav
train/MIX_segmented/H0074_seg_6.wav,0,Normal,MIX,HS,MIX/H0074.wav
train/MIX_segmented/H0074_seg_7.wav,0,Normal,MIX,HS,MIX/H0074.wav
train/MIX_segmented/H0074_seg_8.wav,0,Normal,MIX,HS,MIX/H0074.wav
train/MIX_segmented/H0074_seg_9.wav,0,Normal,MIX,HS,MIX/H0074.wav
train/MIX_segmented/H0074_seg_10.wav,0,Normal,MIX,HS,MIX/H0074.wav
train/MIX_segmented/H0074_seg_11.wav,0,Normal,MIX,HS,MIX/H0074.wav
train/MIX_segmented/H0074_seg_12.wav,0,Normal,MIX,HS,MIX/H0074.wav
train/MIX_segmented/H0074_seg_13.wav,0,Normal,MIX,HS,MIX/H0074.wav
train/MIX_segmented/H0074_seg_14.wav,0,Normal,MIX,HS,MIX/H0074.wav
train/MIX_segmented/H0074_seg_15.wav,0,Normal,MIX,HS,MIX/H0074.wav
train/MIX_segmented/H0074_seg_16.wav,0,Normal,MIX,HS,MIX/H0074.wav
train/MIX_segmented/H0074_seg_17.wav,0,Normal,MIX,HS,MIX/H0074.wav
train/MIX_segmented/H0074_seg_18.wav,0,Normal,MIX,HS,MIX/H0074.wav
train/MIX_segmented/H0074_seg_19.wav,0,Normal,MIX,HS,MIX/H0074.wav
train/MIX_segmented/H0074_seg_20.wav,0,Normal,MIX,HS,MIX/H0074.wav
train/MIX_segmented/H0074_seg_21.wav,0,Normal,MIX,HS,MIX/H0074.wav
train/MIX_segmented/H0074_seg_22.wav,0,Normal,MIX,HS,MIX/H0074.wav
train/MIX_segmented/H0074_seg_23.wav,0,Normal,MIX,HS,MIX/H0074.wav
train/MIX_segmented/H0074_seg_24.wav,0,Normal,MIX,HS,MIX/H0074.wav
train/MIX_segmented/H0074_seg_25.wav,0,Normal,MIX,HS,MIX/H0074.wav
train/MIX_segmented/H0074_seg_26.wav,0,Normal,MIX,HS,MIX/H0074.wav
train/MIX_segmented/H0027_seg_0.wav,1,Pathology,MIX,HS,MIX/H0027.wav
train/MIX_segmented/H0027_seg_1.wav,1,Pathology,MIX,HS,MIX/H0027.wav
train/MIX_segmented/H0027_seg_2.wav,1,Pathology,MIX,HS,MIX/H0027.wav
train/MIX_segmented/H0027_seg_3.wav,1,Pathology,MIX,HS,MIX/H0027.wav
train/MIX_segmented/H0027_seg_4.wav,1,Pathology,MIX,HS,MIX/H0027.wav
train/MIX_segmented/H0027_seg_5.wav,1,Pathology,MIX,HS,MIX/H0027.wav
train/MIX_segmented/H0027_seg_6.wav,1,Pathology,MIX,HS,MIX/H0027.wav
train/MIX_segmented/L0005_seg_0.wav,1,Pathology,MIX,LS,MIX/L0005.wav
train/MIX_segmented/L0005_seg_1.wav,1,Pathology,MIX,LS,MIX/L0005.wav
train/MIX_segmented/L0005_seg_2.wav,1,Pathology,MIX,LS,MIX/L0005.wav
train/MIX_segmented/L0005_seg_3.wav,1,Pathology,MIX,LS,MIX/L0005.wav
train/MIX_segmented/L0005_seg_4.wav,1,Pathology,MIX,LS,MIX/L0005.wav
train/MIX_segmented/L0005_seg_5.wav,1,Pathology,MIX,LS,MIX/L0005.wav
train/MIX_segmented/L0005_seg_6.wav,1,Pathology,MIX,LS,MIX/L0005.wav
train/HS_segmented/M_MSM_LUSB_seg_0.wav,1,Pathology,HS,HS,HS/M_MSM_LUSB.wav
train/HS_segmented/M_MSM_LUSB_seg_1.wav,1,Pathology,HS,HS,HS/M_MSM_LUSB.wav
train/HS_segmented/M_MSM_LUSB_seg_2.wav,1,Pathology,HS,HS,HS/M_MSM_LUSB.wav
train/HS_segmented/M_MSM_LUSB_seg_3.wav,1,Pathology,HS,HS,HS/M_MSM_LUSB.wav
train/HS_segmented/M_MSM_LUSB_seg_4.wav,1,Pathology,HS,HS,HS/M_MSM_LUSB.wav
train/HS_segmented/M_MSM_LUSB_seg_5.wav,1,Pathology,HS,HS,HS/M_MSM_LUSB.wav
train/HS_segmented/M_MSM_LUSB_seg_6.wav,1,Pathology,HS,HS,HS/M_MSM_LUSB.wav
train/MIX_segmented/L0032_seg_0.wav,1,Pathology,MIX,LS,MIX/L0032.wav
train/MIX_segmented/L0032_seg_1.wav,1,Pathology,MIX,LS,MIX/L0032.wav
train/MIX_segmented/L0032_seg_2.wav,1,Pathology,MIX,LS,MIX/L0032.wav
train/MIX_segmented/L0032_seg_3.wav,1,Pathology,MIX,LS,MIX/L0032.wav
train/MIX_segmented/L0032_seg_4.wav,1,Pathology,MIX,LS,MIX/L0032.wav
train/MIX_segmented/L0032_seg_5.wav,1,Pathology,MIX,LS,MIX/L0032.wav
train/MIX_segmented/L0032_seg_6.wav,1,Pathology,MIX,LS,MIX/L0032.wav
train/HS_segmented/M_ESM_LUSB_seg_0.wav,1,Pathology,HS,HS,HS/M_ESM_LUSB.wav
train/HS_segmented/M_ESM_LUSB_seg_1.wav,1,Pathology,HS,HS,HS/M_ESM_LUSB.wav
train/HS_segmented/M_ESM_LUSB_seg_2.wav,1,Pathology,HS,HS,HS/M_ESM_LUSB.wav
train/HS_segmented/M_ESM_LUSB_seg_3.wav,1,Pathology,HS,HS,HS/M_ESM_LUSB.wav
train/HS_segmented/M_ESM_LUSB_seg_4.wav,1,Pathology,HS,HS,HS/M_ESM_LUSB.wav
train/HS_segmented/M_ESM_LUSB_seg_5.wav,1,Pathology,HS,HS,HS/M_ESM_LUSB.wav
train/HS_segmented/M_ESM_LUSB_seg_6.wav,1,Pathology,HS,HS,HS/M_ESM_LUSB.wav
train/MIX_segmented/L0038_seg_0.wav,0,Normal,MIX,LS,MIX/L0038.wav
train/MIX_segmented/L0038_seg_1.wav,0,Normal,MIX,LS,MIX/L0038.wav
train/MIX_segmented/L0038_seg_2.wav,0,Normal,MIX,LS,MIX/L0038.wav
train/MIX_segmented/L0038_seg_3.wav,0,Normal,MIX,LS,MIX/L0038.wav
train/MIX_segmented/L0038_seg_4.wav,0,Normal,MIX,LS,MIX/L0038.wav
train/MIX_segmented/L0038_seg_5.wav,0,Normal,MIX,LS,MIX/L0038.wav
train/MIX_segmented/L0038_seg_6.wav,0,Normal,MIX,LS,MIX/L0038.wav
train/MIX_segmented/L0038_seg_7.wav,0,Normal,MIX,LS,MIX/L0038.wav
train/MIX_segmented/L0038_seg_8.wav,0,Normal,MIX,LS,MIX/L0038.wav
train/MIX_segmented/L0038_seg_9.wav,0,Normal,MIX,LS,MIX/L0038.wav
train/MIX_segmented/L0038_seg_10.wav,0,Normal,MIX,LS,MIX/L0038.wav
train/MIX_segmented/L0038_seg_11.wav,0,Normal,MIX,LS,MIX/L0038.wav
train/MIX_segmented/L0038_seg_12.wav,0,Normal,MIX,LS,MIX/L0038.wav
train/MIX_segmented/L0038_seg_13.wav,0,Normal,MIX,LS,MIX/L0038.wav
train/MIX_segmented/L0038_seg_14.wav,0,Normal,MIX,LS,MIX/L0038.wav
train/MIX_segmented/L0038_seg_15.wav,0,Normal,MIX,LS,MIX/L0038.wav
train/MIX_segmented/L0038_seg_16.wav,0,Normal,MIX,LS,MIX/L0038.wav
train/MIX_segmented/L0038_seg_17.wav,0,Normal,MIX,LS,MIX/L0038.wav
train/MIX_segmented/L0038_seg_18.wav,0,Normal,MIX,LS,MIX/L0038.wav
train/MIX_segmented/L0038_seg_19.wav,0,Normal,MIX,LS,MIX/L0038.wav
train/MIX_segmented/L0038_seg_20.wav,0,Normal,MIX,LS,MIX/L0038.wav
train/MIX_segmented/L0038_seg_21.wav,0,Normal,MIX,LS,MIX/L0038.wav
train/MIX_segmented/L0038_seg_22.wav,0,Normal,MIX,LS,MIX/L0038.wav
train/MIX_segmented/L0038_seg_23.wav,0,Normal,MIX,LS,MIX/L0038.wav
train/MIX_segmented/L0038_seg_24.wav,0,Normal,MIX,LS,MIX/L0038.wav
train/MIX_segmented/L0038_seg_25.wav,0,Normal,MIX,LS,MIX/L0038.wav
train/MIX_segmented/L0038_seg_26.wav,0,Normal,MIX,LS,MIX/L0038.wav
train/MIX_segmented/L0121_seg_0.wav,1,Pathology,MIX,LS,MIX/L0121.wav
train/MIX_segmented/L0121_seg_1.wav,1,Pathology,MIX,LS,MIX/L0121.wav
train/MIX_segmented/L0121_seg_2.wav,1,Pathology,MIX,LS,MIX/L0121.wav
train/MIX_segmented/L0121_seg_3.wav,1,Pathology,MIX,LS,MIX/L0121.wav
train/MIX_segmented/L0121_seg_4.wav,1,Pathology,MIX,LS,MIX/L0121.wav
train/MIX_segmented/L0121_seg_5.wav,1,Pathology,MIX,LS,MIX/L0121.wav
train/MIX_segmented/L0121_seg_6.wav,1,Pathology,MIX,LS,MIX/L0121.wav
train/MIX_segmented/L0023_seg_0.wav,0,Normal,MIX,LS,MIX/L0023.wav
train/MIX_segmented/L0023_seg_1.wav,0,Normal,MIX,LS,MIX/L0023.wav
train/MIX_segmented/L0023_seg_2.wav,0,Normal,MIX,LS,MIX/L0023.wav
train/MIX_segmented/L0023_seg_3.wav,0,Normal,MIX,LS,MIX/L0023.wav
train/MIX_segmented/L0023_seg_4.wav,0,Normal,MIX,LS,MIX/L0023.wav
train/MIX_segmented/L0023_seg_5.wav,0,Normal,MIX,LS,MIX/L0023.wav
train/MIX_segmented/L0023_seg_6.wav,0,Normal,MIX,LS,MIX/L0023.wav
train/MIX_segmented/L0023_seg_7.wav,0,Normal,MIX,LS,MIX/L0023.wav
train/MIX_segmented/L0023_seg_8.wav,0,Normal,MIX,LS,MIX/L0023.wav
train/MIX_segmented/L0023_seg_9.wav,0,Normal,MIX,LS,MIX/L0023.wav
train/MIX_segmented/L0023_seg_10.wav,0,Normal,MIX,LS,MIX/L0023.wav
train/MIX_segmented/L0023_seg_11.wav,0,Normal,MIX,LS,MIX/L0023.wav
train/MIX_segmented/L0023_seg_12.wav,0,Normal,MIX,LS,MIX/L0023.wav
train/MIX_segmented/L0023_seg_13.wav,0,Normal,MIX,LS,MIX/L0023.wav
train/MIX_segmented/L0023_seg_14.wav,0,Normal,MIX,LS,MIX/L0023.wav
train/MIX_segmented/L0023_seg_15.wav,0,Normal,MIX,LS,MIX/L0023.wav
train/MIX_segmented/L0023_seg_16.wav,0,Normal,MIX,LS,MIX/L0023.wav
train/MIX_segmented/L0023_seg_17.wav,0,Normal,MIX,LS,MIX/L0023.wav
train/MIX_segmented/L0023_seg_18.wav,0,Normal,MIX,LS,MIX/L0023.wav
train/MIX_segmented/L0023_seg_19.wav,0,Normal,MIX,LS,MIX/L0023.wav
train/MIX_segmented/L0023_seg_20.wav,0,Normal,MIX,LS,MIX/L0023.wav
train/MIX_segmented/L0023_seg_21.wav,0,Normal,MIX,LS,MIX/L0023.wav
train/MIX_segmented/L0023_seg_22.wav,0,Normal,MIX,LS,MIX/L0023.wav
train/MIX_segmented/L0023_seg_23.wav,0,Normal,MIX,LS,MIX/L0023.wav
train/MIX_segmented/L0023_seg_24.wav,0,Normal,MIX,LS,MIX/L0023.wav
train/MIX_segmented/L0023_seg_25.wav,0,Normal,MIX,LS,MIX/L0023.wav
train/MIX_segmented/L0023_seg_26.wav,0,Normal,MIX,LS,MIX/L0023.wav
train/MIX_segmented/L0099_seg_0.wav,1,Pathology,MIX,LS,MIX/L0099.wav
train/MIX_segmented/L0099_seg_1.wav,1,Pathology,MIX,LS,MIX/L0099.wav
train/MIX_segmented/L0099_seg_2.wav,1,Pathology,MIX,LS,MIX/L0099.wav
train/MIX_segmented/L0099_seg_3.wav,1,Pathology,MIX,LS,MIX/L0099.wav
train/MIX_segmented/L0099_seg_4.wav,1,Pathology,MIX,LS,MIX/L0099.wav
train/MIX_segmented/L0099_seg_5.wav,1,Pathology,MIX,LS,MIX/L0099.wav
train/MIX_segmented/L0099_seg_6.wav,1,Pathology,MIX,LS,MIX/L0099.wav
train/MIX_segmented/H0080_seg_0.wav,1,Pathology,MIX,HS,MIX/H0080.wav
train/MIX_segmented/H0080_seg_1.wav,1,Pathology,MIX,HS,MIX/H0080.wav
train/MIX_segmented/H0080_seg_2.wav,1,Pathology,MIX,HS,MIX/H0080.wav
train/MIX_segmented/H0080_seg_3.wav,1,Pathology,MIX,HS,MIX/H0080.wav
train/MIX_segmented/H0080_seg_4.wav,1,Pathology,MIX,HS,MIX/H0080.wav
train/MIX_segmented/H0080_seg_5.wav,1,Pathology,MIX,HS,MIX/H0080.wav
train/MIX_segmented/H0080_seg_6.wav,1,Pathology,MIX,HS,MIX/H0080.wav
train/MIX_segmented/H0056_seg_0.wav,1,Pathology,MIX,HS,MIX/H0056.wav
train/MIX_segmented/H0056_seg_1.wav,1,Pathology,MIX,HS,MIX/H0056.wav
train/MIX_segmented/H0056_seg_2.wav,1,Pathology,MIX,HS,MIX/H0056.wav
train/MIX_segmented/H0056_seg_3.wav,1,Pathology,MIX,HS,MIX/H0056.wav
train/MIX_segmented/H0056_seg_4.wav,1,Pathology,MIX,HS,MIX/H0056.wav
train/MIX_segmented/H0056_seg_5.wav,1,Pathology,MIX,HS,MIX/H0056.wav
train/MIX_segmented/H0056_seg_6.wav,1,Pathology,MIX,HS,MIX/H0056.wav
train/MIX_segmented/L0037_seg_0.wav,0,Normal,MIX,LS,MIX/L0037.wav
train/MIX_segmented/L0037_seg_1.wav,0,Normal,MIX,LS,MIX/L0037.wav
train/MIX_segmented/L0037_seg_2.wav,0,Normal,MIX,LS,MIX/L0037.wav
train/MIX_segmented/L0037_seg_3.wav,0,Normal,MIX,LS,MIX/L0037.wav
train/MIX_segmented/L0037_seg_4.wav,0,Normal,MIX,LS,MIX/L0037.wav
train/MIX_segmented/L0037_seg_5.wav,0,Normal,MIX,LS,MIX/L0037.wav
train/MIX_segmented/L0037_seg_6.wav,0,Normal,MIX,LS,MIX/L0037.wav
train/MIX_segmented/L0037_seg_7.wav,0,Normal,MIX,LS,MIX/L0037.wav
train/MIX_segmented/L0037_seg_8.wav,0,Normal,MIX,LS,MIX/L0037.wav
train/MIX_segmented/L0037_seg_9.wav,0,Normal,MIX,LS,MIX/L0037.wav
train/MIX_segmented/L0037_seg_10.wav,0,Normal,MIX,LS,MIX/L0037.wav
train/MIX_segmented/L0037_seg_11.wav,0,Normal,MIX,LS,MIX/L0037.wav
train/MIX_segmented/L0037_seg_12.wav,0,Normal,MIX,LS,MIX/L0037.wav
train/MIX_segmented/L0037_seg_13.wav,0,Normal,MIX,LS,MIX/L0037.wav
train/MIX_segmented/L0037_seg_14.wav,0,Normal,MIX,LS,MIX/L0037.wav
train/MIX_segmented/L0037_seg_15.wav,0,Normal,MIX,LS,MIX/L0037.wav
train/MIX_segmented/L0037_seg_16.wav,0,Normal,MIX,LS,MIX/L0037.wav
train/MIX_segmented/L0037_seg_17.wav,0,Normal,MIX,LS,MIX/L0037.wav
train/MIX_segmented/L0037_seg_18.wav,0,Normal,MIX,LS,MIX/L0037.wav
train/MIX_segmented/L0037_seg_19.wav,0,Normal,MIX,LS,MIX/L0037.wav
train/MIX_segmented/L0037_seg_20.wav,0,Normal,MIX,LS,MIX/L0037.wav
train/MIX_segmented/L0037_seg_21.wav,0,Normal,MIX,LS,MIX/L0037.wav
train/MIX_segmented/L0037_seg_22.wav,0,Normal,MIX,LS,MIX/L0037.wav
train/MIX_segmented/L0037_seg_23.wav,0,Normal,MIX,LS,MIX/L0037.wav
train/MIX_segmented/L0037_seg_24.wav,0,Normal,MIX,LS,MIX/L0037.wav
train/MIX_segmented/L0037_seg_25.wav,0,Normal,MIX,LS,MIX/L0037.wav
train/MIX_segmented/L0037_seg_26.wav,0,Normal,MIX,LS,MIX/L0037.wav
train/MIX_segmented/L0109_seg_0.wav,1,Pathology,MIX,LS,MIX/L0109.wav
train/MIX_segmented/L0109_seg_1.wav,1,Pathology,MIX,LS,MIX/L0109.wav
train/MIX_segmented/L0109_seg_2.wav,1,Pathology,MIX,LS,MIX/L0109.wav
train/MIX_segmented/L0109_seg_3.wav,1,Pathology,MIX,LS,MIX/L0109.wav
train/MIX_segmented/L0109_seg_4.wav,1,Pathology,MIX,LS,MIX/L0109.wav
train/MIX_segmented/L0109_seg_5.wav,1,Pathology,MIX,LS,MIX/L0109.wav
train/MIX_segmented/L0109_seg_6.wav,1,Pathology,MIX,LS,MIX/L0109.wav
train/MIX_segmented/L0143_seg_0.wav,1,Pathology,MIX,LS,MIX/L0143.wav
train/MIX_segmented/L0143_seg_1.wav,1,Pathology,MIX,LS,MIX/L0143.wav
train/MIX_segmented/L0143_seg_2.wav,1,Pathology,MIX,LS,MIX/L0143.wav
train/MIX_segmented/L0143_seg_3.wav,1,Pathology,MIX,LS,MIX/L0143.wav
train/MIX_segmented/L0143_seg_4.wav,1,Pathology,MIX,LS,MIX/L0143.wav
train/MIX_segmented/L0143_seg_5.wav,1,Pathology,MIX,LS,MIX/L0143.wav
train/MIX_segmented/L0143_seg_6.wav,1,Pathology,MIX,LS,MIX/L0143.wav
train/MIX_segmented/L0021_seg_0.wav,1,Pathology,MIX,LS,MIX/L0021.wav
train/MIX_segmented/L0021_seg_1.wav,1,Pathology,MIX,LS,MIX/L0021.wav
train/MIX_segmented/L0021_seg_2.wav,1,Pathology,MIX,LS,MIX/L0021.wav
train/MIX_segmented/L0021_seg_3.wav,1,Pathology,MIX,LS,MIX/L0021.wav
train/MIX_segmented/L0021_seg_4.wav,1,Pathology,MIX,LS,MIX/L0021.wav
train/MIX_segmented/L0021_seg_5.wav,1,Pathology,MIX,LS,MIX/L0021.wav
train/MIX_segmented/L0021_seg_6.wav,1,Pathology,MIX,LS,MIX/L0021.wav
train/MIX_segmented/L0067_seg_0.wav,1,Pathology,MIX,LS,MIX/L0067.wav
train/MIX_segmented/L0067_seg_1.wav,1,Pathology,MIX,LS,MIX/L0067.wav
train/MIX_segmented/L0067_seg_2.wav,1,Pathology,MIX,LS,MIX/L0067.wav
train/MIX_segmented/L0067_seg_3.wav,1,Pathology,MIX,LS,MIX/L0067.wav
train/MIX_segmented/L0067_seg_4.wav,1,Pathology,MIX,LS,MIX/L0067.wav
train/MIX_segmented/L0067_seg_5.wav,1,Pathology,MIX,LS,MIX/L0067.wav
train/MIX_segmented/L0067_seg_6.wav,1,Pathology,MIX,LS,MIX/L0067.wav
train/MIX_segmented/H0122_seg_0.wav,0,Normal,MIX,HS,MIX/H0122.wav
train/MIX_segmented/H0122_seg_1.wav,0,Normal,MIX,HS,MIX/H0122.wav
train/MIX_segmented/H0122_seg_2.wav,0,Normal,MIX,HS,MIX/H0122.wav
train/MIX_segmented/H0122_seg_3.wav,0,Normal,MIX,HS,MIX/H0122.wav
train/MIX_segmented/H0122_seg_4.wav,0,Normal,MIX,HS,MIX/H0122.wav
train/MIX_segmented/H0122_seg_5.wav,0,Normal,MIX,HS,MIX/H0122.wav
train/MIX_segmented/H0122_seg_6.wav,0,Normal,MIX,HS,MIX/H0122.wav
train/MIX_segmented/H0122_seg_7.wav,0,Normal,MIX,HS,MIX/H0122.wav
train/MIX_segmented/H0122_seg_8.wav,0,Normal,MIX,HS,MIX/H0122.wav
train/MIX_segmented/H0122_seg_9.wav,0,Normal,MIX,HS,MIX/H0122.wav
train/MIX_segmented/H0122_seg_10.wav,0,Normal,MIX,HS,MIX/H0122.wav
train/MIX_segmented/H0122_seg_11.wav,0,Normal,MIX,HS,MIX/H0122.wav
train/MIX_segmented/H0122_seg_12.wav,0,Normal,MIX,HS,MIX/H0122.wav
train/MIX_segmented/H0122_seg_13.wav,0,Normal,MIX,HS,MIX/H0122.wav
train/MIX_segmented/H0122_seg_14.wav,0,Normal,MIX,HS,MIX/H0122.wav
train/MIX_segmented/H0122_seg_15.wav,0,Normal,MIX,HS,MIX/H0122.wav
train/MIX_segmented/H0122_seg_16.wav,0,Normal,MIX,HS,MIX/H0122.wav
train/MIX_segmented/H0122_seg_17.wav,0,Normal,MIX,HS,MIX/H0122.wav
train/MIX_segmented/H0122_seg_18.wav,0,Normal,MIX,HS,MIX/H0122.wav
train/MIX_segmented/H0122_seg_19.wav,0,Normal,MIX,HS,MIX/H0122.wav
train/MIX_segmented/H0122_seg_20.wav,0,Normal,MIX,HS,MIX/H0122.wav
train/MIX_segmented/H0122_seg_21.wav,0,Normal,MIX,HS,MIX/H0122.wav
train/MIX_segmented/H0122_seg_22.wav,0,Normal,MIX,HS,MIX/H0122.wav
train/MIX_segmented/H0122_seg_23.wav,0,Normal,MIX,HS,MIX/H0122.wav
train/MIX_segmented/H0122_seg_24.wav,0,Normal,MIX,HS,MIX/H0122.wav
train/MIX_segmented/H0122_seg_25.wav,0,Normal,MIX,HS,MIX/H0122.wav
train/MIX_segmented/H0122_seg_26.wav,0,Normal,MIX,HS,MIX/H0122.wav
train/MIX_segmented/L0010_seg_0.wav,1,Pathology,MIX,LS,MIX/L0010.wav
train/MIX_segmented/L0010_seg_1.wav,1,Pathology,MIX,LS,MIX/L0010.wav
train/MIX_segmented/L0010_seg_2.wav,1,Pathology,MIX,LS,MIX/L0010.wav
train/MIX_segmented/L0010_seg_3.wav,1,Pathology,MIX,LS,MIX/L0010.wav
train/MIX_segmented/L0010_seg_4.wav,1,Pathology,MIX,LS,MIX/L0010.wav
train/MIX_segmented/L0010_seg_5.wav,1,Pathology,MIX,LS,MIX/L0010.wav
train/MIX_segmented/L0010_seg_6.wav,1,Pathology,MIX,LS,MIX/L0010.wav
train/MIX_segmented/H0113_seg_0.wav,1,Pathology,MIX,HS,MIX/H0113.wav
train/MIX_segmented/H0113_seg_1.wav,1,Pathology,MIX,HS,MIX/H0113.wav
train/MIX_segmented/H0113_seg_2.wav,1,Pathology,MIX,HS,MIX/H0113.wav
train/MIX_segmented/H0113_seg_3.wav,1,Pathology,MIX,HS,MIX/H0113.wav
train/MIX_segmented/H0113_seg_4.wav,1,Pathology,MIX,HS,MIX/H0113.wav
train/MIX_segmented/H0113_seg_5.wav,1,Pathology,MIX,HS,MIX/H0113.wav
train/MIX_segmented/H0113_seg_6.wav,1,Pathology,MIX,HS,MIX/H0113.wav
train/MIX_segmented/H0049_seg_0.wav,1,Pathology,MIX,HS,MIX/H0049.wav
train/MIX_segmented/H0049_seg_1.wav,1,Pathology,MIX,HS,MIX/H0049.wav
train/MIX_segmented/H0049_seg_2.wav,1,Pathology,MIX,HS,MIX/H0049.wav
train/MIX_segmented/H0049_seg_3.wav,1,Pathology,MIX,HS,MIX/H0049.wav
train/MIX_segmented/H0049_seg_4.wav,1,Pathology,MIX,HS,MIX/H0049.wav
train/MIX_segmented/H0049_seg_5.wav,1,Pathology,MIX,HS,MIX/H0049.wav
train/MIX_segmented/H0049_seg_6.wav,1,Pathology,MIX,HS,MIX/H0049.wav
train/MIX_segmented/H0035_seg_0.wav,1,Pathology,MIX,HS,MIX/H0035.wav
train/MIX_segmented/H0035_seg_1.wav,1,Pathology,MIX,HS,MIX/H0035.wav
train/MIX_segmented/H0035_seg_2.wav,1,Pathology,MIX,HS,MIX/H0035.wav
train/MIX_segmented/H0035_seg_3.wav,1,Pathology,MIX,HS,MIX/H0035.wav
train/MIX_segmented/H0035_seg_4.wav,1,Pathology,MIX,HS,MIX/H0035.wav
train/MIX_segmented/H0035_seg_5.wav,1,Pathology,MIX,HS,MIX/H0035.wav
train/MIX_segmented/H0035_seg_6.wav,1,Pathology,MIX,HS,MIX/H0035.wav
train/MIX_segmented/L0029_seg_0.wav,1,Pathology,MIX,LS,MIX/L0029.wav
train/MIX_segmented/L0029_seg_1.wav,1,Pathology,MIX,LS,MIX/L0029.wav
train/MIX_segmented/L0029_seg_2.wav,1,Pathology,MIX,LS,MIX/L0029.wav
train/MIX_segmented/L0029_seg_3.wav,1,Pathology,MIX,LS,MIX/L0029.wav
train/MIX_segmented/L0029_seg_4.wav,1,Pathology,MIX,LS,MIX/L0029.wav
train/MIX_segmented/L0029_seg_5.wav,1,Pathology,MIX,LS,MIX/L0029.wav
train/MIX_segmented/L0029_seg_6.wav,1,Pathology,MIX,LS,MIX/L0029.wav
train/MIX_segmented/L0100_seg_0.wav,1,Pathology,MIX,LS,MIX/L0100.wav
train/MIX_segmented/L0100_seg_1.wav,1,Pathology,MIX,LS,MIX/L0100.wav
train/MIX_segmented/L0100_seg_2.wav,1,Pathology,MIX,LS,MIX/L0100.wav
train/MIX_segmented/L0100_seg_3.wav,1,Pathology,MIX,LS,MIX/L0100.wav
train/MIX_segmented/L0100_seg_4.wav,1,Pathology,MIX,LS,MIX/L0100.wav
train/MIX_segmented/L0100_seg_5.wav,1,Pathology,MIX,LS,MIX/L0100.wav
train/MIX_segmented/L0100_seg_6.wav,1,Pathology,MIX,LS,MIX/L0100.wav
train/HS_segmented/M_T_LUSB_seg_0.wav,1,Pathology,HS,HS,HS/M_T_LUSB.wav
train/HS_segmented/M_T_LUSB_seg_1.wav,1,Pathology,HS,HS,HS/M_T_LUSB.wav
train/HS_segmented/M_T_LUSB_seg_2.wav,1,Pathology,HS,HS,HS/M_T_LUSB.wav
train/HS_segmented/M_T_LUSB_seg_3.wav,1,Pathology,HS,HS,HS/M_T_LUSB.wav
train/HS_segmented/M_T_LUSB_seg_4.wav,1,Pathology,HS,HS,HS/M_T_LUSB.wav
train/HS_segmented/M_T_LUSB_seg_5.wav,1,Pathology,HS,HS,HS/M_T_LUSB.wav
train/HS_segmented/M_T_LUSB_seg_6.wav,1,Pathology,HS,HS,HS/M_T_LUSB.wav
train/MIX_segmented/L0092_seg_0.wav,1,Pathology,MIX,LS,MIX/L0092.wav
train/MIX_segmented/L0092_seg_1.wav,1,Pathology,MIX,LS,MIX/L0092.wav
train/MIX_segmented/L0092_seg_2.wav,1,Pathology,MIX,LS,MIX/L0092.wav
train/MIX_segmented/L0092_seg_3.wav,1,Pathology,MIX,LS,MIX/L0092.wav
train/MIX_segmented/L0092_seg_4.wav,1,Pathology,MIX,LS,MIX/L0092.wav
train/MIX_segmented/L0092_seg_5.wav,1,Pathology,MIX,LS,MIX/L0092.wav
train/MIX_segmented/L0092_seg_6.wav,1,Pathology,MIX,LS,MIX/L0092.wav
train/MIX_segmented/H0026_seg_0.wav,1,Pathology,MIX,HS,MIX/H0026.wav
train/MIX_segmented/H0026_seg_1.wav,1,Pathology,MIX,HS,MIX/H0026.wav
train/MIX_segmented/H0026_seg_2.wav,1,Pathology,MIX,HS,MIX/H0026.wav
train/MIX_segmented/H0026_seg_3.wav,1,Pathology,MIX,HS,MIX/H0026.wav
train/MIX_segmented/H0026_seg_4.wav,1,Pathology,MIX,HS,MIX/H0026.wav
train/MIX_segmented/H0026_seg_5.wav,1,Pathology,MIX,HS,MIX/H0026.wav
train/MIX_segmented/H0026_seg_6.wav,1,Pathology,MIX,HS,MIX/H0026.wav
train/MIX_segmented/H0143_seg_0.wav,1,Pathology,MIX,HS,MIX/H0143.wav
train/MIX_segmented/H0143_seg_1.wav,1,Pathology,MIX,HS,MIX/H0143.wav
train/MIX_segmented/H0143_seg_2.wav,1,Pathology,MIX,HS,MIX/H0143.wav
train/MIX_segmented/H0143_seg_3.wav,1,Pathology,MIX,HS,MIX/H0143.wav
train/MIX_segmented/H0143_seg_4.wav,1,Pathology,MIX,HS,MIX/H0143.wav
train/MIX_segmented/H0143_seg_5.wav,1,Pathology,MIX,HS,MIX/H0143.wav
train/MIX_segmented/H0143_seg_6.wav,1,Pathology,MIX,HS,MIX/H0143.wav
train/MIX_segmented/H0065_seg_0.wav,1,Pathology,MIX,HS,MIX/H0065.wav
train/MIX_segmented/H0065_seg_1.wav,1,Pathology,MIX,HS,MIX/H0065.wav
train/MIX_segmented/H0065_seg_2.wav,1,Pathology,MIX,HS,MIX/H0065.wav
train/MIX_segmented/H0065_seg_3.wav,1,Pathology,MIX,HS,MIX/H0065.wav
train/MIX_segmented/H0065_seg_4.wav,1,Pathology,MIX,HS,MIX/H0065.wav
train/MIX_segmented/H0065_seg_5.wav,1,Pathology,MIX,HS,MIX/H0065.wav
train/MIX_segmented/H0065_seg_6.wav,1,Pathology,MIX,HS,MIX/H0065.wav
train/LS_segmented/M_W_LUA_seg_0.wav,1,Pathology,LS,LS,LS/M_W_LUA.wav
train/LS_segmented/M_W_LUA_seg_1.wav,1,Pathology,LS,LS,LS/M_W_LUA.wav
train/LS_segmented/M_W_LUA_seg_2.wav,1,Pathology,LS,LS,LS/M_W_LUA.wav
train/LS_segmented/M_W_LUA_seg_3.wav,1,Pathology,LS,LS,LS/M_W_LUA.wav
train/LS_segmented/M_W_LUA_seg_4.wav,1,Pathology,LS,LS,LS/M_W_LUA.wav
train/LS_segmented/M_W_LUA_seg_5.wav,1,Pathology,LS,LS,LS/M_W_LUA.wav
train/LS_segmented/M_W_LUA_seg_6.wav,1,Pathology,LS,LS,LS/M_W_LUA.wav
train/MIX_segmented/L0006_seg_0.wav,1,Pathology,MIX,LS,MIX/L0006.wav
train/MIX_segmented/L0006_seg_1.wav,1,Pathology,MIX,LS,MIX/L0006.wav
train/MIX_segmented/L0006_seg_2.wav,1,Pathology,MIX,LS,MIX/L0006.wav
train/MIX_segmented/L0006_seg_3.wav,1,Pathology,MIX,LS,MIX/L0006.wav
train/MIX_segmented/L0006_seg_4.wav,1,Pathology,MIX,LS,MIX/L0006.wav
train/MIX_segmented/L0006_seg_5.wav,1,Pathology,MIX,LS,MIX/L0006.wav
train/MIX_segmented/L0006_seg_6.wav,1,Pathology,MIX,LS,MIX/L0006.wav
train/MIX_segmented/L0039_seg_0.wav,1,Pathology,MIX,LS,MIX/L0039.wav
train/MIX_segmented/L0039_seg_1.wav,1,Pathology,MIX,LS,MIX/L0039.wav
train/MIX_segmented/L0039_seg_2.wav,1,Pathology,MIX,LS,MIX/L0039.wav
train/MIX_segmented/L0039_seg_3.wav,1,Pathology,MIX,LS,MIX/L0039.wav
train/MIX_segmented/L0039_seg_4.wav,1,Pathology,MIX,LS,MIX/L0039.wav
train/MIX_segmented/L0039_seg_5.wav,1,Pathology,MIX,LS,MIX/L0039.wav
train/MIX_segmented/L0039_seg_6.wav,1,Pathology,MIX,LS,MIX/L0039.wav
train/MIX_segmented/L0034_seg_0.wav,1,Pathology,MIX,LS,MIX/L0034.wav
train/MIX_segmented/L0034_seg_1.wav,1,Pathology,MIX,LS,MIX/L0034.wav
train/MIX_segmented/L0034_seg_2.wav,1,Pathology,MIX,LS,MIX/L0034.wav
train/MIX_segmented/L0034_seg_3.wav,1,Pathology,MIX,LS,MIX/L0034.wav
train/MIX_segmented/L0034_seg_4.wav,1,Pathology,MIX,LS,MIX/L0034.wav
train/MIX_segmented/L0034_seg_5.wav,1,Pathology,MIX,LS,MIX/L0034.wav
train/MIX_segmented/L0034_seg_6.wav,1,Pathology,MIX,LS,MIX/L0034.wav
train/HS_segmented/M_LDM_LC_seg_0.wav,1,Pathology,HS,HS,HS/M_LDM_LC.wav
train/HS_segmented/M_LDM_LC_seg_1.wav,1,Pathology,HS,HS,HS/M_LDM_LC.wav
train/HS_segmented/M_LDM_LC_seg_2.wav,1,Pathology,HS,HS,HS/M_LDM_LC.wav
train/HS_segmented/M_LDM_LC_seg_3.wav,1,Pathology,HS,HS,HS/M_LDM_LC.wav
train/HS_segmented/M_LDM_LC_seg_4.wav,1,Pathology,HS,HS,HS/M_LDM_LC.wav
train/HS_segmented/M_LDM_LC_seg_5.wav,1,Pathology,HS,HS,HS/M_LDM_LC.wav
train/HS_segmented/M_LDM_LC_seg_6.wav,1,Pathology,HS,HS,HS/M_LDM_LC.wav
train/MIX_segmented/H0091_seg_0.wav,1,Pathology,MIX,HS,MIX/H0091.wav
train/MIX_segmented/H0091_seg_1.wav,1,Pathology,MIX,HS,MIX/H0091.wav
train/MIX_segmented/H0091_seg_2.wav,1,Pathology,MIX,HS,MIX/H0091.wav
train/MIX_segmented/H0091_seg_3.wav,1,Pathology,MIX,HS,MIX/H0091.wav
train/MIX_segmented/H0091_seg_4.wav,1,Pathology,MIX,HS,MIX/H0091.wav
train/MIX_segmented/H0091_seg_5.wav,1,Pathology,MIX,HS,MIX/H0091.wav
train/MIX_segmented/H0091_seg_6.wav,1,Pathology,MIX,HS,MIX/H0091.wav
train/MIX_segmented/L0093_seg_0.wav,1,Pathology,MIX,LS,MIX/L0093.wav
train/MIX_segmented/L0093_seg_1.wav,1,Pathology,MIX,LS,MIX/L0093.wav
train/MIX_segmented/L0093_seg_2.wav,1,Pathology,MIX,LS,MIX/L0093.wav
train/MIX_segmented/L0093_seg_3.wav,1,Pathology,MIX,LS,MIX/L0093.wav
train/MIX_segmented/L0093_seg_4.wav,1,Pathology,MIX,LS,MIX/L0093.wav
train/MIX_segmented/L0093_seg_5.wav,1,Pathology,MIX,LS,MIX/L0093.wav
train/MIX_segmented/L0093_seg_6.wav,1,Pathology,MIX,LS,MIX/L0093.wav
train/HS_segmented/M_N_LC_seg_0.wav,0,Normal,HS,HS,HS/M_N_LC.wav
train/HS_segmented/M_N_LC_seg_1.wav,0,Normal,HS,HS,HS/M_N_LC.wav
train/HS_segmented/M_N_LC_seg_2.wav,0,Normal,HS,HS,HS/M_N_LC.wav
train/HS_segmented/M_N_LC_seg_3.wav,0,Normal,HS,HS,HS/M_N_LC.wav
train/HS_segmented/M_N_LC_seg_4.wav,0,Normal,HS,HS,HS/M_N_LC.wav
train/HS_segmented/M_N_LC_seg_5.wav,0,Normal,HS,HS,HS/M_N_LC.wav
train/HS_segmented/M_N_LC_seg_6.wav,0,Normal,HS,HS,HS/M_N_LC.wav
train/HS_segmented/M_N_LC_seg_7.wav,0,Normal,HS,HS,HS/M_N_LC.wav
train/HS_segmented/M_N_LC_seg_8.wav,0,Normal,HS,HS,HS/M_N_LC.wav
train/HS_segmented/M_N_LC_seg_9.wav,0,Normal,HS,HS,HS/M_N_LC.wav
train/HS_segmented/M_N_LC_seg_10.wav,0,Normal,HS,HS,HS/M_N_LC.wav
train/HS_segmented/M_N_LC_seg_11.wav,0,Normal,HS,HS,HS/M_N_LC.wav
train/HS_segmented/M_N_LC_seg_12.wav,0,Normal,HS,HS,HS/M_N_LC.wav
train/HS_segmented/M_N_LC_seg_13.wav,0,Normal,HS,HS,HS/M_N_LC.wav
train/HS_segmented/M_N_LC_seg_14.wav,0,Normal,HS,HS,HS/M_N_LC.wav
train/HS_segmented/M_N_LC_seg_15.wav,0,Normal,HS,HS,HS/M_N_LC.wav
train/HS_segmented/M_N_LC_seg_16.wav,0,Normal,HS,HS,HS/M_N_LC.wav
train/HS_segmented/M_N_LC_seg_17.wav,0,Normal,HS,HS,HS/M_N_LC.wav
train/HS_segmented/M_N_LC_seg_18.wav,0,Normal,HS,HS,HS/M_N_LC.wav
train/HS_segmented/M_N_LC_seg_19.wav,0,Normal,HS,HS,HS/M_N_LC.wav
train/HS_segmented/M_N_LC_seg_20.wav,0,Normal,HS,HS,HS/M_N_LC.wav
train/HS_segmented/M_N_LC_seg_21.wav,0,Normal,HS,HS,HS/M_N_LC.wav
train/HS_segmented/M_N_LC_seg_22.wav,0,Normal,HS,HS,HS/M_N_LC.wav
train/HS_segmented/M_N_LC_seg_23.wav,0,Normal,HS,HS,HS/M_N_LC.wav
train/HS_segmented/M_N_LC_seg_24.wav,0,Normal,HS,HS,HS/M_N_LC.wav
train/HS_segmented/M_N_LC_seg_25.wav,0,Normal,HS,HS,HS/M_N_LC.wav
train/HS_segmented/M_N_LC_seg_26.wav,0,Normal,HS,HS,HS/M_N_LC.wav
train/MIX_segmented/L0075_seg_0.wav,1,Pathology,MIX,LS,MIX/L0075.wav
train/MIX_segmented/L0075_seg_1.wav,1,Pathology,MIX,LS,MIX/L0075.wav
train/MIX_segmented/L0075_seg_2.wav,1,Pathology,MIX,LS,MIX/L0075.wav
train/MIX_segmented/L0075_seg_3.wav,1,Pathology,MIX,LS,MIX/L0075.wav
train/MIX_segmented/L0075_seg_4.wav,1,Pathology,MIX,LS,MIX/L0075.wav
train/MIX_segmented/L0075_seg_5.wav,1,Pathology,MIX,LS,MIX/L0075.wav
train/MIX_segmented/L0075_seg_6.wav,1,Pathology,MIX,LS,MIX/L0075.wav
train/MIX_segmented/L0002_seg_0.wav,0,Normal,MIX,LS,MIX/L0002.wav
train/MIX_segmented/L0002_seg_1.wav,0,Normal,MIX,LS,MIX/L0002.wav
train/MIX_segmented/L0002_seg_2.wav,0,Normal,MIX,LS,MIX/L0002.wav
train/MIX_segmented/L0002_seg_3.wav,0,Normal,MIX,LS,MIX/L0002.wav
train/MIX_segmented/L0002_seg_4.wav,0,Normal,MIX,LS,MIX/L0002.wav
train/MIX_segmented/L0002_seg_5.wav,0,Normal,MIX,LS,MIX/L0002.wav
train/MIX_segmented/L0002_seg_6.wav,0,Normal,MIX,LS,MIX/L0002.wav
train/MIX_segmented/L0002_seg_7.wav,0,Normal,MIX,LS,MIX/L0002.wav
train/MIX_segmented/L0002_seg_8.wav,0,Normal,MIX,LS,MIX/L0002.wav
train/MIX_segmented/L0002_seg_9.wav,0,Normal,MIX,LS,MIX/L0002.wav
train/MIX_segmented/L0002_seg_10.wav,0,Normal,MIX,LS,MIX/L0002.wav
train/MIX_segmented/L0002_seg_11.wav,0,Normal,MIX,LS,MIX/L0002.wav
train/MIX_segmented/L0002_seg_12.wav,0,Normal,MIX,LS,MIX/L0002.wav
train/MIX_segmented/L0002_seg_13.wav,0,Normal,MIX,LS,MIX/L0002.wav
train/MIX_segmented/L0002_seg_14.wav,0,Normal,MIX,LS,MIX/L0002.wav
train/MIX_segmented/L0002_seg_15.wav,0,Normal,MIX,LS,MIX/L0002.wav
train/MIX_segmented/L0002_seg_16.wav,0,Normal,MIX,LS,MIX/L0002.wav
train/MIX_segmented/L0002_seg_17.wav,0,Normal,MIX,LS,MIX/L0002.wav
train/MIX_segmented/L0002_seg_18.wav,0,Normal,MIX,LS,MIX/L0002.wav
train/MIX_segmented/L0002_seg_19.wav,0,Normal,MIX,LS,MIX/L0002.wav
train/MIX_segmented/L0002_seg_20.wav,0,Normal,MIX,LS,MIX/L0002.wav
train/MIX_segmented/L0002_seg_21.wav,0,Normal,MIX,LS,MIX/L0002.wav
train/MIX_segmented/L0002_seg_22.wav,0,Normal,MIX,LS,MIX/L0002.wav
train/MIX_segmented/L0002_seg_23.wav,0,Normal,MIX,LS,MIX/L0002.wav
train/MIX_segmented/L0002_seg_24.wav,0,Normal,MIX,LS,MIX/L0002.wav
train/MIX_segmented/L0002_seg_25.wav,0,Normal,MIX,LS,MIX/L0002.wav
train/MIX_segmented/L0002_seg_26.wav,0,Normal,MIX,LS,MIX/L0002.wav
train/LS_segmented/M_N_RMA_seg_0.wav,0,Normal,LS,LS,LS/M_N_RMA.wav
train/LS_segmented/M_N_RMA_seg_1.wav,0,Normal,LS,LS,LS/M_N_RMA.wav
train/LS_segmented/M_N_RMA_seg_2.wav,0,Normal,LS,LS,LS/M_N_RMA.wav
train/LS_segmented/M_N_RMA_seg_3.wav,0,Normal,LS,LS,LS/M_N_RMA.wav
train/LS_segmented/M_N_RMA_seg_4.wav,0,Normal,LS,LS,LS/M_N_RMA.wav
train/LS_segmented/M_N_RMA_seg_5.wav,0,Normal,LS,LS,LS/M_N_RMA.wav
train/LS_segmented/M_N_RMA_seg_6.wav,0,Normal,LS,LS,LS/M_N_RMA.wav
train/LS_segmented/M_N_RMA_seg_7.wav,0,Normal,LS,LS,LS/M_N_RMA.wav
train/LS_segmented/M_N_RMA_seg_8.wav,0,Normal,LS,LS,LS/M_N_RMA.wav
train/LS_segmented/M_N_RMA_seg_9.wav,0,Normal,LS,LS,LS/M_N_RMA.wav
train/LS_segmented/M_N_RMA_seg_10.wav,0,Normal,LS,LS,LS/M_N_RMA.wav
train/LS_segmented/M_N_RMA_seg_11.wav,0,Normal,LS,LS,LS/M_N_RMA.wav
train/LS_segmented/M_N_RMA_seg_12.wav,0,Normal,LS,LS,LS/M_N_RMA.wav
train/LS_segmented/M_N_RMA_seg_13.wav,0,Normal,LS,LS,LS/M_N_RMA.wav
train/LS_segmented/M_N_RMA_seg_14.wav,0,Normal,LS,LS,LS/M_N_RMA.wav
train/LS_segmented/M_N_RMA_seg_15.wav,0,Normal,LS,LS,LS/M_N_RMA.wav
train/LS_segmented/M_N_RMA_seg_16.wav,0,Normal,LS,LS,LS/M_N_RMA.wav
train/LS_segmented/M_N_RMA_seg_17.wav,0,Normal,LS,LS,LS/M_N_RMA.wav
train/LS_segmented/M_N_RMA_seg_18.wav,0,Normal,LS,LS,LS/M_N_RMA.wav
train/LS_segmented/M_N_RMA_seg_19.wav,0,Normal,LS,LS,LS/M_N_RMA.wav
train/LS_segmented/M_N_RMA_seg_20.wav,0,Normal,LS,LS,LS/M_N_RMA.wav
train/LS_segmented/M_N_RMA_seg_21.wav,0,Normal,LS,LS,LS/M_N_RMA.wav
train/LS_segmented/M_N_RMA_seg_22.wav,0,Normal,LS,LS,LS/M_N_RMA.wav
train/LS_segmented/M_N_RMA_seg_23.wav,0,Normal,LS,LS,LS/M_N_RMA.wav
train/LS_segmented/M_N_RMA_seg_24.wav,0,Normal,LS,LS,LS/M_N_RMA.wav
train/LS_segmented/M_N_RMA_seg_25.wav,0,Normal,LS,LS,LS/M_N_RMA.wav
train/LS_segmented/M_N_RMA_seg_26.wav,0,Normal,LS,LS,LS/M_N_RMA.wav
train/MIX_segmented/H0050_seg_0.wav,1,Pathology,MIX,HS,MIX/H0050.wav
train/MIX_segmented/H0050_seg_1.wav,1,Pathology,MIX,HS,MIX/H0050.wav
train/MIX_segmented/H0050_seg_2.wav,1,Pathology,MIX,HS,MIX/H0050.wav
train/MIX_segmented/H0050_seg_3.wav,1,Pathology,MIX,HS,MIX/H0050.wav
train/MIX_segmented/H0050_seg_4.wav,1,Pathology,MIX,HS,MIX/H0050.wav
train/MIX_segmented/H0050_seg_5.wav,1,Pathology,MIX,HS,MIX/H0050.wav
train/MIX_segmented/H0050_seg_6.wav,1,Pathology,MIX,HS,MIX/H0050.wav
train/MIX_segmented/H0067_seg_0.wav,1,Pathology,MIX,HS,MIX/H0067.wav
train/MIX_segmented/H0067_seg_1.wav,1,Pathology,MIX,HS,MIX/H0067.wav
train/MIX_segmented/H0067_seg_2.wav,1,Pathology,MIX,HS,MIX/H0067.wav
train/MIX_segmented/H0067_seg_3.wav,1,Pathology,MIX,HS,MIX/H0067.wav
train/MIX_segmented/H0067_seg_4.wav,1,Pathology,MIX,HS,MIX/H0067.wav
train/MIX_segmented/H0067_seg_5.wav,1,Pathology,MIX,HS,MIX/H0067.wav
train/MIX_segmented/H0067_seg_6.wav,1,Pathology,MIX,HS,MIX/H0067.wav
train/MIX_segmented/H0094_seg_0.wav,1,Pathology,MIX,HS,MIX/H0094.wav
train/MIX_segmented/H0094_seg_1.wav,1,Pathology,MIX,HS,MIX/H0094.wav
train/MIX_segmented/H0094_seg_2.wav,1,Pathology,MIX,HS,MIX/H0094.wav
train/MIX_segmented/H0094_seg_3.wav,1,Pathology,MIX,HS,MIX/H0094.wav
train/MIX_segmented/H0094_seg_4.wav,1,Pathology,MIX,HS,MIX/H0094.wav
train/MIX_segmented/H0094_seg_5.wav,1,Pathology,MIX,HS,MIX/H0094.wav
train/MIX_segmented/H0094_seg_6.wav,1,Pathology,MIX,HS,MIX/H0094.wav
train/MIX_segmented/H0117_seg_0.wav,1,Pathology,MIX,HS,MIX/H0117.wav
train/MIX_segmented/H0117_seg_1.wav,1,Pathology,MIX,HS,MIX/H0117.wav
train/MIX_segmented/H0117_seg_2.wav,1,Pathology,MIX,HS,MIX/H0117.wav
train/MIX_segmented/H0117_seg_3.wav,1,Pathology,MIX,HS,MIX/H0117.wav
train/MIX_segmented/H0117_seg_4.wav,1,Pathology,MIX,HS,MIX/H0117.wav
train/MIX_segmented/H0117_seg_5.wav,1,Pathology,MIX,HS,MIX/H0117.wav
train/MIX_segmented/H0117_seg_6.wav,1,Pathology,MIX,HS,MIX/H0117.wav
train/MIX_segmented/L0111_seg_0.wav,1,Pathology,MIX,LS,MIX/L0111.wav
train/MIX_segmented/L0111_seg_1.wav,1,Pathology,MIX,LS,MIX/L0111.wav
train/MIX_segmented/L0111_seg_2.wav,1,Pathology,MIX,LS,MIX/L0111.wav
train/MIX_segmented/L0111_seg_3.wav,1,Pathology,MIX,LS,MIX/L0111.wav
train/MIX_segmented/L0111_seg_4.wav,1,Pathology,MIX,LS,MIX/L0111.wav
train/MIX_segmented/L0111_seg_5.wav,1,Pathology,MIX,LS,MIX/L0111.wav
train/MIX_segmented/L0111_seg_6.wav,1,Pathology,MIX,LS,MIX/L0111.wav
train/MIX_segmented/L0133_seg_0.wav,1,Pathology,MIX,LS,MIX/L0133.wav
train/MIX_segmented/L0133_seg_1.wav,1,Pathology,MIX,LS,MIX/L0133.wav
train/MIX_segmented/L0133_seg_2.wav,1,Pathology,MIX,LS,MIX/L0133.wav
train/MIX_segmented/L0133_seg_3.wav,1,Pathology,MIX,LS,MIX/L0133.wav
train/MIX_segmented/L0133_seg_4.wav,1,Pathology,MIX,LS,MIX/L0133.wav
train/MIX_segmented/L0133_seg_5.wav,1,Pathology,MIX,LS,MIX/L0133.wav
train/MIX_segmented/L0133_seg_6.wav,1,Pathology,MIX,LS,MIX/L0133.wav
train/LS_segmented/M_W_RMA_seg_0.wav,1,Pathology,LS,LS,LS/M_W_RMA.wav
train/LS_segmented/M_W_RMA_seg_1.wav,1,Pathology,LS,LS,LS/M_W_RMA.wav
train/LS_segmented/M_W_RMA_seg_2.wav,1,Pathology,LS,LS,LS/M_W_RMA.wav
train/LS_segmented/M_W_RMA_seg_3.wav,1,Pathology,LS,LS,LS/M_W_RMA.wav
train/LS_segmented/M_W_RMA_seg_4.wav,1,Pathology,LS,LS,LS/M_W_RMA.wav
train/LS_segmented/M_W_RMA_seg_5.wav,1,Pathology,LS,LS,LS/M_W_RMA.wav
train/LS_segmented/M_W_RMA_seg_6.wav,1,Pathology,LS,LS,LS/M_W_RMA.wav
train/MIX_segmented/H0047_seg_0.wav,1,Pathology,MIX,HS,MIX/H0047.wav
train/MIX_segmented/H0047_seg_1.wav,1,Pathology,MIX,HS,MIX/H0047.wav
train/MIX_segmented/H0047_seg_2.wav,1,Pathology,MIX,HS,MIX/H0047.wav
train/MIX_segmented/H0047_seg_3.wav,1,Pathology,MIX,HS,MIX/H0047.wav
train/MIX_segmented/H0047_seg_4.wav,1,Pathology,MIX,HS,MIX/H0047.wav
train/MIX_segmented/H0047_seg_5.wav,1,Pathology,MIX,HS,MIX/H0047.wav
train/MIX_segmented/H0047_seg_6.wav,1,Pathology,MIX,HS,MIX/H0047.wav
train/MIX_segmented/L0024_seg_0.wav,1,Pathology,MIX,LS,MIX/L0024.wav
train/MIX_segmented/L0024_seg_1.wav,1,Pathology,MIX,LS,MIX/L0024.wav
train/MIX_segmented/L0024_seg_2.wav,1,Pathology,MIX,LS,MIX/L0024.wav
train/MIX_segmented/L0024_seg_3.wav,1,Pathology,MIX,LS,MIX/L0024.wav
train/MIX_segmented/L0024_seg_4.wav,1,Pathology,MIX,LS,MIX/L0024.wav
train/MIX_segmented/L0024_seg_5.wav,1,Pathology,MIX,LS,MIX/L0024.wav
train/MIX_segmented/L0024_seg_6.wav,1,Pathology,MIX,LS,MIX/L0024.wav
train/MIX_segmented/H0061_seg_0.wav,1,Pathology,MIX,HS,MIX/H0061.wav
train/MIX_segmented/H0061_seg_1.wav,1,Pathology,MIX,HS,MIX/H0061.wav
train/MIX_segmented/H0061_seg_2.wav,1,Pathology,MIX,HS,MIX/H0061.wav
train/MIX_segmented/H0061_seg_3.wav,1,Pathology,MIX,HS,MIX/H0061.wav
train/MIX_segmented/H0061_seg_4.wav,1,Pathology,MIX,HS,MIX/H0061.wav
train/MIX_segmented/H0061_seg_5.wav,1,Pathology,MIX,HS,MIX/H0061.wav
train/MIX_segmented/H0061_seg_6.wav,1,Pathology,MIX,HS,MIX/H0061.wav
train/LS_segmented/M_R_LLA_seg_0.wav,1,Pathology,LS,LS,LS/M_R_LLA.wav
train/LS_segmented/M_R_LLA_seg_1.wav,1,Pathology,LS,LS,LS/M_R_LLA.wav
train/LS_segmented/M_R_LLA_seg_2.wav,1,Pathology,LS,LS,LS/M_R_LLA.wav
train/LS_segmented/M_R_LLA_seg_3.wav,1,Pathology,LS,LS,LS/M_R_LLA.wav
train/LS_segmented/M_R_LLA_seg_4.wav,1,Pathology,LS,LS,LS/M_R_LLA.wav
train/LS_segmented/M_R_LLA_seg_5.wav,1,Pathology,LS,LS,LS/M_R_LLA.wav
train/LS_segmented/M_R_LLA_seg_6.wav,1,Pathology,LS,LS,LS/M_R_LLA.wav
train/LS_segmented/M_PR_LMA_seg_0.wav,1,Pathology,LS,LS,LS/M_PR_LMA.wav
train/LS_segmented/M_PR_LMA_seg_1.wav,1,Pathology,LS,LS,LS/M_PR_LMA.wav
train/LS_segmented/M_PR_LMA_seg_2.wav,1,Pathology,LS,LS,LS/M_PR_LMA.wav
train/LS_segmented/M_PR_LMA_seg_3.wav,1,Pathology,LS,LS,LS/M_PR_LMA.wav
train/LS_segmented/M_PR_LMA_seg_4.wav,1,Pathology,LS,LS,LS/M_PR_LMA.wav
train/LS_segmented/M_PR_LMA_seg_5.wav,1,Pathology,LS,LS,LS/M_PR_LMA.wav
train/LS_segmented/M_PR_LMA_seg_6.wav,1,Pathology,LS,LS,LS/M_PR_LMA.wav
train/MIX_segmented/L0012_seg_0.wav,1,Pathology,MIX,LS,MIX/L0012.wav
train/MIX_segmented/L0012_seg_1.wav,1,Pathology,MIX,LS,MIX/L0012.wav
train/MIX_segmented/L0012_seg_2.wav,1,Pathology,MIX,LS,MIX/L0012.wav
train/MIX_segmented/L0012_seg_3.wav,1,Pathology,MIX,LS,MIX/L0012.wav
train/MIX_segmented/L0012_seg_4.wav,1,Pathology,MIX,LS,MIX/L0012.wav
train/MIX_segmented/L0012_seg_5.wav,1,Pathology,MIX,LS,MIX/L0012.wav
train/MIX_segmented/L0012_seg_6.wav,1,Pathology,MIX,LS,MIX/L0012.wav
train/LS_segmented/F_N_RUA_seg_0.wav,0,Normal,LS,LS,LS/F_N_RUA.wav
train/LS_segmented/F_N_RUA_seg_1.wav,0,Normal,LS,LS,LS/F_N_RUA.wav
train/LS_segmented/F_N_RUA_seg_2.wav,0,Normal,LS,LS,LS/F_N_RUA.wav
train/LS_segmented/F_N_RUA_seg_3.wav,0,Normal,LS,LS,LS/F_N_RUA.wav
train/LS_segmented/F_N_RUA_seg_4.wav,0,Normal,LS,LS,LS/F_N_RUA.wav
train/LS_segmented/F_N_RUA_seg_5.wav,0,Normal,LS,LS,LS/F_N_RUA.wav
train/LS_segmented/F_N_RUA_seg_6.wav,0,Normal,LS,LS,LS/F_N_RUA.wav
train/LS_segmented/F_N_RUA_seg_7.wav,0,Normal,LS,LS,LS/F_N_RUA.wav
train/LS_segmented/F_N_RUA_seg_8.wav,0,Normal,LS,LS,LS/F_N_RUA.wav
train/LS_segmented/F_N_RUA_seg_9.wav,0,Normal,LS,LS,LS/F_N_RUA.wav
train/LS_segmented/F_N_RUA_seg_10.wav,0,Normal,LS,LS,LS/F_N_RUA.wav
train/LS_segmented/F_N_RUA_seg_11.wav,0,Normal,LS,LS,LS/F_N_RUA.wav
train/LS_segmented/F_N_RUA_seg_12.wav,0,Normal,LS,LS,LS/F_N_RUA.wav
train/LS_segmented/F_N_RUA_seg_13.wav,0,Normal,LS,LS,LS/F_N_RUA.wav
train/LS_segmented/F_N_RUA_seg_14.wav,0,Normal,LS,LS,LS/F_N_RUA.wav
train/LS_segmented/F_N_RUA_seg_15.wav,0,Normal,LS,LS,LS/F_N_RUA.wav
train/LS_segmented/F_N_RUA_seg_16.wav,0,Normal,LS,LS,LS/F_N_RUA.wav
train/LS_segmented/F_N_RUA_seg_17.wav,0,Normal,LS,LS,LS/F_N_RUA.wav
train/LS_segmented/F_N_RUA_seg_18.wav,0,Normal,LS,LS,LS/F_N_RUA.wav
train/LS_segmented/F_N_RUA_seg_19.wav,0,Normal,LS,LS,LS/F_N_RUA.wav
train/LS_segmented/F_N_RUA_seg_20.wav,0,Normal,LS,LS,LS/F_N_RUA.wav
train/LS_segmented/F_N_RUA_seg_21.wav,0,Normal,LS,LS,LS/F_N_RUA.wav
train/LS_segmented/F_N_RUA_seg_22.wav,0,Normal,LS,LS,LS/F_N_RUA.wav
train/LS_segmented/F_N_RUA_seg_23.wav,0,Normal,LS,LS,LS/F_N_RUA.wav
train/LS_segmented/F_N_RUA_seg_24.wav,0,Normal,LS,LS,LS/F_N_RUA.wav
train/LS_segmented/F_N_RUA_seg_25.wav,0,Normal,LS,LS,LS/F_N_RUA.wav
train/LS_segmented/F_N_RUA_seg_26.wav,0,Normal,LS,LS,LS/F_N_RUA.wav
train/MIX_segmented/L0022_seg_0.wav,1,Pathology,MIX,LS,MIX/L0022.wav
train/MIX_segmented/L0022_seg_1.wav,1,Pathology,MIX,LS,MIX/L0022.wav
train/MIX_segmented/L0022_seg_2.wav,1,Pathology,MIX,LS,MIX/L0022.wav
train/MIX_segmented/L0022_seg_3.wav,1,Pathology,MIX,LS,MIX/L0022.wav
train/MIX_segmented/L0022_seg_4.wav,1,Pathology,MIX,LS,MIX/L0022.wav
train/MIX_segmented/L0022_seg_5.wav,1,Pathology,MIX,LS,MIX/L0022.wav
train/MIX_segmented/L0022_seg_6.wav,1,Pathology,MIX,LS,MIX/L0022.wav
train/MIX_segmented/H0133_seg_0.wav,0,Normal,MIX,HS,MIX/H0133.wav
train/MIX_segmented/H0133_seg_1.wav,0,Normal,MIX,HS,MIX/H0133.wav
train/MIX_segmented/H0133_seg_2.wav,0,Normal,MIX,HS,MIX/H0133.wav
train/MIX_segmented/H0133_seg_3.wav,0,Normal,MIX,HS,MIX/H0133.wav
train/MIX_segmented/H0133_seg_4.wav,0,Normal,MIX,HS,MIX/H0133.wav
train/MIX_segmented/H0133_seg_5.wav,0,Normal,MIX,HS,MIX/H0133.wav
train/MIX_segmented/H0133_seg_6.wav,0,Normal,MIX,HS,MIX/H0133.wav
train/MIX_segmented/H0133_seg_7.wav,0,Normal,MIX,HS,MIX/H0133.wav
train/MIX_segmented/H0133_seg_8.wav,0,Normal,MIX,HS,MIX/H0133.wav
train/MIX_segmented/H0133_seg_9.wav,0,Normal,MIX,HS,MIX/H0133.wav
train/MIX_segmented/H0133_seg_10.wav,0,Normal,MIX,HS,MIX/H0133.wav
train/MIX_segmented/H0133_seg_11.wav,0,Normal,MIX,HS,MIX/H0133.wav
train/MIX_segmented/H0133_seg_12.wav,0,Normal,MIX,HS,MIX/H0133.wav
train/MIX_segmented/H0133_seg_13.wav,0,Normal,MIX,HS,MIX/H0133.wav
train/MIX_segmented/H0133_seg_14.wav,0,Normal,MIX,HS,MIX/H0133.wav
train/MIX_segmented/H0133_seg_15.wav,0,Normal,MIX,HS,MIX/H0133.wav
train/MIX_segmented/H0133_seg_16.wav,0,Normal,MIX,HS,MIX/H0133.wav
train/MIX_segmented/H0133_seg_17.wav,0,Normal,MIX,HS,MIX/H0133.wav
train/MIX_segmented/H0133_seg_18.wav,0,Normal,MIX,HS,MIX/H0133.wav
train/MIX_segmented/H0133_seg_19.wav,0,Normal,MIX,HS,MIX/H0133.wav
train/MIX_segmented/H0133_seg_20.wav,0,Normal,MIX,HS,MIX/H0133.wav
train/MIX_segmented/H0133_seg_21.wav,0,Normal,MIX,HS,MIX/H0133.wav
train/MIX_segmented/H0133_seg_22.wav,0,Normal,MIX,HS,MIX/H0133.wav
train/MIX_segmented/H0133_seg_23.wav,0,Normal,MIX,HS,MIX/H0133.wav
train/MIX_segmented/H0133_seg_24.wav,0,Normal,MIX,HS,MIX/H0133.wav
train/MIX_segmented/H0133_seg_25.wav,0,Normal,MIX,HS,MIX/H0133.wav
train/MIX_segmented/H0133_seg_26.wav,0,Normal,MIX,HS,MIX/H0133.wav
train/LS_segmented/M_PR_RLA_seg_0.wav,1,Pathology,LS,LS,LS/M_PR_RLA.wav
train/LS_segmented/M_PR_RLA_seg_1.wav,1,Pathology,LS,LS,LS/M_PR_RLA.wav
train/LS_segmented/M_PR_RLA_seg_2.wav,1,Pathology,LS,LS,LS/M_PR_RLA.wav
train/LS_segmented/M_PR_RLA_seg_3.wav,1,Pathology,LS,LS,LS/M_PR_RLA.wav
train/LS_segmented/M_PR_RLA_seg_4.wav,1,Pathology,LS,LS,LS/M_PR_RLA.wav
train/LS_segmented/M_PR_RLA_seg_5.wav,1,Pathology,LS,LS,LS/M_PR_RLA.wav
train/LS_segmented/M_PR_RLA_seg_6.wav,1,Pathology,LS,LS,LS/M_PR_RLA.wav
train/MIX_segmented/H0062_seg_0.wav,1,Pathology,MIX,HS,MIX/H0062.wav
train/MIX_segmented/H0062_seg_1.wav,1,Pathology,MIX,HS,MIX/H0062.wav
train/MIX_segmented/H0062_seg_2.wav,1,Pathology,MIX,HS,MIX/H0062.wav
train/MIX_segmented/H0062_seg_3.wav,1,Pathology,MIX,HS,MIX/H0062.wav
train/MIX_segmented/H0062_seg_4.wav,1,Pathology,MIX,HS,MIX/H0062.wav
train/MIX_segmented/H0062_seg_5.wav,1,Pathology,MIX,HS,MIX/H0062.wav
train/MIX_segmented/H0062_seg_6.wav,1,Pathology,MIX,HS,MIX/H0062.wav
train/LS_segmented/M_PR_LLA_seg_0.wav,1,Pathology,LS,LS,LS/M_PR_LLA.wav
train/LS_segmented/M_PR_LLA_seg_1.wav,1,Pathology,LS,LS,LS/M_PR_LLA.wav
train/LS_segmented/M_PR_LLA_seg_2.wav,1,Pathology,LS,LS,LS/M_PR_LLA.wav
train/LS_segmented/M_PR_LLA_seg_3.wav,1,Pathology,LS,LS,LS/M_PR_LLA.wav
train/LS_segmented/M_PR_LLA_seg_4.wav,1,Pathology,LS,LS,LS/M_PR_LLA.wav
train/LS_segmented/M_PR_LLA_seg_5.wav,1,Pathology,LS,LS,LS/M_PR_LLA.wav
train/LS_segmented/M_PR_LLA_seg_6.wav,1,Pathology,LS,LS,LS/M_PR_LLA.wav
train/HS_segmented/F_LDM_A_seg_0.wav,1,Pathology,HS,HS,HS/F_LDM_A.wav
train/HS_segmented/F_LDM_A_seg_1.wav,1,Pathology,HS,HS,HS/F_LDM_A.wav
train/HS_segmented/F_LDM_A_seg_2.wav,1,Pathology,HS,HS,HS/F_LDM_A.wav
train/HS_segmented/F_LDM_A_seg_3.wav,1,Pathology,HS,HS,HS/F_LDM_A.wav
train/HS_segmented/F_LDM_A_seg_4.wav,1,Pathology,HS,HS,HS/F_LDM_A.wav
train/HS_segmented/F_LDM_A_seg_5.wav,1,Pathology,HS,HS,HS/F_LDM_A.wav
train/HS_segmented/F_LDM_A_seg_6.wav,1,Pathology,HS,HS,HS/F_LDM_A.wav
train/HS_segmented/M_AF_LC_seg_0.wav,1,Pathology,HS,HS,HS/M_AF_LC.wav
train/HS_segmented/M_AF_LC_seg_1.wav,1,Pathology,HS,HS,HS/M_AF_LC.wav
train/HS_segmented/M_AF_LC_seg_2.wav,1,Pathology,HS,HS,HS/M_AF_LC.wav
train/HS_segmented/M_AF_LC_seg_3.wav,1,Pathology,HS,HS,HS/M_AF_LC.wav
train/HS_segmented/M_AF_LC_seg_4.wav,1,Pathology,HS,HS,HS/M_AF_LC.wav
train/HS_segmented/M_AF_LC_seg_5.wav,1,Pathology,HS,HS,HS/M_AF_LC.wav
train/HS_segmented/M_AF_LC_seg_6.wav,1,Pathology,HS,HS,HS/M_AF_LC.wav
train/MIX_segmented/H0023_seg_0.wav,1,Pathology,MIX,HS,MIX/H0023.wav
train/MIX_segmented/H0023_seg_1.wav,1,Pathology,MIX,HS,MIX/H0023.wav
train/MIX_segmented/H0023_seg_2.wav,1,Pathology,MIX,HS,MIX/H0023.wav
train/MIX_segmented/H0023_seg_3.wav,1,Pathology,MIX,HS,MIX/H0023.wav
train/MIX_segmented/H0023_seg_4.wav,1,Pathology,MIX,HS,MIX/H0023.wav
train/MIX_segmented/H0023_seg_5.wav,1,Pathology,MIX,HS,MIX/H0023.wav
train/MIX_segmented/H0023_seg_6.wav,1,Pathology,MIX,HS,MIX/H0023.wav
train/MIX_segmented/H0012_seg_0.wav,1,Pathology,MIX,HS,MIX/H0012.wav
train/MIX_segmented/H0012_seg_1.wav,1,Pathology,MIX,HS,MIX/H0012.wav
train/MIX_segmented/H0012_seg_2.wav,1,Pathology,MIX,HS,MIX/H0012.wav
train/MIX_segmented/H0012_seg_3.wav,1,Pathology,MIX,HS,MIX/H0012.wav
train/MIX_segmented/H0012_seg_4.wav,1,Pathology,MIX,HS,MIX/H0012.wav
train/MIX_segmented/H0012_seg_5.wav,1,Pathology,MIX,HS,MIX/H0012.wav
train/MIX_segmented/H0012_seg_6.wav,1,Pathology,MIX,HS,MIX/H0012.wav
train/LS_segmented/F_W_RUA_seg_0.wav,1,Pathology,LS,LS,LS/F_W_RUA.wav
train/LS_segmented/F_W_RUA_seg_1.wav,1,Pathology,LS,LS,LS/F_W_RUA.wav
train/LS_segmented/F_W_RUA_seg_2.wav,1,Pathology,LS,LS,LS/F_W_RUA.wav
train/LS_segmented/F_W_RUA_seg_3.wav,1,Pathology,LS,LS,LS/F_W_RUA.wav
train/LS_segmented/F_W_RUA_seg_4.wav,1,Pathology,LS,LS,LS/F_W_RUA.wav
train/LS_segmented/F_W_RUA_seg_5.wav,1,Pathology,LS,LS,LS/F_W_RUA.wav
train/LS_segmented/F_W_RUA_seg_6.wav,1,Pathology,LS,LS,LS/F_W_RUA.wav
train/MIX_segmented/H0084_seg_0.wav,1,Pathology,MIX,HS,MIX/H0084.wav
train/MIX_segmented/H0084_seg_1.wav,1,Pathology,MIX,HS,MIX/H0084.wav
train/MIX_segmented/H0084_seg_2.wav,1,Pathology,MIX,HS,MIX/H0084.wav
train/MIX_segmented/H0084_seg_3.wav,1,Pathology,MIX,HS,MIX/H0084.wav
train/MIX_segmented/H0084_seg_4.wav,1,Pathology,MIX,HS,MIX/H0084.wav
train/MIX_segmented/H0084_seg_5.wav,1,Pathology,MIX,HS,MIX/H0084.wav
train/MIX_segmented/H0084_seg_6.wav,1,Pathology,MIX,HS,MIX/H0084.wav
train/MIX_segmented/L0055_seg_0.wav,1,Pathology,MIX,LS,MIX/L0055.wav
train/MIX_segmented/L0055_seg_1.wav,1,Pathology,MIX,LS,MIX/L0055.wav
train/MIX_segmented/L0055_seg_2.wav,1,Pathology,MIX,LS,MIX/L0055.wav
train/MIX_segmented/L0055_seg_3.wav,1,Pathology,MIX,LS,MIX/L0055.wav
train/MIX_segmented/L0055_seg_4.wav,1,Pathology,MIX,LS,MIX/L0055.wav
train/MIX_segmented/L0055_seg_5.wav,1,Pathology,MIX,LS,MIX/L0055.wav
train/MIX_segmented/L0055_seg_6.wav,1,Pathology,MIX,LS,MIX/L0055.wav
train/MIX_segmented/L0056_seg_0.wav,1,Pathology,MIX,LS,MIX/L0056.wav
train/MIX_segmented/L0056_seg_1.wav,1,Pathology,MIX,LS,MIX/L0056.wav
train/MIX_segmented/L0056_seg_2.wav,1,Pathology,MIX,LS,MIX/L0056.wav
train/MIX_segmented/L0056_seg_3.wav,1,Pathology,MIX,LS,MIX/L0056.wav
train/MIX_segmented/L0056_seg_4.wav,1,Pathology,MIX,LS,MIX/L0056.wav
train/MIX_segmented/L0056_seg_5.wav,1,Pathology,MIX,LS,MIX/L0056.wav
train/MIX_segmented/L0056_seg_6.wav,1,Pathology,MIX,LS,MIX/L0056.wav
train/MIX_segmented/L0113_seg_0.wav,1,Pathology,MIX,LS,MIX/L0113.wav
train/MIX_segmented/L0113_seg_1.wav,1,Pathology,MIX,LS,MIX/L0113.wav
train/MIX_segmented/L0113_seg_2.wav,1,Pathology,MIX,LS,MIX/L0113.wav
train/MIX_segmented/L0113_seg_3.wav,1,Pathology,MIX,LS,MIX/L0113.wav
train/MIX_segmented/L0113_seg_4.wav,1,Pathology,MIX,LS,MIX/L0113.wav
train/MIX_segmented/L0113_seg_5.wav,1,Pathology,MIX,LS,MIX/L0113.wav
train/MIX_segmented/L0113_seg_6.wav,1,Pathology,MIX,LS,MIX/L0113.wav
train/MIX_segmented/L0103_seg_0.wav,1,Pathology,MIX,LS,MIX/L0103.wav
train/MIX_segmented/L0103_seg_1.wav,1,Pathology,MIX,LS,MIX/L0103.wav
train/MIX_segmented/L0103_seg_2.wav,1,Pathology,MIX,LS,MIX/L0103.wav
train/MIX_segmented/L0103_seg_3.wav,1,Pathology,MIX,LS,MIX/L0103.wav
train/MIX_segmented/L0103_seg_4.wav,1,Pathology,MIX,LS,MIX/L0103.wav
train/MIX_segmented/L0103_seg_5.wav,1,Pathology,MIX,LS,MIX/L0103.wav
train/MIX_segmented/L0103_seg_6.wav,1,Pathology,MIX,LS,MIX/L0103.wav
train/MIX_segmented/L0013_seg_0.wav,1,Pathology,MIX,LS,MIX/L0013.wav
train/MIX_segmented/L0013_seg_1.wav,1,Pathology,MIX,LS,MIX/L0013.wav
train/MIX_segmented/L0013_seg_2.wav,1,Pathology,MIX,LS,MIX/L0013.wav
train/MIX_segmented/L0013_seg_3.wav,1,Pathology,MIX,LS,MIX/L0013.wav
train/MIX_segmented/L0013_seg_4.wav,1,Pathology,MIX,LS,MIX/L0013.wav
train/MIX_segmented/L0013_seg_5.wav,1,Pathology,MIX,LS,MIX/L0013.wav
train/MIX_segmented/L0013_seg_6.wav,1,Pathology,MIX,LS,MIX/L0013.wav
train/MIX_segmented/H0024_seg_0.wav,1,Pathology,MIX,HS,MIX/H0024.wav
train/MIX_segmented/H0024_seg_1.wav,1,Pathology,MIX,HS,MIX/H0024.wav
train/MIX_segmented/H0024_seg_2.wav,1,Pathology,MIX,HS,MIX/H0024.wav
train/MIX_segmented/H0024_seg_3.wav,1,Pathology,MIX,HS,MIX/H0024.wav
train/MIX_segmented/H0024_seg_4.wav,1,Pathology,MIX,HS,MIX/H0024.wav
train/MIX_segmented/H0024_seg_5.wav,1,Pathology,MIX,HS,MIX/H0024.wav
train/MIX_segmented/H0024_seg_6.wav,1,Pathology,MIX,HS,MIX/H0024.wav
train/MIX_segmented/L0064_seg_0.wav,1,Pathology,MIX,LS,MIX/L0064.wav
train/MIX_segmented/L0064_seg_1.wav,1,Pathology,MIX,LS,MIX/L0064.wav
train/MIX_segmented/L0064_seg_2.wav,1,Pathology,MIX,LS,MIX/L0064.wav
train/MIX_segmented/L0064_seg_3.wav,1,Pathology,MIX,LS,MIX/L0064.wav
train/MIX_segmented/L0064_seg_4.wav,1,Pathology,MIX,LS,MIX/L0064.wav
train/MIX_segmented/L0064_seg_5.wav,1,Pathology,MIX,LS,MIX/L0064.wav
train/MIX_segmented/L0064_seg_6.wav,1,Pathology,MIX,LS,MIX/L0064.wav
train/LS_segmented/M_W_RUA_seg_0.wav,1,Pathology,LS,LS,LS/M_W_RUA.wav
train/LS_segmented/M_W_RUA_seg_1.wav,1,Pathology,LS,LS,LS/M_W_RUA.wav
train/LS_segmented/M_W_RUA_seg_2.wav,1,Pathology,LS,LS,LS/M_W_RUA.wav
train/LS_segmented/M_W_RUA_seg_3.wav,1,Pathology,LS,LS,LS/M_W_RUA.wav
train/LS_segmented/M_W_RUA_seg_4.wav,1,Pathology,LS,LS,LS/M_W_RUA.wav
train/LS_segmented/M_W_RUA_seg_5.wav,1,Pathology,LS,LS,LS/M_W_RUA.wav
train/LS_segmented/M_W_RUA_seg_6.wav,1,Pathology,LS,LS,LS/M_W_RUA.wav
train/MIX_segmented/H0131_seg_0.wav,1,Pathology,MIX,HS,MIX/H0131.wav
train/MIX_segmented/H0131_seg_1.wav,1,Pathology,MIX,HS,MIX/H0131.wav
train/MIX_segmented/H0131_seg_2.wav,1,Pathology,MIX,HS,MIX/H0131.wav
train/MIX_segmented/H0131_seg_3.wav,1,Pathology,MIX,HS,MIX/H0131.wav
train/MIX_segmented/H0131_seg_4.wav,1,Pathology,MIX,HS,MIX/H0131.wav
train/MIX_segmented/H0131_seg_5.wav,1,Pathology,MIX,HS,MIX/H0131.wav
train/MIX_segmented/H0131_seg_6.wav,1,Pathology,MIX,HS,MIX/H0131.wav
train/MIX_segmented/H0060_seg_0.wav,1,Pathology,MIX,HS,MIX/H0060.wav
train/MIX_segmented/H0060_seg_1.wav,1,Pathology,MIX,HS,MIX/H0060.wav
train/MIX_segmented/H0060_seg_2.wav,1,Pathology,MIX,HS,MIX/H0060.wav
train/MIX_segmented/H0060_seg_3.wav,1,Pathology,MIX,HS,MIX/H0060.wav
train/MIX_segmented/H0060_seg_4.wav,1,Pathology,MIX,HS,MIX/H0060.wav
train/MIX_segmented/H0060_seg_5.wav,1,Pathology,MIX,HS,MIX/H0060.wav
train/MIX_segmented/H0060_seg_6.wav,1,Pathology,MIX,HS,MIX/H0060.wav
train/MIX_segmented/L0115_seg_0.wav,1,Pathology,MIX,LS,MIX/L0115.wav
train/MIX_segmented/L0115_seg_1.wav,1,Pathology,MIX,LS,MIX/L0115.wav
train/MIX_segmented/L0115_seg_2.wav,1,Pathology,MIX,LS,MIX/L0115.wav
train/MIX_segmented/L0115_seg_3.wav,1,Pathology,MIX,LS,MIX/L0115.wav
train/MIX_segmented/L0115_seg_4.wav,1,Pathology,MIX,LS,MIX/L0115.wav
train/MIX_segmented/L0115_seg_5.wav,1,Pathology,MIX,LS,MIX/L0115.wav
train/MIX_segmented/L0115_seg_6.wav,1,Pathology,MIX,LS,MIX/L0115.wav
train/MIX_segmented/L0047_seg_0.wav,1,Pathology,MIX,LS,MIX/L0047.wav
train/MIX_segmented/L0047_seg_1.wav,1,Pathology,MIX,LS,MIX/L0047.wav
train/MIX_segmented/L0047_seg_2.wav,1,Pathology,MIX,LS,MIX/L0047.wav
train/MIX_segmented/L0047_seg_3.wav,1,Pathology,MIX,LS,MIX/L0047.wav
train/MIX_segmented/L0047_seg_4.wav,1,Pathology,MIX,LS,MIX/L0047.wav
train/MIX_segmented/L0047_seg_5.wav,1,Pathology,MIX,LS,MIX/L0047.wav
train/MIX_segmented/L0047_seg_6.wav,1,Pathology,MIX,LS,MIX/L0047.wav
train/MIX_segmented/H0076_seg_0.wav,1,Pathology,MIX,HS,MIX/H0076.wav
train/MIX_segmented/H0076_seg_1.wav,1,Pathology,MIX,HS,MIX/H0076.wav
train/MIX_segmented/H0076_seg_2.wav,1,Pathology,MIX,HS,MIX/H0076.wav
train/MIX_segmented/H0076_seg_3.wav,1,Pathology,MIX,HS,MIX/H0076.wav
train/MIX_segmented/H0076_seg_4.wav,1,Pathology,MIX,HS,MIX/H0076.wav
train/MIX_segmented/H0076_seg_5.wav,1,Pathology,MIX,HS,MIX/H0076.wav
train/MIX_segmented/H0076_seg_6.wav,1,Pathology,MIX,HS,MIX/H0076.wav
train/MIX_segmented/H0098_seg_0.wav,1,Pathology,MIX,HS,MIX/H0098.wav
train/MIX_segmented/H0098_seg_1.wav,1,Pathology,MIX,HS,MIX/H0098.wav
train/MIX_segmented/H0098_seg_2.wav,1,Pathology,MIX,HS,MIX/H0098.wav
train/MIX_segmented/H0098_seg_3.wav,1,Pathology,MIX,HS,MIX/H0098.wav
train/MIX_segmented/H0098_seg_4.wav,1,Pathology,MIX,HS,MIX/H0098.wav
train/MIX_segmented/H0098_seg_5.wav,1,Pathology,MIX,HS,MIX/H0098.wav
train/MIX_segmented/H0098_seg_6.wav,1,Pathology,MIX,HS,MIX/H0098.wav
train/MIX_segmented/L0042_seg_0.wav,1,Pathology,MIX,LS,MIX/L0042.wav
train/MIX_segmented/L0042_seg_1.wav,1,Pathology,MIX,LS,MIX/L0042.wav
train/MIX_segmented/L0042_seg_2.wav,1,Pathology,MIX,LS,MIX/L0042.wav
train/MIX_segmented/L0042_seg_3.wav,1,Pathology,MIX,LS,MIX/L0042.wav
train/MIX_segmented/L0042_seg_4.wav,1,Pathology,MIX,LS,MIX/L0042.wav
train/MIX_segmented/L0042_seg_5.wav,1,Pathology,MIX,LS,MIX/L0042.wav
train/MIX_segmented/L0042_seg_6.wav,1,Pathology,MIX,LS,MIX/L0042.wav
train/MIX_segmented/L0048_seg_0.wav,1,Pathology,MIX,LS,MIX/L0048.wav
train/MIX_segmented/L0048_seg_1.wav,1,Pathology,MIX,LS,MIX/L0048.wav
train/MIX_segmented/L0048_seg_2.wav,1,Pathology,MIX,LS,MIX/L0048.wav
train/MIX_segmented/L0048_seg_3.wav,1,Pathology,MIX,LS,MIX/L0048.wav
train/MIX_segmented/L0048_seg_4.wav,1,Pathology,MIX,LS,MIX/L0048.wav
train/MIX_segmented/L0048_seg_5.wav,1,Pathology,MIX,LS,MIX/L0048.wav
train/MIX_segmented/L0048_seg_6.wav,1,Pathology,MIX,LS,MIX/L0048.wav
train/MIX_segmented/L0088_seg_0.wav,1,Pathology,MIX,LS,MIX/L0088.wav
train/MIX_segmented/L0088_seg_1.wav,1,Pathology,MIX,LS,MIX/L0088.wav
train/MIX_segmented/L0088_seg_2.wav,1,Pathology,MIX,LS,MIX/L0088.wav
train/MIX_segmented/L0088_seg_3.wav,1,Pathology,MIX,LS,MIX/L0088.wav
train/MIX_segmented/L0088_seg_4.wav,1,Pathology,MIX,LS,MIX/L0088.wav
train/MIX_segmented/L0088_seg_5.wav,1,Pathology,MIX,LS,MIX/L0088.wav
train/MIX_segmented/L0088_seg_6.wav,1,Pathology,MIX,LS,MIX/L0088.wav
train/MIX_segmented/L0052_seg_0.wav,1,Pathology,MIX,LS,MIX/L0052.wav
train/MIX_segmented/L0052_seg_1.wav,1,Pathology,MIX,LS,MIX/L0052.wav
train/MIX_segmented/L0052_seg_2.wav,1,Pathology,MIX,LS,MIX/L0052.wav
train/MIX_segmented/L0052_seg_3.wav,1,Pathology,MIX,LS,MIX/L0052.wav
train/MIX_segmented/L0052_seg_4.wav,1,Pathology,MIX,LS,MIX/L0052.wav
train/MIX_segmented/L0052_seg_5.wav,1,Pathology,MIX,LS,MIX/L0052.wav
train/MIX_segmented/L0052_seg_6.wav,1,Pathology,MIX,LS,MIX/L0052.wav
train/MIX_segmented/H0088_seg_0.wav,1,Pathology,MIX,HS,MIX/H0088.wav
train/MIX_segmented/H0088_seg_1.wav,1,Pathology,MIX,HS,MIX/H0088.wav
train/MIX_segmented/H0088_seg_2.wav,1,Pathology,MIX,HS,MIX/H0088.wav
train/MIX_segmented/H0088_seg_3.wav,1,Pathology,MIX,HS,MIX/H0088.wav
train/MIX_segmented/H0088_seg_4.wav,1,Pathology,MIX,HS,MIX/H0088.wav
train/MIX_segmented/H0088_seg_5.wav,1,Pathology,MIX,HS,MIX/H0088.wav
train/MIX_segmented/H0088_seg_6.wav,1,Pathology,MIX,HS,MIX/H0088.wav
train/MIX_segmented/L0015_seg_0.wav,1,Pathology,MIX,LS,MIX/L0015.wav
train/MIX_segmented/L0015_seg_1.wav,1,Pathology,MIX,LS,MIX/L0015.wav
train/MIX_segmented/L0015_seg_2.wav,1,Pathology,MIX,LS,MIX/L0015.wav
train/MIX_segmented/L0015_seg_3.wav,1,Pathology,MIX,LS,MIX/L0015.wav
train/MIX_segmented/L0015_seg_4.wav,1,Pathology,MIX,LS,MIX/L0015.wav
train/MIX_segmented/L0015_seg_5.wav,1,Pathology,MIX,LS,MIX/L0015.wav
train/MIX_segmented/L0015_seg_6.wav,1,Pathology,MIX,LS,MIX/L0015.wav
train/HS_segmented/M_LSM_LUSB_seg_0.wav,1,Pathology,HS,HS,HS/M_LSM_LUSB.wav
train/HS_segmented/M_LSM_LUSB_seg_1.wav,1,Pathology,HS,HS,HS/M_LSM_LUSB.wav
train/HS_segmented/M_LSM_LUSB_seg_2.wav,1,Pathology,HS,HS,HS/M_LSM_LUSB.wav
train/HS_segmented/M_LSM_LUSB_seg_3.wav,1,Pathology,HS,HS,HS/M_LSM_LUSB.wav
train/HS_segmented/M_LSM_LUSB_seg_4.wav,1,Pathology,HS,HS,HS/M_LSM_LUSB.wav
train/HS_segmented/M_LSM_LUSB_seg_5.wav,1,Pathology,HS,HS,HS/M_LSM_LUSB.wav
train/HS_segmented/M_LSM_LUSB_seg_6.wav,1,Pathology,HS,HS,HS/M_LSM_LUSB.wav
train/HS_segmented/F_LSM_LUSB_seg_0.wav,1,Pathology,HS,HS,HS/F_LSM_LUSB.wav
train/HS_segmented/F_LSM_LUSB_seg_1.wav,1,Pathology,HS,HS,HS/F_LSM_LUSB.wav
train/HS_segmented/F_LSM_LUSB_seg_2.wav,1,Pathology,HS,HS,HS/F_LSM_LUSB.wav
train/HS_segmented/F_LSM_LUSB_seg_3.wav,1,Pathology,HS,HS,HS/F_LSM_LUSB.wav
train/HS_segmented/F_LSM_LUSB_seg_4.wav,1,Pathology,HS,HS,HS/F_LSM_LUSB.wav
train/HS_segmented/F_LSM_LUSB_seg_5.wav,1,Pathology,HS,HS,HS/F_LSM_LUSB.wav
train/HS_segmented/F_LSM_LUSB_seg_6.wav,1,Pathology,HS,HS,HS/F_LSM_LUSB.wav
train/MIX_segmented/H0082_seg_0.wav,1,Pathology,MIX,HS,MIX/H0082.wav
train/MIX_segmented/H0082_seg_1.wav,1,Pathology,MIX,HS,MIX/H0082.wav
train/MIX_segmented/H0082_seg_2.wav,1,Pathology,MIX,HS,MIX/H0082.wav
train/MIX_segmented/H0082_seg_3.wav,1,Pathology,MIX,HS,MIX/H0082.wav
train/MIX_segmented/H0082_seg_4.wav,1,Pathology,MIX,HS,MIX/H0082.wav
train/MIX_segmented/H0082_seg_5.wav,1,Pathology,MIX,HS,MIX/H0082.wav
train/MIX_segmented/H0082_seg_6.wav,1,Pathology,MIX,HS,MIX/H0082.wav
train/MIX_segmented/L0043_seg_0.wav,1,Pathology,MIX,LS,MIX/L0043.wav
train/MIX_segmented/L0043_seg_1.wav,1,Pathology,MIX,LS,MIX/L0043.wav
train/MIX_segmented/L0043_seg_2.wav,1,Pathology,MIX,LS,MIX/L0043.wav
train/MIX_segmented/L0043_seg_3.wav,1,Pathology,MIX,LS,MIX/L0043.wav
train/MIX_segmented/L0043_seg_4.wav,1,Pathology,MIX,LS,MIX/L0043.wav
train/MIX_segmented/L0043_seg_5.wav,1,Pathology,MIX,LS,MIX/L0043.wav
train/MIX_segmented/L0043_seg_6.wav,1,Pathology,MIX,LS,MIX/L0043.wav
train/MIX_segmented/H0109_seg_0.wav,1,Pathology,MIX,HS,MIX/H0109.wav
train/MIX_segmented/H0109_seg_1.wav,1,Pathology,MIX,HS,MIX/H0109.wav
train/MIX_segmented/H0109_seg_2.wav,1,Pathology,MIX,HS,MIX/H0109.wav
train/MIX_segmented/H0109_seg_3.wav,1,Pathology,MIX,HS,MIX/H0109.wav
train/MIX_segmented/H0109_seg_4.wav,1,Pathology,MIX,HS,MIX/H0109.wav
train/MIX_segmented/H0109_seg_5.wav,1,Pathology,MIX,HS,MIX/H0109.wav
train/MIX_segmented/H0109_seg_6.wav,1,Pathology,MIX,HS,MIX/H0109.wav
train/MIX_segmented/H0007_seg_0.wav,1,Pathology,MIX,HS,MIX/H0007.wav
train/MIX_segmented/H0007_seg_1.wav,1,Pathology,MIX,HS,MIX/H0007.wav
train/MIX_segmented/H0007_seg_2.wav,1,Pathology,MIX,HS,MIX/H0007.wav
train/MIX_segmented/H0007_seg_3.wav,1,Pathology,MIX,HS,MIX/H0007.wav
train/MIX_segmented/H0007_seg_4.wav,1,Pathology,MIX,HS,MIX/H0007.wav
train/MIX_segmented/H0007_seg_5.wav,1,Pathology,MIX,HS,MIX/H0007.wav
train/MIX_segmented/H0007_seg_6.wav,1,Pathology,MIX,HS,MIX/H0007.wav
train/MIX_segmented/L0040_seg_0.wav,1,Pathology,MIX,LS,MIX/L0040.wav
train/MIX_segmented/L0040_seg_1.wav,1,Pathology,MIX,LS,MIX/L0040.wav
train/MIX_segmented/L0040_seg_2.wav,1,Pathology,MIX,LS,MIX/L0040.wav
train/MIX_segmented/L0040_seg_3.wav,1,Pathology,MIX,LS,MIX/L0040.wav
train/MIX_segmented/L0040_seg_4.wav,1,Pathology,MIX,LS,MIX/L0040.wav
train/MIX_segmented/L0040_seg_5.wav,1,Pathology,MIX,LS,MIX/L0040.wav
train/MIX_segmented/L0040_seg_6.wav,1,Pathology,MIX,LS,MIX/L0040.wav
train/MIX_segmented/L0081_seg_0.wav,1,Pathology,MIX,LS,MIX/L0081.wav
train/MIX_segmented/L0081_seg_1.wav,1,Pathology,MIX,LS,MIX/L0081.wav
train/MIX_segmented/L0081_seg_2.wav,1,Pathology,MIX,LS,MIX/L0081.wav
train/MIX_segmented/L0081_seg_3.wav,1,Pathology,MIX,LS,MIX/L0081.wav
train/MIX_segmented/L0081_seg_4.wav,1,Pathology,MIX,LS,MIX/L0081.wav
train/MIX_segmented/L0081_seg_5.wav,1,Pathology,MIX,LS,MIX/L0081.wav
train/MIX_segmented/L0081_seg_6.wav,1,Pathology,MIX,LS,MIX/L0081.wav
train/MIX_segmented/H0132_seg_0.wav,1,Pathology,MIX,HS,MIX/H0132.wav
train/MIX_segmented/H0132_seg_1.wav,1,Pathology,MIX,HS,MIX/H0132.wav
train/MIX_segmented/H0132_seg_2.wav,1,Pathology,MIX,HS,MIX/H0132.wav
train/MIX_segmented/H0132_seg_3.wav,1,Pathology,MIX,HS,MIX/H0132.wav
train/MIX_segmented/H0132_seg_4.wav,1,Pathology,MIX,HS,MIX/H0132.wav
train/MIX_segmented/H0132_seg_5.wav,1,Pathology,MIX,HS,MIX/H0132.wav
train/MIX_segmented/H0132_seg_6.wav,1,Pathology,MIX,HS,MIX/H0132.wav
train/MIX_segmented/L0009_seg_0.wav,1,Pathology,MIX,LS,MIX/L0009.wav
train/MIX_segmented/L0009_seg_1.wav,1,Pathology,MIX,LS,MIX/L0009.wav
train/MIX_segmented/L0009_seg_2.wav,1,Pathology,MIX,LS,MIX/L0009.wav
train/MIX_segmented/L0009_seg_3.wav,1,Pathology,MIX,LS,MIX/L0009.wav
train/MIX_segmented/L0009_seg_4.wav,1,Pathology,MIX,LS,MIX/L0009.wav
train/MIX_segmented/L0009_seg_5.wav,1,Pathology,MIX,LS,MIX/L0009.wav
train/MIX_segmented/L0009_seg_6.wav,1,Pathology,MIX,LS,MIX/L0009.wav
train/MIX_segmented/H0130_seg_0.wav,1,Pathology,MIX,HS,MIX/H0130.wav
train/MIX_segmented/H0130_seg_1.wav,1,Pathology,MIX,HS,MIX/H0130.wav
train/MIX_segmented/H0130_seg_2.wav,1,Pathology,MIX,HS,MIX/H0130.wav
train/MIX_segmented/H0130_seg_3.wav,1,Pathology,MIX,HS,MIX/H0130.wav
train/MIX_segmented/H0130_seg_4.wav,1,Pathology,MIX,HS,MIX/H0130.wav
train/MIX_segmented/H0130_seg_5.wav,1,Pathology,MIX,HS,MIX/H0130.wav
train/MIX_segmented/H0130_seg_6.wav,1,Pathology,MIX,HS,MIX/H0130.wav
train/MIX_segmented/L0125_seg_0.wav,0,Normal,MIX,LS,MIX/L0125.wav
train/MIX_segmented/L0125_seg_1.wav,0,Normal,MIX,LS,MIX/L0125.wav
train/MIX_segmented/L0125_seg_2.wav,0,Normal,MIX,LS,MIX/L0125.wav
train/MIX_segmented/L0125_seg_3.wav,0,Normal,MIX,LS,MIX/L0125.wav
train/MIX_segmented/L0125_seg_4.wav,0,Normal,MIX,LS,MIX/L0125.wav
train/MIX_segmented/L0125_seg_5.wav,0,Normal,MIX,LS,MIX/L0125.wav
train/MIX_segmented/L0125_seg_6.wav,0,Normal,MIX,LS,MIX/L0125.wav
train/MIX_segmented/L0125_seg_7.wav,0,Normal,MIX,LS,MIX/L0125.wav
train/MIX_segmented/L0125_seg_8.wav,0,Normal,MIX,LS,MIX/L0125.wav
train/MIX_segmented/L0125_seg_9.wav,0,Normal,MIX,LS,MIX/L0125.wav
train/MIX_segmented/L0125_seg_10.wav,0,Normal,MIX,LS,MIX/L0125.wav
train/MIX_segmented/L0125_seg_11.wav,0,Normal,MIX,LS,MIX/L0125.wav
train/MIX_segmented/L0125_seg_12.wav,0,Normal,MIX,LS,MIX/L0125.wav
train/MIX_segmented/L0125_seg_13.wav,0,Normal,MIX,LS,MIX/L0125.wav
train/MIX_segmented/L0125_seg_14.wav,0,Normal,MIX,LS,MIX/L0125.wav
train/MIX_segmented/L0125_seg_15.wav,0,Normal,MIX,LS,MIX/L0125.wav
train/MIX_segmented/L0125_seg_16.wav,0,Normal,MIX,LS,MIX/L0125.wav
train/MIX_segmented/L0125_seg_17.wav,0,Normal,MIX,LS,MIX/L0125.wav
train/MIX_segmented/L0125_seg_18.wav,0,Normal,MIX,LS,MIX/L0125.wav
train/MIX_segmented/L0125_seg_19.wav,0,Normal,MIX,LS,MIX/L0125.wav
train/MIX_segmented/L0125_seg_20.wav,0,Normal,MIX,LS,MIX/L0125.wav
train/MIX_segmented/L0125_seg_21.wav,0,Normal,MIX,LS,MIX/L0125.wav
train/MIX_segmented/L0125_seg_22.wav,0,Normal,MIX,LS,MIX/L0125.wav
train/MIX_segmented/L0125_seg_23.wav,0,Normal,MIX,LS,MIX/L0125.wav
train/MIX_segmented/L0125_seg_24.wav,0,Normal,MIX,LS,MIX/L0125.wav
train/MIX_segmented/L0125_seg_25.wav,0,Normal,MIX,LS,MIX/L0125.wav
train/MIX_segmented/L0125_seg_26.wav,0,Normal,MIX,LS,MIX/L0125.wav
train/MIX_segmented/H0138_seg_0.wav,1,Pathology,MIX,HS,MIX/H0138.wav
train/MIX_segmented/H0138_seg_1.wav,1,Pathology,MIX,HS,MIX/H0138.wav
train/MIX_segmented/H0138_seg_2.wav,1,Pathology,MIX,HS,MIX/H0138.wav
train/MIX_segmented/H0138_seg_3.wav,1,Pathology,MIX,HS,MIX/H0138.wav
train/MIX_segmented/H0138_seg_4.wav,1,Pathology,MIX,HS,MIX/H0138.wav
train/MIX_segmented/H0138_seg_5.wav,1,Pathology,MIX,HS,MIX/H0138.wav
train/MIX_segmented/H0138_seg_6.wav,1,Pathology,MIX,HS,MIX/H0138.wav
train/MIX_segmented/L0136_seg_0.wav,1,Pathology,MIX,LS,MIX/L0136.wav
train/MIX_segmented/L0136_seg_1.wav,1,Pathology,MIX,LS,MIX/L0136.wav
train/MIX_segmented/L0136_seg_2.wav,1,Pathology,MIX,LS,MIX/L0136.wav
train/MIX_segmented/L0136_seg_3.wav,1,Pathology,MIX,LS,MIX/L0136.wav
train/MIX_segmented/L0136_seg_4.wav,1,Pathology,MIX,LS,MIX/L0136.wav
train/MIX_segmented/L0136_seg_5.wav,1,Pathology,MIX,LS,MIX/L0136.wav
train/MIX_segmented/L0136_seg_6.wav,1,Pathology,MIX,LS,MIX/L0136.wav
train/MIX_segmented/H0127_seg_0.wav,1,Pathology,MIX,HS,MIX/H0127.wav
train/MIX_segmented/H0127_seg_1.wav,1,Pathology,MIX,HS,MIX/H0127.wav
train/MIX_segmented/H0127_seg_2.wav,1,Pathology,MIX,HS,MIX/H0127.wav
train/MIX_segmented/H0127_seg_3.wav,1,Pathology,MIX,HS,MIX/H0127.wav
train/MIX_segmented/H0127_seg_4.wav,1,Pathology,MIX,HS,MIX/H0127.wav
train/MIX_segmented/H0127_seg_5.wav,1,Pathology,MIX,HS,MIX/H0127.wav
train/MIX_segmented/H0127_seg_6.wav,1,Pathology,MIX,HS,MIX/H0127.wav
train/MIX_segmented/H0033_seg_0.wav,1,Pathology,MIX,HS,MIX/H0033.wav
train/MIX_segmented/H0033_seg_1.wav,1,Pathology,MIX,HS,MIX/H0033.wav
train/MIX_segmented/H0033_seg_2.wav,1,Pathology,MIX,HS,MIX/H0033.wav
train/MIX_segmented/H0033_seg_3.wav,1,Pathology,MIX,HS,MIX/H0033.wav
train/MIX_segmented/H0033_seg_4.wav,1,Pathology,MIX,HS,MIX/H0033.wav
train/MIX_segmented/H0033_seg_5.wav,1,Pathology,MIX,HS,MIX/H0033.wav
train/MIX_segmented/H0033_seg_6.wav,1,Pathology,MIX,HS,MIX/H0033.wav
train/MIX_segmented/H0126_seg_0.wav,0,Normal,MIX,HS,MIX/H0126.wav
train/MIX_segmented/H0126_seg_1.wav,0,Normal,MIX,HS,MIX/H0126.wav
train/MIX_segmented/H0126_seg_2.wav,0,Normal,MIX,HS,MIX/H0126.wav
train/MIX_segmented/H0126_seg_3.wav,0,Normal,MIX,HS,MIX/H0126.wav
train/MIX_segmented/H0126_seg_4.wav,0,Normal,MIX,HS,MIX/H0126.wav
train/MIX_segmented/H0126_seg_5.wav,0,Normal,MIX,HS,MIX/H0126.wav
train/MIX_segmented/H0126_seg_6.wav,0,Normal,MIX,HS,MIX/H0126.wav
train/MIX_segmented/H0126_seg_7.wav,0,Normal,MIX,HS,MIX/H0126.wav
train/MIX_segmented/H0126_seg_8.wav,0,Normal,MIX,HS,MIX/H0126.wav
train/MIX_segmented/H0126_seg_9.wav,0,Normal,MIX,HS,MIX/H0126.wav
train/MIX_segmented/H0126_seg_10.wav,0,Normal,MIX,HS,MIX/H0126.wav
train/MIX_segmented/H0126_seg_11.wav,0,Normal,MIX,HS,MIX/H0126.wav
train/MIX_segmented/H0126_seg_12.wav,0,Normal,MIX,HS,MIX/H0126.wav
train/MIX_segmented/H0126_seg_13.wav,0,Normal,MIX,HS,MIX/H0126.wav
train/MIX_segmented/H0126_seg_14.wav,0,Normal,MIX,HS,MIX/H0126.wav
train/MIX_segmented/H0126_seg_15.wav,0,Normal,MIX,HS,MIX/H0126.wav
train/MIX_segmented/H0126_seg_16.wav,0,Normal,MIX,HS,MIX/H0126.wav
train/MIX_segmented/H0126_seg_17.wav,0,Normal,MIX,HS,MIX/H0126.wav
train/MIX_segmented/H0126_seg_18.wav,0,Normal,MIX,HS,MIX/H0126.wav
train/MIX_segmented/H0126_seg_19.wav,0,Normal,MIX,HS,MIX/H0126.wav
train/MIX_segmented/H0126_seg_20.wav,0,Normal,MIX,HS,MIX/H0126.wav
train/MIX_segmented/H0126_seg_21.wav,0,Normal,MIX,HS,MIX/H0126.wav
train/MIX_segmented/H0126_seg_22.wav,0,Normal,MIX,HS,MIX/H0126.wav
train/MIX_segmented/H0126_seg_23.wav,0,Normal,MIX,HS,MIX/H0126.wav
train/MIX_segmented/H0126_seg_24.wav,0,Normal,MIX,HS,MIX/H0126.wav
train/MIX_segmented/H0126_seg_25.wav,0,Normal,MIX,HS,MIX/H0126.wav
train/MIX_segmented/H0126_seg_26.wav,0,Normal,MIX,HS,MIX/H0126.wav
train/MIX_segmented/H0019_seg_0.wav,1,Pathology,MIX,HS,MIX/H0019.wav
train/MIX_segmented/H0019_seg_1.wav,1,Pathology,MIX,HS,MIX/H0019.wav
train/MIX_segmented/H0019_seg_2.wav,1,Pathology,MIX,HS,MIX/H0019.wav
train/MIX_segmented/H0019_seg_3.wav,1,Pathology,MIX,HS,MIX/H0019.wav
train/MIX_segmented/H0019_seg_4.wav,1,Pathology,MIX,HS,MIX/H0019.wav
train/MIX_segmented/H0019_seg_5.wav,1,Pathology,MIX,HS,MIX/H0019.wav
train/MIX_segmented/H0019_seg_6.wav,1,Pathology,MIX,HS,MIX/H0019.wav
train/MIX_segmented/H0028_seg_0.wav,1,Pathology,MIX,HS,MIX/H0028.wav
train/MIX_segmented/H0028_seg_1.wav,1,Pathology,MIX,HS,MIX/H0028.wav
train/MIX_segmented/H0028_seg_2.wav,1,Pathology,MIX,HS,MIX/H0028.wav
train/MIX_segmented/H0028_seg_3.wav,1,Pathology,MIX,HS,MIX/H0028.wav
train/MIX_segmented/H0028_seg_4.wav,1,Pathology,MIX,HS,MIX/H0028.wav
train/MIX_segmented/H0028_seg_5.wav,1,Pathology,MIX,HS,MIX/H0028.wav
train/MIX_segmented/H0028_seg_6.wav,1,Pathology,MIX,HS,MIX/H0028.wav
train/MIX_segmented/L0050_seg_0.wav,1,Pathology,MIX,LS,MIX/L0050.wav
train/MIX_segmented/L0050_seg_1.wav,1,Pathology,MIX,LS,MIX/L0050.wav
train/MIX_segmented/L0050_seg_2.wav,1,Pathology,MIX,LS,MIX/L0050.wav
train/MIX_segmented/L0050_seg_3.wav,1,Pathology,MIX,LS,MIX/L0050.wav
train/MIX_segmented/L0050_seg_4.wav,1,Pathology,MIX,LS,MIX/L0050.wav
train/MIX_segmented/L0050_seg_5.wav,1,Pathology,MIX,LS,MIX/L0050.wav
train/MIX_segmented/L0050_seg_6.wav,1,Pathology,MIX,LS,MIX/L0050.wav
train/MIX_segmented/L0049_seg_0.wav,1,Pathology,MIX,LS,MIX/L0049.wav
train/MIX_segmented/L0049_seg_1.wav,1,Pathology,MIX,LS,MIX/L0049.wav
train/MIX_segmented/L0049_seg_2.wav,1,Pathology,MIX,LS,MIX/L0049.wav
train/MIX_segmented/L0049_seg_3.wav,1,Pathology,MIX,LS,MIX/L0049.wav
train/MIX_segmented/L0049_seg_4.wav,1,Pathology,MIX,LS,MIX/L0049.wav
train/MIX_segmented/L0049_seg_5.wav,1,Pathology,MIX,LS,MIX/L0049.wav
train/MIX_segmented/L0049_seg_6.wav,1,Pathology,MIX,LS,MIX/L0049.wav
train/MIX_segmented/H0142_seg_0.wav,1,Pathology,MIX,HS,MIX/H0142.wav
train/MIX_segmented/H0142_seg_1.wav,1,Pathology,MIX,HS,MIX/H0142.wav
train/MIX_segmented/H0142_seg_2.wav,1,Pathology,MIX,HS,MIX/H0142.wav
train/MIX_segmented/H0142_seg_3.wav,1,Pathology,MIX,HS,MIX/H0142.wav
train/MIX_segmented/H0142_seg_4.wav,1,Pathology,MIX,HS,MIX/H0142.wav
train/MIX_segmented/H0142_seg_5.wav,1,Pathology,MIX,HS,MIX/H0142.wav
train/MIX_segmented/H0142_seg_6.wav,1,Pathology,MIX,HS,MIX/H0142.wav
train/HS_segmented/M_N_RUSB_seg_0.wav,0,Normal,HS,HS,HS/M_N_RUSB.wav
train/HS_segmented/M_N_RUSB_seg_1.wav,0,Normal,HS,HS,HS/M_N_RUSB.wav
train/HS_segmented/M_N_RUSB_seg_2.wav,0,Normal,HS,HS,HS/M_N_RUSB.wav
train/HS_segmented/M_N_RUSB_seg_3.wav,0,Normal,HS,HS,HS/M_N_RUSB.wav
train/HS_segmented/M_N_RUSB_seg_4.wav,0,Normal,HS,HS,HS/M_N_RUSB.wav
train/HS_segmented/M_N_RUSB_seg_5.wav,0,Normal,HS,HS,HS/M_N_RUSB.wav
train/HS_segmented/M_N_RUSB_seg_6.wav,0,Normal,HS,HS,HS/M_N_RUSB.wav
train/HS_segmented/M_N_RUSB_seg_7.wav,0,Normal,HS,HS,HS/M_N_RUSB.wav
train/HS_segmented/M_N_RUSB_seg_8.wav,0,Normal,HS,HS,HS/M_N_RUSB.wav
train/HS_segmented/M_N_RUSB_seg_9.wav,0,Normal,HS,HS,HS/M_N_RUSB.wav
train/HS_segmented/M_N_RUSB_seg_10.wav,0,Normal,HS,HS,HS/M_N_RUSB.wav
train/HS_segmented/M_N_RUSB_seg_11.wav,0,Normal,HS,HS,HS/M_N_RUSB.wav
train/HS_segmented/M_N_RUSB_seg_12.wav,0,Normal,HS,HS,HS/M_N_RUSB.wav
train/HS_segmented/M_N_RUSB_seg_13.wav,0,Normal,HS,HS,HS/M_N_RUSB.wav
train/HS_segmented/M_N_RUSB_seg_14.wav,0,Normal,HS,HS,HS/M_N_RUSB.wav
train/HS_segmented/M_N_RUSB_seg_15.wav,0,Normal,HS,HS,HS/M_N_RUSB.wav
train/HS_segmented/M_N_RUSB_seg_16.wav,0,Normal,HS,HS,HS/M_N_RUSB.wav
train/HS_segmented/M_N_RUSB_seg_17.wav,0,Normal,HS,HS,HS/M_N_RUSB.wav
train/HS_segmented/M_N_RUSB_seg_18.wav,0,Normal,HS,HS,HS/M_N_RUSB.wav
train/HS_segmented/M_N_RUSB_seg_19.wav,0,Normal,HS,HS,HS/M_N_RUSB.wav
train/HS_segmented/M_N_RUSB_seg_20.wav,0,Normal,HS,HS,HS/M_N_RUSB.wav
train/HS_segmented/M_N_RUSB_seg_21.wav,0,Normal,HS,HS,HS/M_N_RUSB.wav
train/HS_segmented/M_N_RUSB_seg_22.wav,0,Normal,HS,HS,HS/M_N_RUSB.wav
train/HS_segmented/M_N_RUSB_seg_23.wav,0,Normal,HS,HS,HS/M_N_RUSB.wav
train/HS_segmented/M_N_RUSB_seg_24.wav,0,Normal,HS,HS,HS/M_N_RUSB.wav
train/HS_segmented/M_N_RUSB_seg_25.wav,0,Normal,HS,HS,HS/M_N_RUSB.wav
train/HS_segmented/M_N_RUSB_seg_26.wav,0,Normal,HS,HS,HS/M_N_RUSB.wav
train/MIX_segmented/H0053_seg_0.wav,1,Pathology,MIX,HS,MIX/H0053.wav
train/MIX_segmented/H0053_seg_1.wav,1,Pathology,MIX,HS,MIX/H0053.wav
train/MIX_segmented/H0053_seg_2.wav,1,Pathology,MIX,HS,MIX/H0053.wav
train/MIX_segmented/H0053_seg_3.wav,1,Pathology,MIX,HS,MIX/H0053.wav
train/MIX_segmented/H0053_seg_4.wav,1,Pathology,MIX,HS,MIX/H0053.wav
train/MIX_segmented/H0053_seg_5.wav,1,Pathology,MIX,HS,MIX/H0053.wav
train/MIX_segmented/H0053_seg_6.wav,1,Pathology,MIX,HS,MIX/H0053.wav
train/MIX_segmented/L0008_seg_0.wav,1,Pathology,MIX,LS,MIX/L0008.wav
train/MIX_segmented/L0008_seg_1.wav,1,Pathology,MIX,LS,MIX/L0008.wav
train/MIX_segmented/L0008_seg_2.wav,1,Pathology,MIX,LS,MIX/L0008.wav
train/MIX_segmented/L0008_seg_3.wav,1,Pathology,MIX,LS,MIX/L0008.wav
train/MIX_segmented/L0008_seg_4.wav,1,Pathology,MIX,LS,MIX/L0008.wav
train/MIX_segmented/L0008_seg_5.wav,1,Pathology,MIX,LS,MIX/L0008.wav
train/MIX_segmented/L0008_seg_6.wav,1,Pathology,MIX,LS,MIX/L0008.wav
train/MIX_segmented/H0134_seg_0.wav,1,Pathology,MIX,HS,MIX/H0134.wav
train/MIX_segmented/H0134_seg_1.wav,1,Pathology,MIX,HS,MIX/H0134.wav
train/MIX_segmented/H0134_seg_2.wav,1,Pathology,MIX,HS,MIX/H0134.wav
train/MIX_segmented/H0134_seg_3.wav,1,Pathology,MIX,HS,MIX/H0134.wav
train/MIX_segmented/H0134_seg_4.wav,1,Pathology,MIX,HS,MIX/H0134.wav
train/MIX_segmented/H0134_seg_5.wav,1,Pathology,MIX,HS,MIX/H0134.wav
train/MIX_segmented/H0134_seg_6.wav,1,Pathology,MIX,HS,MIX/H0134.wav
train/MIX_segmented/L0065_seg_0.wav,1,Pathology,MIX,LS,MIX/L0065.wav
train/MIX_segmented/L0065_seg_1.wav,1,Pathology,MIX,LS,MIX/L0065.wav
train/MIX_segmented/L0065_seg_2.wav,1,Pathology,MIX,LS,MIX/L0065.wav
train/MIX_segmented/L0065_seg_3.wav,1,Pathology,MIX,LS,MIX/L0065.wav
train/MIX_segmented/L0065_seg_4.wav,1,Pathology,MIX,LS,MIX/L0065.wav
train/MIX_segmented/L0065_seg_5.wav,1,Pathology,MIX,LS,MIX/L0065.wav
train/MIX_segmented/L0065_seg_6.wav,1,Pathology,MIX,LS,MIX/L0065.wav
train/HS_segmented/M_LDM_LLSB_seg_0.wav,1,Pathology,HS,HS,HS/M_LDM_LLSB.wav
train/HS_segmented/M_LDM_LLSB_seg_1.wav,1,Pathology,HS,HS,HS/M_LDM_LLSB.wav
train/HS_segmented/M_LDM_LLSB_seg_2.wav,1,Pathology,HS,HS,HS/M_LDM_LLSB.wav
train/HS_segmented/M_LDM_LLSB_seg_3.wav,1,Pathology,HS,HS,HS/M_LDM_LLSB.wav
train/HS_segmented/M_LDM_LLSB_seg_4.wav,1,Pathology,HS,HS,HS/M_LDM_LLSB.wav
train/HS_segmented/M_LDM_LLSB_seg_5.wav,1,Pathology,HS,HS,HS/M_LDM_LLSB.wav
train/HS_segmented/M_LDM_LLSB_seg_6.wav,1,Pathology,HS,HS,HS/M_LDM_LLSB.wav
train/MIX_segmented/H0011_seg_0.wav,1,Pathology,MIX,HS,MIX/H0011.wav
train/MIX_segmented/H0011_seg_1.wav,1,Pathology,MIX,HS,MIX/H0011.wav
train/MIX_segmented/H0011_seg_2.wav,1,Pathology,MIX,HS,MIX/H0011.wav
train/MIX_segmented/H0011_seg_3.wav,1,Pathology,MIX,HS,MIX/H0011.wav
train/MIX_segmented/H0011_seg_4.wav,1,Pathology,MIX,HS,MIX/H0011.wav
train/MIX_segmented/H0011_seg_5.wav,1,Pathology,MIX,HS,MIX/H0011.wav
train/MIX_segmented/H0011_seg_6.wav,1,Pathology,MIX,HS,MIX/H0011.wav
train/MIX_segmented/H0100_seg_0.wav,1,Pathology,MIX,HS,MIX/H0100.wav
train/MIX_segmented/H0100_seg_1.wav,1,Pathology,MIX,HS,MIX/H0100.wav
train/MIX_segmented/H0100_seg_2.wav,1,Pathology,MIX,HS,MIX/H0100.wav
train/MIX_segmented/H0100_seg_3.wav,1,Pathology,MIX,HS,MIX/H0100.wav
train/MIX_segmented/H0100_seg_4.wav,1,Pathology,MIX,HS,MIX/H0100.wav
train/MIX_segmented/H0100_seg_5.wav,1,Pathology,MIX,HS,MIX/H0100.wav
train/MIX_segmented/H0100_seg_6.wav,1,Pathology,MIX,HS,MIX/H0100.wav
train/MIX_segmented/H0063_seg_0.wav,1,Pathology,MIX,HS,MIX/H0063.wav
train/MIX_segmented/H0063_seg_1.wav,1,Pathology,MIX,HS,MIX/H0063.wav
train/MIX_segmented/H0063_seg_2.wav,1,Pathology,MIX,HS,MIX/H0063.wav
train/MIX_segmented/H0063_seg_3.wav,1,Pathology,MIX,HS,MIX/H0063.wav
train/MIX_segmented/H0063_seg_4.wav,1,Pathology,MIX,HS,MIX/H0063.wav
train/MIX_segmented/H0063_seg_5.wav,1,Pathology,MIX,HS,MIX/H0063.wav
train/MIX_segmented/H0063_seg_6.wav,1,Pathology,MIX,HS,MIX/H0063.wav
train/MIX_segmented/H0068_seg_0.wav,1,Pathology,MIX,HS,MIX/H0068.wav
train/MIX_segmented/H0068_seg_1.wav,1,Pathology,MIX,HS,MIX/H0068.wav
train/MIX_segmented/H0068_seg_2.wav,1,Pathology,MIX,HS,MIX/H0068.wav
train/MIX_segmented/H0068_seg_3.wav,1,Pathology,MIX,HS,MIX/H0068.wav
train/MIX_segmented/H0068_seg_4.wav,1,Pathology,MIX,HS,MIX/H0068.wav
train/MIX_segmented/H0068_seg_5.wav,1,Pathology,MIX,HS,MIX/H0068.wav
train/MIX_segmented/H0068_seg_6.wav,1,Pathology,MIX,HS,MIX/H0068.wav
train/MIX_segmented/L0104_seg_0.wav,1,Pathology,MIX,LS,MIX/L0104.wav
train/MIX_segmented/L0104_seg_1.wav,1,Pathology,MIX,LS,MIX/L0104.wav
train/MIX_segmented/L0104_seg_2.wav,1,Pathology,MIX,LS,MIX/L0104.wav
train/MIX_segmented/L0104_seg_3.wav,1,Pathology,MIX,LS,MIX/L0104.wav
train/MIX_segmented/L0104_seg_4.wav,1,Pathology,MIX,LS,MIX/L0104.wav
train/MIX_segmented/L0104_seg_5.wav,1,Pathology,MIX,LS,MIX/L0104.wav
train/MIX_segmented/L0104_seg_6.wav,1,Pathology,MIX,LS,MIX/L0104.wav
train/MIX_segmented/L0118_seg_0.wav,1,Pathology,MIX,LS,MIX/L0118.wav
train/MIX_segmented/L0118_seg_1.wav,1,Pathology,MIX,LS,MIX/L0118.wav
train/MIX_segmented/L0118_seg_2.wav,1,Pathology,MIX,LS,MIX/L0118.wav
train/MIX_segmented/L0118_seg_3.wav,1,Pathology,MIX,LS,MIX/L0118.wav
train/MIX_segmented/L0118_seg_4.wav,1,Pathology,MIX,LS,MIX/L0118.wav
train/MIX_segmented/L0118_seg_5.wav,1,Pathology,MIX,LS,MIX/L0118.wav
train/MIX_segmented/L0118_seg_6.wav,1,Pathology,MIX,LS,MIX/L0118.wav
train/MIX_segmented/L0014_seg_0.wav,1,Pathology,MIX,LS,MIX/L0014.wav
train/MIX_segmented/L0014_seg_1.wav,1,Pathology,MIX,LS,MIX/L0014.wav
train/MIX_segmented/L0014_seg_2.wav,1,Pathology,MIX,LS,MIX/L0014.wav
train/MIX_segmented/L0014_seg_3.wav,1,Pathology,MIX,LS,MIX/L0014.wav
train/MIX_segmented/L0014_seg_4.wav,1,Pathology,MIX,LS,MIX/L0014.wav
train/MIX_segmented/L0014_seg_5.wav,1,Pathology,MIX,LS,MIX/L0014.wav
train/MIX_segmented/L0014_seg_6.wav,1,Pathology,MIX,LS,MIX/L0014.wav
train/MIX_segmented/H0108_seg_0.wav,1,Pathology,MIX,HS,MIX/H0108.wav
train/MIX_segmented/H0108_seg_1.wav,1,Pathology,MIX,HS,MIX/H0108.wav
train/MIX_segmented/H0108_seg_2.wav,1,Pathology,MIX,HS,MIX/H0108.wav
train/MIX_segmented/H0108_seg_3.wav,1,Pathology,MIX,HS,MIX/H0108.wav
train/MIX_segmented/H0108_seg_4.wav,1,Pathology,MIX,HS,MIX/H0108.wav
train/MIX_segmented/H0108_seg_5.wav,1,Pathology,MIX,HS,MIX/H0108.wav
train/MIX_segmented/H0108_seg_6.wav,1,Pathology,MIX,HS,MIX/H0108.wav
train/HS_segmented/F_T_A_seg_0.wav,1,Pathology,HS,HS,HS/F_T_A.wav
train/HS_segmented/F_T_A_seg_1.wav,1,Pathology,HS,HS,HS/F_T_A.wav
train/HS_segmented/F_T_A_seg_2.wav,1,Pathology,HS,HS,HS/F_T_A.wav
train/HS_segmented/F_T_A_seg_3.wav,1,Pathology,HS,HS,HS/F_T_A.wav
train/HS_segmented/F_T_A_seg_4.wav,1,Pathology,HS,HS,HS/F_T_A.wav
train/HS_segmented/F_T_A_seg_5.wav,1,Pathology,HS,HS,HS/F_T_A.wav
train/HS_segmented/F_T_A_seg_6.wav,1,Pathology,HS,HS,HS/F_T_A.wav
train/MIX_segmented/H0112_seg_0.wav,1,Pathology,MIX,HS,MIX/H0112.wav
train/MIX_segmented/H0112_seg_1.wav,1,Pathology,MIX,HS,MIX/H0112.wav
train/MIX_segmented/H0112_seg_2.wav,1,Pathology,MIX,HS,MIX/H0112.wav
train/MIX_segmented/H0112_seg_3.wav,1,Pathology,MIX,HS,MIX/H0112.wav
train/MIX_segmented/H0112_seg_4.wav,1,Pathology,MIX,HS,MIX/H0112.wav
train/MIX_segmented/H0112_seg_5.wav,1,Pathology,MIX,HS,MIX/H0112.wav
train/MIX_segmented/H0112_seg_6.wav,1,Pathology,MIX,HS,MIX/H0112.wav
train/MIX_segmented/L0004_seg_0.wav,1,Pathology,MIX,LS,MIX/L0004.wav
train/MIX_segmented/L0004_seg_1.wav,1,Pathology,MIX,LS,MIX/L0004.wav
train/MIX_segmented/L0004_seg_2.wav,1,Pathology,MIX,LS,MIX/L0004.wav
train/MIX_segmented/L0004_seg_3.wav,1,Pathology,MIX,LS,MIX/L0004.wav
train/MIX_segmented/L0004_seg_4.wav,1,Pathology,MIX,LS,MIX/L0004.wav
train/MIX_segmented/L0004_seg_5.wav,1,Pathology,MIX,LS,MIX/L0004.wav
train/MIX_segmented/L0004_seg_6.wav,1,Pathology,MIX,LS,MIX/L0004.wav
train/MIX_segmented/H0118_seg_0.wav,1,Pathology,MIX,HS,MIX/H0118.wav
train/MIX_segmented/H0118_seg_1.wav,1,Pathology,MIX,HS,MIX/H0118.wav
train/MIX_segmented/H0118_seg_2.wav,1,Pathology,MIX,HS,MIX/H0118.wav
train/MIX_segmented/H0118_seg_3.wav,1,Pathology,MIX,HS,MIX/H0118.wav
train/MIX_segmented/H0118_seg_4.wav,1,Pathology,MIX,HS,MIX/H0118.wav
train/MIX_segmented/H0118_seg_5.wav,1,Pathology,MIX,HS,MIX/H0118.wav
train/MIX_segmented/H0118_seg_6.wav,1,Pathology,MIX,HS,MIX/H0118.wav
train/MIX_segmented/L0074_seg_0.wav,0,Normal,MIX,LS,MIX/L0074.wav
train/MIX_segmented/L0074_seg_1.wav,0,Normal,MIX,LS,MIX/L0074.wav
train/MIX_segmented/L0074_seg_2.wav,0,Normal,MIX,LS,MIX/L0074.wav
train/MIX_segmented/L0074_seg_3.wav,0,Normal,MIX,LS,MIX/L0074.wav
train/MIX_segmented/L0074_seg_4.wav,0,Normal,MIX,LS,MIX/L0074.wav
train/MIX_segmented/L0074_seg_5.wav,0,Normal,MIX,LS,MIX/L0074.wav
train/MIX_segmented/L0074_seg_6.wav,0,Normal,MIX,LS,MIX/L0074.wav
train/MIX_segmented/L0074_seg_7.wav,0,Normal,MIX,LS,MIX/L0074.wav
train/MIX_segmented/L0074_seg_8.wav,0,Normal,MIX,LS,MIX/L0074.wav
train/MIX_segmented/L0074_seg_9.wav,0,Normal,MIX,LS,MIX/L0074.wav
train/MIX_segmented/L0074_seg_10.wav,0,Normal,MIX,LS,MIX/L0074.wav
train/MIX_segmented/L0074_seg_11.wav,0,Normal,MIX,LS,MIX/L0074.wav
train/MIX_segmented/L0074_seg_12.wav,0,Normal,MIX,LS,MIX/L0074.wav
train/MIX_segmented/L0074_seg_13.wav,0,Normal,MIX,LS,MIX/L0074.wav
train/MIX_segmented/L0074_seg_14.wav,0,Normal,MIX,LS,MIX/L0074.wav
train/MIX_segmented/L0074_seg_15.wav,0,Normal,MIX,LS,MIX/L0074.wav
train/MIX_segmented/L0074_seg_16.wav,0,Normal,MIX,LS,MIX/L0074.wav
train/MIX_segmented/L0074_seg_17.wav,0,Normal,MIX,LS,MIX/L0074.wav
train/MIX_segmented/L0074_seg_18.wav,0,Normal,MIX,LS,MIX/L0074.wav
train/MIX_segmented/L0074_seg_19.wav,0,Normal,MIX,LS,MIX/L0074.wav
train/MIX_segmented/L0074_seg_20.wav,0,Normal,MIX,LS,MIX/L0074.wav
train/MIX_segmented/L0074_seg_21.wav,0,Normal,MIX,LS,MIX/L0074.wav
train/MIX_segmented/L0074_seg_22.wav,0,Normal,MIX,LS,MIX/L0074.wav
train/MIX_segmented/L0074_seg_23.wav,0,Normal,MIX,LS,MIX/L0074.wav
train/MIX_segmented/L0074_seg_24.wav,0,Normal,MIX,LS,MIX/L0074.wav
train/MIX_segmented/L0074_seg_25.wav,0,Normal,MIX,LS,MIX/L0074.wav
train/MIX_segmented/L0074_seg_26.wav,0,Normal,MIX,LS,MIX/L0074.wav
train/MIX_segmented/L0017_seg_0.wav,1,Pathology,MIX,LS,MIX/L0017.wav
train/MIX_segmented/L0017_seg_1.wav,1,Pathology,MIX,LS,MIX/L0017.wav
train/MIX_segmented/L0017_seg_2.wav,1,Pathology,MIX,LS,MIX/L0017.wav
train/MIX_segmented/L0017_seg_3.wav,1,Pathology,MIX,LS,MIX/L0017.wav
train/MIX_segmented/L0017_seg_4.wav,1,Pathology,MIX,LS,MIX/L0017.wav
train/MIX_segmented/L0017_seg_5.wav,1,Pathology,MIX,LS,MIX/L0017.wav
train/MIX_segmented/L0017_seg_6.wav,1,Pathology,MIX,LS,MIX/L0017.wav
train/MIX_segmented/H0043_seg_0.wav,1,Pathology,MIX,HS,MIX/H0043.wav
train/MIX_segmented/H0043_seg_1.wav,1,Pathology,MIX,HS,MIX/H0043.wav
train/MIX_segmented/H0043_seg_2.wav,1,Pathology,MIX,HS,MIX/H0043.wav
train/MIX_segmented/H0043_seg_3.wav,1,Pathology,MIX,HS,MIX/H0043.wav
train/MIX_segmented/H0043_seg_4.wav,1,Pathology,MIX,HS,MIX/H0043.wav
train/MIX_segmented/H0043_seg_5.wav,1,Pathology,MIX,HS,MIX/H0043.wav
train/MIX_segmented/H0043_seg_6.wav,1,Pathology,MIX,HS,MIX/H0043.wav
train/MIX_segmented/H0092_seg_0.wav,1,Pathology,MIX,HS,MIX/H0092.wav
train/MIX_segmented/H0092_seg_1.wav,1,Pathology,MIX,HS,MIX/H0092.wav
train/MIX_segmented/H0092_seg_2.wav,1,Pathology,MIX,HS,MIX/H0092.wav
train/MIX_segmented/H0092_seg_3.wav,1,Pathology,MIX,HS,MIX/H0092.wav
train/MIX_segmented/H0092_seg_4.wav,1,Pathology,MIX,HS,MIX/H0092.wav
train/MIX_segmented/H0092_seg_5.wav,1,Pathology,MIX,HS,MIX/H0092.wav
train/MIX_segmented/H0092_seg_6.wav,1,Pathology,MIX,HS,MIX/H0092.wav
train/HS_segmented/M_MSM_RUSB_seg_0.wav,1,Pathology,HS,HS,HS/M_MSM_RUSB.wav
train/HS_segmented/M_MSM_RUSB_seg_1.wav,1,Pathology,HS,HS,HS/M_MSM_RUSB.wav
train/HS_segmented/M_MSM_RUSB_seg_2.wav,1,Pathology,HS,HS,HS/M_MSM_RUSB.wav
train/HS_segmented/M_MSM_RUSB_seg_3.wav,1,Pathology,HS,HS,HS/M_MSM_RUSB.wav
train/HS_segmented/M_MSM_RUSB_seg_4.wav,1,Pathology,HS,HS,HS/M_MSM_RUSB.wav
train/HS_segmented/M_MSM_RUSB_seg_5.wav,1,Pathology,HS,HS,HS/M_MSM_RUSB.wav
train/HS_segmented/M_MSM_RUSB_seg_6.wav,1,Pathology,HS,HS,HS/M_MSM_RUSB.wav
train/MIX_segmented/L0129_seg_0.wav,1,Pathology,MIX,LS,MIX/L0129.wav
train/MIX_segmented/L0129_seg_1.wav,1,Pathology,MIX,LS,MIX/L0129.wav
train/MIX_segmented/L0129_seg_2.wav,1,Pathology,MIX,LS,MIX/L0129.wav
train/MIX_segmented/L0129_seg_3.wav,1,Pathology,MIX,LS,MIX/L0129.wav
train/MIX_segmented/L0129_seg_4.wav,1,Pathology,MIX,LS,MIX/L0129.wav
train/MIX_segmented/L0129_seg_5.wav,1,Pathology,MIX,LS,MIX/L0129.wav
train/MIX_segmented/L0129_seg_6.wav,1,Pathology,MIX,LS,MIX/L0129.wav
train/MIX_segmented/H0097_seg_0.wav,1,Pathology,MIX,HS,MIX/H0097.wav
train/MIX_segmented/H0097_seg_1.wav,1,Pathology,MIX,HS,MIX/H0097.wav
train/MIX_segmented/H0097_seg_2.wav,1,Pathology,MIX,HS,MIX/H0097.wav
train/MIX_segmented/H0097_seg_3.wav,1,Pathology,MIX,HS,MIX/H0097.wav
train/MIX_segmented/H0097_seg_4.wav,1,Pathology,MIX,HS,MIX/H0097.wav
train/MIX_segmented/H0097_seg_5.wav,1,Pathology,MIX,HS,MIX/H0097.wav
train/MIX_segmented/H0097_seg_6.wav,1,Pathology,MIX,HS,MIX/H0097.wav
train/LS_segmented/F_N_LLA_seg_0.wav,0,Normal,LS,LS,LS/F_N_LLA.wav
train/LS_segmented/F_N_LLA_seg_1.wav,0,Normal,LS,LS,LS/F_N_LLA.wav
train/LS_segmented/F_N_LLA_seg_2.wav,0,Normal,LS,LS,LS/F_N_LLA.wav
train/LS_segmented/F_N_LLA_seg_3.wav,0,Normal,LS,LS,LS/F_N_LLA.wav
train/LS_segmented/F_N_LLA_seg_4.wav,0,Normal,LS,LS,LS/F_N_LLA.wav
train/LS_segmented/F_N_LLA_seg_5.wav,0,Normal,LS,LS,LS/F_N_LLA.wav
train/LS_segmented/F_N_LLA_seg_6.wav,0,Normal,LS,LS,LS/F_N_LLA.wav
train/LS_segmented/F_N_LLA_seg_7.wav,0,Normal,LS,LS,LS/F_N_LLA.wav
train/LS_segmented/F_N_LLA_seg_8.wav,0,Normal,LS,LS,LS/F_N_LLA.wav
train/LS_segmented/F_N_LLA_seg_9.wav,0,Normal,LS,LS,LS/F_N_LLA.wav
train/LS_segmented/F_N_LLA_seg_10.wav,0,Normal,LS,LS,LS/F_N_LLA.wav
train/LS_segmented/F_N_LLA_seg_11.wav,0,Normal,LS,LS,LS/F_N_LLA.wav
train/LS_segmented/F_N_LLA_seg_12.wav,0,Normal,LS,LS,LS/F_N_LLA.wav
train/LS_segmented/F_N_LLA_seg_13.wav,0,Normal,LS,LS,LS/F_N_LLA.wav
train/LS_segmented/F_N_LLA_seg_14.wav,0,Normal,LS,LS,LS/F_N_LLA.wav
train/LS_segmented/F_N_LLA_seg_15.wav,0,Normal,LS,LS,LS/F_N_LLA.wav
train/LS_segmented/F_N_LLA_seg_16.wav,0,Normal,LS,LS,LS/F_N_LLA.wav
train/LS_segmented/F_N_LLA_seg_17.wav,0,Normal,LS,LS,LS/F_N_LLA.wav
train/LS_segmented/F_N_LLA_seg_18.wav,0,Normal,LS,LS,LS/F_N_LLA.wav
train/LS_segmented/F_N_LLA_seg_19.wav,0,Normal,LS,LS,LS/F_N_LLA.wav
train/LS_segmented/F_N_LLA_seg_20.wav,0,Normal,LS,LS,LS/F_N_LLA.wav
train/LS_segmented/F_N_LLA_seg_21.wav,0,Normal,LS,LS,LS/F_N_LLA.wav
train/LS_segmented/F_N_LLA_seg_22.wav,0,Normal,LS,LS,LS/F_N_LLA.wav
train/LS_segmented/F_N_LLA_seg_23.wav,0,Normal,LS,LS,LS/F_N_LLA.wav
train/LS_segmented/F_N_LLA_seg_24.wav,0,Normal,LS,LS,LS/F_N_LLA.wav
train/LS_segmented/F_N_LLA_seg_25.wav,0,Normal,LS,LS,LS/F_N_LLA.wav
train/LS_segmented/F_N_LLA_seg_26.wav,0,Normal,LS,LS,LS/F_N_LLA.wav
train/MIX_segmented/H0072_seg_0.wav,1,Pathology,MIX,HS,MIX/H0072.wav
train/MIX_segmented/H0072_seg_1.wav,1,Pathology,MIX,HS,MIX/H0072.wav
train/MIX_segmented/H0072_seg_2.wav,1,Pathology,MIX,HS,MIX/H0072.wav
train/MIX_segmented/H0072_seg_3.wav,1,Pathology,MIX,HS,MIX/H0072.wav
train/MIX_segmented/H0072_seg_4.wav,1,Pathology,MIX,HS,MIX/H0072.wav
train/MIX_segmented/H0072_seg_5.wav,1,Pathology,MIX,HS,MIX/H0072.wav
train/MIX_segmented/H0072_seg_6.wav,1,Pathology,MIX,HS,MIX/H0072.wav
train/MIX_segmented/H0044_seg_0.wav,0,Normal,MIX,HS,MIX/H0044.wav
train/MIX_segmented/H0044_seg_1.wav,0,Normal,MIX,HS,MIX/H0044.wav
train/MIX_segmented/H0044_seg_2.wav,0,Normal,MIX,HS,MIX/H0044.wav
train/MIX_segmented/H0044_seg_3.wav,0,Normal,MIX,HS,MIX/H0044.wav
train/MIX_segmented/H0044_seg_4.wav,0,Normal,MIX,HS,MIX/H0044.wav
train/MIX_segmented/H0044_seg_5.wav,0,Normal,MIX,HS,MIX/H0044.wav
train/MIX_segmented/H0044_seg_6.wav,0,Normal,MIX,HS,MIX/H0044.wav
train/MIX_segmented/H0044_seg_7.wav,0,Normal,MIX,HS,MIX/H0044.wav
train/MIX_segmented/H0044_seg_8.wav,0,Normal,MIX,HS,MIX/H0044.wav
train/MIX_segmented/H0044_seg_9.wav,0,Normal,MIX,HS,MIX/H0044.wav
train/MIX_segmented/H0044_seg_10.wav,0,Normal,MIX,HS,MIX/H0044.wav
train/MIX_segmented/H0044_seg_11.wav,0,Normal,MIX,HS,MIX/H0044.wav
train/MIX_segmented/H0044_seg_12.wav,0,Normal,MIX,HS,MIX/H0044.wav
train/MIX_segmented/H0044_seg_13.wav,0,Normal,MIX,HS,MIX/H0044.wav
train/MIX_segmented/H0044_seg_14.wav,0,Normal,MIX,HS,MIX/H0044.wav
train/MIX_segmented/H0044_seg_15.wav,0,Normal,MIX,HS,MIX/H0044.wav
train/MIX_segmented/H0044_seg_16.wav,0,Normal,MIX,HS,MIX/H0044.wav
train/MIX_segmented/H0044_seg_17.wav,0,Normal,MIX,HS,MIX/H0044.wav
train/MIX_segmented/H0044_seg_18.wav,0,Normal,MIX,HS,MIX/H0044.wav
train/MIX_segmented/H0044_seg_19.wav,0,Normal,MIX,HS,MIX/H0044.wav
train/MIX_segmented/H0044_seg_20.wav,0,Normal,MIX,HS,MIX/H0044.wav
train/MIX_segmented/H0044_seg_21.wav,0,Normal,MIX,HS,MIX/H0044.wav
train/MIX_segmented/H0044_seg_22.wav,0,Normal,MIX,HS,MIX/H0044.wav
train/MIX_segmented/H0044_seg_23.wav,0,Normal,MIX,HS,MIX/H0044.wav
train/MIX_segmented/H0044_seg_24.wav,0,Normal,MIX,HS,MIX/H0044.wav
train/MIX_segmented/H0044_seg_25.wav,0,Normal,MIX,HS,MIX/H0044.wav
train/MIX_segmented/H0044_seg_26.wav,0,Normal,MIX,HS,MIX/H0044.wav
train/LS_segmented/M_R_RUA_seg_0.wav,1,Pathology,LS,LS,LS/M_R_RUA.wav
train/LS_segmented/M_R_RUA_seg_1.wav,1,Pathology,LS,LS,LS/M_R_RUA.wav
train/LS_segmented/M_R_RUA_seg_2.wav,1,Pathology,LS,LS,LS/M_R_RUA.wav
train/LS_segmented/M_R_RUA_seg_3.wav,1,Pathology,LS,LS,LS/M_R_RUA.wav
train/LS_segmented/M_R_RUA_seg_4.wav,1,Pathology,LS,LS,LS/M_R_RUA.wav
train/LS_segmented/M_R_RUA_seg_5.wav,1,Pathology,LS,LS,LS/M_R_RUA.wav
train/LS_segmented/M_R_RUA_seg_6.wav,1,Pathology,LS,LS,LS/M_R_RUA.wav
train/MIX_segmented/L0030_seg_0.wav,1,Pathology,MIX,LS,MIX/L0030.wav
train/MIX_segmented/L0030_seg_1.wav,1,Pathology,MIX,LS,MIX/L0030.wav
train/MIX_segmented/L0030_seg_2.wav,1,Pathology,MIX,LS,MIX/L0030.wav
train/MIX_segmented/L0030_seg_3.wav,1,Pathology,MIX,LS,MIX/L0030.wav
train/MIX_segmented/L0030_seg_4.wav,1,Pathology,MIX,LS,MIX/L0030.wav
train/MIX_segmented/L0030_seg_5.wav,1,Pathology,MIX,LS,MIX/L0030.wav
train/MIX_segmented/L0030_seg_6.wav,1,Pathology,MIX,LS,MIX/L0030.wav
train/HS_segmented/M_LSM_RUSB_seg_0.wav,1,Pathology,HS,HS,HS/M_LSM_RUSB.wav
train/HS_segmented/M_LSM_RUSB_seg_1.wav,1,Pathology,HS,HS,HS/M_LSM_RUSB.wav
train/HS_segmented/M_LSM_RUSB_seg_2.wav,1,Pathology,HS,HS,HS/M_LSM_RUSB.wav
train/HS_segmented/M_LSM_RUSB_seg_3.wav,1,Pathology,HS,HS,HS/M_LSM_RUSB.wav
train/HS_segmented/M_LSM_RUSB_seg_4.wav,1,Pathology,HS,HS,HS/M_LSM_RUSB.wav
train/HS_segmented/M_LSM_RUSB_seg_5.wav,1,Pathology,HS,HS,HS/M_LSM_RUSB.wav
train/HS_segmented/M_LSM_RUSB_seg_6.wav,1,Pathology,HS,HS,HS/M_LSM_RUSB.wav
train/HS_segmented/M_AVB_A_seg_0.wav,1,Pathology,HS,HS,HS/M_AVB_A.wav
train/HS_segmented/M_AVB_A_seg_1.wav,1,Pathology,HS,HS,HS/M_AVB_A.wav
train/HS_segmented/M_AVB_A_seg_2.wav,1,Pathology,HS,HS,HS/M_AVB_A.wav
train/HS_segmented/M_AVB_A_seg_3.wav,1,Pathology,HS,HS,HS/M_AVB_A.wav
train/HS_segmented/M_AVB_A_seg_4.wav,1,Pathology,HS,HS,HS/M_AVB_A.wav
train/HS_segmented/M_AVB_A_seg_5.wav,1,Pathology,HS,HS,HS/M_AVB_A.wav
train/HS_segmented/M_AVB_A_seg_6.wav,1,Pathology,HS,HS,HS/M_AVB_A.wav
train/HS_segmented/F_T_RC_seg_0.wav,1,Pathology,HS,HS,HS/F_T_RC.wav
train/HS_segmented/F_T_RC_seg_1.wav,1,Pathology,HS,HS,HS/F_T_RC.wav
train/HS_segmented/F_T_RC_seg_2.wav,1,Pathology,HS,HS,HS/F_T_RC.wav
train/HS_segmented/F_T_RC_seg_3.wav,1,Pathology,HS,HS,HS/F_T_RC.wav
train/HS_segmented/F_T_RC_seg_4.wav,1,Pathology,HS,HS,HS/F_T_RC.wav
train/HS_segmented/F_T_RC_seg_5.wav,1,Pathology,HS,HS,HS/F_T_RC.wav
train/HS_segmented/F_T_RC_seg_6.wav,1,Pathology,HS,HS,HS/F_T_RC.wav
train/MIX_segmented/H0036_seg_0.wav,1,Pathology,MIX,HS,MIX/H0036.wav
train/MIX_segmented/H0036_seg_1.wav,1,Pathology,MIX,HS,MIX/H0036.wav
train/MIX_segmented/H0036_seg_2.wav,1,Pathology,MIX,HS,MIX/H0036.wav
train/MIX_segmented/H0036_seg_3.wav,1,Pathology,MIX,HS,MIX/H0036.wav
train/MIX_segmented/H0036_seg_4.wav,1,Pathology,MIX,HS,MIX/H0036.wav
train/MIX_segmented/H0036_seg_5.wav,1,Pathology,MIX,HS,MIX/H0036.wav
train/MIX_segmented/H0036_seg_6.wav,1,Pathology,MIX,HS,MIX/H0036.wav
train/MIX_segmented/H0022_seg_0.wav,1,Pathology,MIX,HS,MIX/H0022.wav
train/MIX_segmented/H0022_seg_1.wav,1,Pathology,MIX,HS,MIX/H0022.wav
train/MIX_segmented/H0022_seg_2.wav,1,Pathology,MIX,HS,MIX/H0022.wav
train/MIX_segmented/H0022_seg_3.wav,1,Pathology,MIX,HS,MIX/H0022.wav
train/MIX_segmented/H0022_seg_4.wav,1,Pathology,MIX,HS,MIX/H0022.wav
train/MIX_segmented/H0022_seg_5.wav,1,Pathology,MIX,HS,MIX/H0022.wav
train/MIX_segmented/H0022_seg_6.wav,1,Pathology,MIX,HS,MIX/H0022.wav
train/MIX_segmented/H0106_seg_0.wav,0,Normal,MIX,HS,MIX/H0106.wav
train/MIX_segmented/H0106_seg_1.wav,0,Normal,MIX,HS,MIX/H0106.wav
train/MIX_segmented/H0106_seg_2.wav,0,Normal,MIX,HS,MIX/H0106.wav
train/MIX_segmented/H0106_seg_3.wav,0,Normal,MIX,HS,MIX/H0106.wav
train/MIX_segmented/H0106_seg_4.wav,0,Normal,MIX,HS,MIX/H0106.wav
train/MIX_segmented/H0106_seg_5.wav,0,Normal,MIX,HS,MIX/H0106.wav
train/MIX_segmented/H0106_seg_6.wav,0,Normal,MIX,HS,MIX/H0106.wav
train/MIX_segmented/H0106_seg_7.wav,0,Normal,MIX,HS,MIX/H0106.wav
train/MIX_segmented/H0106_seg_8.wav,0,Normal,MIX,HS,MIX/H0106.wav
train/MIX_segmented/H0106_seg_9.wav,0,Normal,MIX,HS,MIX/H0106.wav
train/MIX_segmented/H0106_seg_10.wav,0,Normal,MIX,HS,MIX/H0106.wav
train/MIX_segmented/H0106_seg_11.wav,0,Normal,MIX,HS,MIX/H0106.wav
train/MIX_segmented/H0106_seg_12.wav,0,Normal,MIX,HS,MIX/H0106.wav
train/MIX_segmented/H0106_seg_13.wav,0,Normal,MIX,HS,MIX/H0106.wav
train/MIX_segmented/H0106_seg_14.wav,0,Normal,MIX,HS,MIX/H0106.wav
train/MIX_segmented/H0106_seg_15.wav,0,Normal,MIX,HS,MIX/H0106.wav
train/MIX_segmented/H0106_seg_16.wav,0,Normal,MIX,HS,MIX/H0106.wav
train/MIX_segmented/H0106_seg_17.wav,0,Normal,MIX,HS,MIX/H0106.wav
train/MIX_segmented/H0106_seg_18.wav,0,Normal,MIX,HS,MIX/H0106.wav
train/MIX_segmented/H0106_seg_19.wav,0,Normal,MIX,HS,MIX/H0106.wav
train/MIX_segmented/H0106_seg_20.wav,0,Normal,MIX,HS,MIX/H0106.wav
train/MIX_segmented/H0106_seg_21.wav,0,Normal,MIX,HS,MIX/H0106.wav
train/MIX_segmented/H0106_seg_22.wav,0,Normal,MIX,HS,MIX/H0106.wav
train/MIX_segmented/H0106_seg_23.wav,0,Normal,MIX,HS,MIX/H0106.wav
train/MIX_segmented/H0106_seg_24.wav,0,Normal,MIX,HS,MIX/H0106.wav
train/MIX_segmented/H0106_seg_25.wav,0,Normal,MIX,HS,MIX/H0106.wav
train/MIX_segmented/H0106_seg_26.wav,0,Normal,MIX,HS,MIX/H0106.wav
train/MIX_segmented/L0119_seg_0.wav,1,Pathology,MIX,LS,MIX/L0119.wav
train/MIX_segmented/L0119_seg_1.wav,1,Pathology,MIX,LS,MIX/L0119.wav
train/MIX_segmented/L0119_seg_2.wav,1,Pathology,MIX,LS,MIX/L0119.wav
train/MIX_segmented/L0119_seg_3.wav,1,Pathology,MIX,LS,MIX/L0119.wav
train/MIX_segmented/L0119_seg_4.wav,1,Pathology,MIX,LS,MIX/L0119.wav
train/MIX_segmented/L0119_seg_5.wav,1,Pathology,MIX,LS,MIX/L0119.wav
train/MIX_segmented/L0119_seg_6.wav,1,Pathology,MIX,LS,MIX/L0119.wav
train/MIX_segmented/L0061_seg_0.wav,1,Pathology,MIX,LS,MIX/L0061.wav
train/MIX_segmented/L0061_seg_1.wav,1,Pathology,MIX,LS,MIX/L0061.wav
train/MIX_segmented/L0061_seg_2.wav,1,Pathology,MIX,LS,MIX/L0061.wav
train/MIX_segmented/L0061_seg_3.wav,1,Pathology,MIX,LS,MIX/L0061.wav
train/MIX_segmented/L0061_seg_4.wav,1,Pathology,MIX,LS,MIX/L0061.wav
train/MIX_segmented/L0061_seg_5.wav,1,Pathology,MIX,LS,MIX/L0061.wav
train/MIX_segmented/L0061_seg_6.wav,1,Pathology,MIX,LS,MIX/L0061.wav
train/LS_segmented/F_N_LUA_seg_0.wav,0,Normal,LS,LS,LS/F_N_LUA.wav
train/LS_segmented/F_N_LUA_seg_1.wav,0,Normal,LS,LS,LS/F_N_LUA.wav
train/LS_segmented/F_N_LUA_seg_2.wav,0,Normal,LS,LS,LS/F_N_LUA.wav
train/LS_segmented/F_N_LUA_seg_3.wav,0,Normal,LS,LS,LS/F_N_LUA.wav
train/LS_segmented/F_N_LUA_seg_4.wav,0,Normal,LS,LS,LS/F_N_LUA.wav
train/LS_segmented/F_N_LUA_seg_5.wav,0,Normal,LS,LS,LS/F_N_LUA.wav
train/LS_segmented/F_N_LUA_seg_6.wav,0,Normal,LS,LS,LS/F_N_LUA.wav
train/LS_segmented/F_N_LUA_seg_7.wav,0,Normal,LS,LS,LS/F_N_LUA.wav
train/LS_segmented/F_N_LUA_seg_8.wav,0,Normal,LS,LS,LS/F_N_LUA.wav
train/LS_segmented/F_N_LUA_seg_9.wav,0,Normal,LS,LS,LS/F_N_LUA.wav
train/LS_segmented/F_N_LUA_seg_10.wav,0,Normal,LS,LS,LS/F_N_LUA.wav
train/LS_segmented/F_N_LUA_seg_11.wav,0,Normal,LS,LS,LS/F_N_LUA.wav
train/LS_segmented/F_N_LUA_seg_12.wav,0,Normal,LS,LS,LS/F_N_LUA.wav
train/LS_segmented/F_N_LUA_seg_13.wav,0,Normal,LS,LS,LS/F_N_LUA.wav
train/LS_segmented/F_N_LUA_seg_14.wav,0,Normal,LS,LS,LS/F_N_LUA.wav
train/LS_segmented/F_N_LUA_seg_15.wav,0,Normal,LS,LS,LS/F_N_LUA.wav
train/LS_segmented/F_N_LUA_seg_16.wav,0,Normal,LS,LS,LS/F_N_LUA.wav
train/LS_segmented/F_N_LUA_seg_17.wav,0,Normal,LS,LS,LS/F_N_LUA.wav
train/LS_segmented/F_N_LUA_seg_18.wav,0,Normal,LS,LS,LS/F_N_LUA.wav
train/LS_segmented/F_N_LUA_seg_19.wav,0,Normal,LS,LS,LS/F_N_LUA.wav
train/LS_segmented/F_N_LUA_seg_20.wav,0,Normal,LS,LS,LS/F_N_LUA.wav
train/LS_segmented/F_N_LUA_seg_21.wav,0,Normal,LS,LS,LS/F_N_LUA.wav
train/LS_segmented/F_N_LUA_seg_22.wav,0,Normal,LS,LS,LS/F_N_LUA.wav
train/LS_segmented/F_N_LUA_seg_23.wav,0,Normal,LS,LS,LS/F_N_LUA.wav
train/LS_segmented/F_N_LUA_seg_24.wav,0,Normal,LS,LS,LS/F_N_LUA.wav
train/LS_segmented/F_N_LUA_seg_25.wav,0,Normal,LS,LS,LS/F_N_LUA.wav
train/LS_segmented/F_N_LUA_seg_26.wav,0,Normal,LS,LS,LS/F_N_LUA.wav
train/MIX_segmented/H0071_seg_0.wav,1,Pathology,MIX,HS,MIX/H0071.wav
train/MIX_segmented/H0071_seg_1.wav,1,Pathology,MIX,HS,MIX/H0071.wav
train/MIX_segmented/H0071_seg_2.wav,1,Pathology,MIX,HS,MIX/H0071.wav
train/MIX_segmented/H0071_seg_3.wav,1,Pathology,MIX,HS,MIX/H0071.wav
train/MIX_segmented/H0071_seg_4.wav,1,Pathology,MIX,HS,MIX/H0071.wav
train/MIX_segmented/H0071_seg_5.wav,1,Pathology,MIX,HS,MIX/H0071.wav
train/MIX_segmented/H0071_seg_6.wav,1,Pathology,MIX,HS,MIX/H0071.wav
train/MIX_segmented/H0096_seg_0.wav,0,Normal,MIX,HS,MIX/H0096.wav
train/MIX_segmented/H0096_seg_1.wav,0,Normal,MIX,HS,MIX/H0096.wav
train/MIX_segmented/H0096_seg_2.wav,0,Normal,MIX,HS,MIX/H0096.wav
train/MIX_segmented/H0096_seg_3.wav,0,Normal,MIX,HS,MIX/H0096.wav
train/MIX_segmented/H0096_seg_4.wav,0,Normal,MIX,HS,MIX/H0096.wav
train/MIX_segmented/H0096_seg_5.wav,0,Normal,MIX,HS,MIX/H0096.wav
train/MIX_segmented/H0096_seg_6.wav,0,Normal,MIX,HS,MIX/H0096.wav
train/MIX_segmented/H0096_seg_7.wav,0,Normal,MIX,HS,MIX/H0096.wav
train/MIX_segmented/H0096_seg_8.wav,0,Normal,MIX,HS,MIX/H0096.wav
train/MIX_segmented/H0096_seg_9.wav,0,Normal,MIX,HS,MIX/H0096.wav
train/MIX_segmented/H0096_seg_10.wav,0,Normal,MIX,HS,MIX/H0096.wav
train/MIX_segmented/H0096_seg_11.wav,0,Normal,MIX,HS,MIX/H0096.wav
train/MIX_segmented/H0096_seg_12.wav,0,Normal,MIX,HS,MIX/H0096.wav
train/MIX_segmented/H0096_seg_13.wav,0,Normal,MIX,HS,MIX/H0096.wav
train/MIX_segmented/H0096_seg_14.wav,0,Normal,MIX,HS,MIX/H0096.wav
train/MIX_segmented/H0096_seg_15.wav,0,Normal,MIX,HS,MIX/H0096.wav
train/MIX_segmented/H0096_seg_16.wav,0,Normal,MIX,HS,MIX/H0096.wav
train/MIX_segmented/H0096_seg_17.wav,0,Normal,MIX,HS,MIX/H0096.wav
train/MIX_segmented/H0096_seg_18.wav,0,Normal,MIX,HS,MIX/H0096.wav
train/MIX_segmented/H0096_seg_19.wav,0,Normal,MIX,HS,MIX/H0096.wav
train/MIX_segmented/H0096_seg_20.wav,0,Normal,MIX,HS,MIX/H0096.wav
train/MIX_segmented/H0096_seg_21.wav,0,Normal,MIX,HS,MIX/H0096.wav
train/MIX_segmented/H0096_seg_22.wav,0,Normal,MIX,HS,MIX/H0096.wav
train/MIX_segmented/H0096_seg_23.wav,0,Normal,MIX,HS,MIX/H0096.wav
train/MIX_segmented/H0096_seg_24.wav,0,Normal,MIX,HS,MIX/H0096.wav
train/MIX_segmented/H0096_seg_25.wav,0,Normal,MIX,HS,MIX/H0096.wav
train/MIX_segmented/H0096_seg_26.wav,0,Normal,MIX,HS,MIX/H0096.wav
train/MIX_segmented/H0099_seg_0.wav,1,Pathology,MIX,HS,MIX/H0099.wav
train/MIX_segmented/H0099_seg_1.wav,1,Pathology,MIX,HS,MIX/H0099.wav
train/MIX_segmented/H0099_seg_2.wav,1,Pathology,MIX,HS,MIX/H0099.wav
train/MIX_segmented/H0099_seg_3.wav,1,Pathology,MIX,HS,MIX/H0099.wav
train/MIX_segmented/H0099_seg_4.wav,1,Pathology,MIX,HS,MIX/H0099.wav
train/MIX_segmented/H0099_seg_5.wav,1,Pathology,MIX,HS,MIX/H0099.wav
train/MIX_segmented/H0099_seg_6.wav,1,Pathology,MIX,HS,MIX/H0099.wav
train/MIX_segmented/H0040_seg_0.wav,1,Pathology,MIX,HS,MIX/H0040.wav
train/MIX_segmented/H0040_seg_1.wav,1,Pathology,MIX,HS,MIX/H0040.wav
train/MIX_segmented/H0040_seg_2.wav,1,Pathology,MIX,HS,MIX/H0040.wav
train/MIX_segmented/H0040_seg_3.wav,1,Pathology,MIX,HS,MIX/H0040.wav
train/MIX_segmented/H0040_seg_4.wav,1,Pathology,MIX,HS,MIX/H0040.wav
train/MIX_segmented/H0040_seg_5.wav,1,Pathology,MIX,HS,MIX/H0040.wav
train/MIX_segmented/H0040_seg_6.wav,1,Pathology,MIX,HS,MIX/H0040.wav
train/HS_segmented/F_MSM_LLSB_seg_0.wav,1,Pathology,HS,HS,HS/F_MSM_LLSB.wav
train/HS_segmented/F_MSM_LLSB_seg_1.wav,1,Pathology,HS,HS,HS/F_MSM_LLSB.wav
train/HS_segmented/F_MSM_LLSB_seg_2.wav,1,Pathology,HS,HS,HS/F_MSM_LLSB.wav
train/HS_segmented/F_MSM_LLSB_seg_3.wav,1,Pathology,HS,HS,HS/F_MSM_LLSB.wav
train/HS_segmented/F_MSM_LLSB_seg_4.wav,1,Pathology,HS,HS,HS/F_MSM_LLSB.wav
train/HS_segmented/F_MSM_LLSB_seg_5.wav,1,Pathology,HS,HS,HS/F_MSM_LLSB.wav
train/HS_segmented/F_MSM_LLSB_seg_6.wav,1,Pathology,HS,HS,HS/F_MSM_LLSB.wav
train/MIX_segmented/H0102_seg_0.wav,1,Pathology,MIX,HS,MIX/H0102.wav
train/MIX_segmented/H0102_seg_1.wav,1,Pathology,MIX,HS,MIX/H0102.wav
train/MIX_segmented/H0102_seg_2.wav,1,Pathology,MIX,HS,MIX/H0102.wav
train/MIX_segmented/H0102_seg_3.wav,1,Pathology,MIX,HS,MIX/H0102.wav
train/MIX_segmented/H0102_seg_4.wav,1,Pathology,MIX,HS,MIX/H0102.wav
train/MIX_segmented/H0102_seg_5.wav,1,Pathology,MIX,HS,MIX/H0102.wav
train/MIX_segmented/H0102_seg_6.wav,1,Pathology,MIX,HS,MIX/H0102.wav
train/MIX_segmented/H0054_seg_0.wav,1,Pathology,MIX,HS,MIX/H0054.wav
train/MIX_segmented/H0054_seg_1.wav,1,Pathology,MIX,HS,MIX/H0054.wav
train/MIX_segmented/H0054_seg_2.wav,1,Pathology,MIX,HS,MIX/H0054.wav
train/MIX_segmented/H0054_seg_3.wav,1,Pathology,MIX,HS,MIX/H0054.wav
train/MIX_segmented/H0054_seg_4.wav,1,Pathology,MIX,HS,MIX/H0054.wav
train/MIX_segmented/H0054_seg_5.wav,1,Pathology,MIX,HS,MIX/H0054.wav
train/MIX_segmented/H0054_seg_6.wav,1,Pathology,MIX,HS,MIX/H0054.wav
train/MIX_segmented/H0078_seg_0.wav,1,Pathology,MIX,HS,MIX/H0078.wav
train/MIX_segmented/H0078_seg_1.wav,1,Pathology,MIX,HS,MIX/H0078.wav
train/MIX_segmented/H0078_seg_2.wav,1,Pathology,MIX,HS,MIX/H0078.wav
train/MIX_segmented/H0078_seg_3.wav,1,Pathology,MIX,HS,MIX/H0078.wav
train/MIX_segmented/H0078_seg_4.wav,1,Pathology,MIX,HS,MIX/H0078.wav
train/MIX_segmented/H0078_seg_5.wav,1,Pathology,MIX,HS,MIX/H0078.wav
train/MIX_segmented/H0078_seg_6.wav,1,Pathology,MIX,HS,MIX/H0078.wav
train/MIX_segmented/L0112_seg_0.wav,1,Pathology,MIX,LS,MIX/L0112.wav
train/MIX_segmented/L0112_seg_1.wav,1,Pathology,MIX,LS,MIX/L0112.wav
train/MIX_segmented/L0112_seg_2.wav,1,Pathology,MIX,LS,MIX/L0112.wav
train/MIX_segmented/L0112_seg_3.wav,1,Pathology,MIX,LS,MIX/L0112.wav
train/MIX_segmented/L0112_seg_4.wav,1,Pathology,MIX,LS,MIX/L0112.wav
train/MIX_segmented/L0112_seg_5.wav,1,Pathology,MIX,LS,MIX/L0112.wav
train/MIX_segmented/L0112_seg_6.wav,1,Pathology,MIX,LS,MIX/L0112.wav
train/HS_segmented/F_N_LLSB_seg_0.wav,0,Normal,HS,HS,HS/F_N_LLSB.wav
train/HS_segmented/F_N_LLSB_seg_1.wav,0,Normal,HS,HS,HS/F_N_LLSB.wav
train/HS_segmented/F_N_LLSB_seg_2.wav,0,Normal,HS,HS,HS/F_N_LLSB.wav
train/HS_segmented/F_N_LLSB_seg_3.wav,0,Normal,HS,HS,HS/F_N_LLSB.wav
train/HS_segmented/F_N_LLSB_seg_4.wav,0,Normal,HS,HS,HS/F_N_LLSB.wav
train/HS_segmented/F_N_LLSB_seg_5.wav,0,Normal,HS,HS,HS/F_N_LLSB.wav
train/HS_segmented/F_N_LLSB_seg_6.wav,0,Normal,HS,HS,HS/F_N_LLSB.wav
train/HS_segmented/F_N_LLSB_seg_7.wav,0,Normal,HS,HS,HS/F_N_LLSB.wav
train/HS_segmented/F_N_LLSB_seg_8.wav,0,Normal,HS,HS,HS/F_N_LLSB.wav
train/HS_segmented/F_N_LLSB_seg_9.wav,0,Normal,HS,HS,HS/F_N_LLSB.wav
train/HS_segmented/F_N_LLSB_seg_10.wav,0,Normal,HS,HS,HS/F_N_LLSB.wav
train/HS_segmented/F_N_LLSB_seg_11.wav,0,Normal,HS,HS,HS/F_N_LLSB.wav
train/HS_segmented/F_N_LLSB_seg_12.wav,0,Normal,HS,HS,HS/F_N_LLSB.wav
train/HS_segmented/F_N_LLSB_seg_13.wav,0,Normal,HS,HS,HS/F_N_LLSB.wav
train/HS_segmented/F_N_LLSB_seg_14.wav,0,Normal,HS,HS,HS/F_N_LLSB.wav
train/HS_segmented/F_N_LLSB_seg_15.wav,0,Normal,HS,HS,HS/F_N_LLSB.wav
train/HS_segmented/F_N_LLSB_seg_16.wav,0,Normal,HS,HS,HS/F_N_LLSB.wav
train/HS_segmented/F_N_LLSB_seg_17.wav,0,Normal,HS,HS,HS/F_N_LLSB.wav
train/HS_segmented/F_N_LLSB_seg_18.wav,0,Normal,HS,HS,HS/F_N_LLSB.wav
train/HS_segmented/F_N_LLSB_seg_19.wav,0,Normal,HS,HS,HS/F_N_LLSB.wav
train/HS_segmented/F_N_LLSB_seg_20.wav,0,Normal,HS,HS,HS/F_N_LLSB.wav
train/HS_segmented/F_N_LLSB_seg_21.wav,0,Normal,HS,HS,HS/F_N_LLSB.wav
train/HS_segmented/F_N_LLSB_seg_22.wav,0,Normal,HS,HS,HS/F_N_LLSB.wav
train/HS_segmented/F_N_LLSB_seg_23.wav,0,Normal,HS,HS,HS/F_N_LLSB.wav
train/HS_segmented/F_N_LLSB_seg_24.wav,0,Normal,HS,HS,HS/F_N_LLSB.wav
train/HS_segmented/F_N_LLSB_seg_25.wav,0,Normal,HS,HS,HS/F_N_LLSB.wav
train/HS_segmented/F_N_LLSB_seg_26.wav,0,Normal,HS,HS,HS/F_N_LLSB.wav
